mat,desc,kind,cls_why,cls_unc,category,link_status,n,docs,total,n_2022,n_2023,n_2024,total_2022,total_2023,total_2024,min,median,max,mode,mode_2022,mode_2023,mode_2024,n_prices,prices,regulation,pricelist_2024,pricelist_2025,protocols,price_check,link_note
8004037,שעת עבודה לפי תקנות המודדים-אגרות,שעות עבודה לפי תקנות,חיוב לפי שעות עבודה בתעריף תקנות המדידות (אגרות) 1977,,אגרות לפי תקנות,תקנות בלבד,3558,3544,19666981.6,1035,1301,1222,5213520.73,7593726.05,6859734.82,0.56,3588.0,442658.08,288.72,288.72,2496.0,856.0,930,288.72×42; 3691.5×34; 2935.32×33; 856×31; 2887.2×27; 3531×27; 2983.44×26; 3477.5×25; 3798.5×24; 3356.6×23; 3638×23; 3103×23 …,"תקנות המדידות (אגרות), התשל""ז-1977 (שעת עבודה)",,,,תואם לתעריף התקנות שבתוקף באותו חודש: 81%; לתעריף תקנות כלשהו (כולל עיכוב בעדכון): 99%,"חיוב ביחידות של חצי שעה לפי התעריף בתקנות; מ-9/2024 מק""ט חדש 8011150 בתעריף 243"
41013001,טופס מפה בהתאמה אישית,שירות / עבודה / הוצאה ישירה,"הפקה לפי הזמנה: הדפסה, הגדלה, סריקה או העתקה",מפה שהלקוח מרכיב באתר ומודפסת; העבודה היא הדפסה בלבד,מפות מודפסות ואטלסים,מחירון בלבד,15387,15381,2641868.0,6175,4337,4875,1061270.0,743718.0,836880.0,1.0,170.0,540.0,170.0,170.0,170.0,170.0,8,170×14870; 200×252; 160×167; 540×36; 245×29; 340×20; 350×10; 1×3,,"עמ' 44: מפה בהתאמה אישית | A4 (21X30 ס""מ) - עם אורתופוטו = 170; עמ' 44: מפה בהתאמה אישית | A4 (21X30 ס""מ) - ללא אורתופוטו = 160; עמ' 44: מפה בהתאמה אישית | A3 (30X42 ס""מ) - עם אורתופוטו = 200; עמ' 44: מפה בהתאמה אישית | A3 (30X42 ס""מ) - ללא אורתופוטו = 170; עמ' 44: מפה בהתאמה אישית | A2 (42X59 ס""מ) - עם אורתופוטו = 245; עמ' 44: מפה בהתאמה אישית | A2 (42X59 ס""מ) - ללא אורתופוטו = 200; עמ' 44: מפה בהתאמה אישית | A1 (59X84 ס""מ) - עם אורתופוטו = 340; עמ' 44: מפה בהתאמה אישית | A1 (59X84 ס""מ) - ללא אורתופוטו = 250; עמ' 44: מפה בהתאמה אישית | A0 (84X119 ס""מ) - עם אורתופוטו = 540; עמ' 44: מפה בהתאמה אישית | A0 (84X119 ס""מ) - ללא אורתופוטו = 350","עמ' 43: A4 (21X30 ס""מ) - עם אורתופוטו = 170; עמ' 43: A4 (21X30 ס""מ) - ללא אורתופוטו = 160; עמ' 43: A3 (30X42 ס""מ) - עם אורתופוטו = 200; עמ' 43: A3 (30X42 ס""מ) - ללא אורתופוטו = 170; עמ' 43: A2 (42X59 ס""מ) - עם אורתופוטו = 245; עמ' 43: A2 (42X59 ס""מ) - ללא אורתופוטו = 200; עמ' 43: A1 (59X84 ס""מ) - עם אורתופוטו = 340; עמ' 43: A1 (59X84 ס""מ) - ללא אורתופוטו = 250; עמ' 43: A0 (84X119 ס""מ) - עם אורתופוטו = 540; עמ' 43: A0 (84X119 ס""מ) - ללא אורתופוטו = 350",,100% מהשורות = מחיר מקושר (או כפולה שלמה שלו); ב-2024: 100%,
44435001,אגרת מודד מבקר,שירות / עבודה / הוצאה ישירה,"ביקורת תצ""ר ורישום: עבודה מקצועית לכל תכנית",,מודד מבקר / אגרות מודדים,מחירון + פרוטוקול,1144,1144,2021950.0,0,492,652,0.0,944900.0,1077050.0,950.0,1150.0,11500.0,1100.0,,1100.0,1150.0,63,1100×350; 1150×291; 1700×80; 950×77; 1000×75; 1600×58; 2200×19; 2300×14; 2850×14; 3200×13; 2700×11; 3800×8 …,,עמ' 46: אגרת ביקורת במסלול מודד מבקר | מודד מבקר רישום ראשוני = 1000; עמ' 46: אגרת ביקורת במסלול מודד מבקר | מודד מבקר עד 10 חלקות = 1150; עמ' 46: אגרת ביקורת במסלול מודד מבקר | מודד מבקר עד 50 חלקות = 1700; עמ' 46: אגרת ביקורת במסלול מודד מבקר | מודד מבקר עד 100 חלקות = 2200,עמ' 45: מודד מבקר רישום ראשוני = 1000; עמ' 45: מודד מבקר עד 10 חלקות = 1150; עמ' 45: מודד מבקר עד 50 חלקות = 1700; עמ' 45: מודד מבקר עד 100 חלקות = 2200,"2022-08-29: מודד מבקר רישום ראשוני (מק""ט 8003444) | ביקורת תצ""ר = 950; 2022-08-29: מודד מבקר עד 10 חלקות (מק""ט 8003445) | ביקורת תצ""ר = 1100; 2022-08-29: מודד מבקר עד 50 חלקות (מק""ט 8003446) | ביקורת תצ""ר = 1600; 2022-08-29: מודד מבקר עד 100 חלקות (מק""ט 8003447) | ביקורת תצ""ר = 2100",93% מהשורות = מחיר מקושר (או כפולה שלמה שלו); ב-2024: 95%,"מק""ט מאוחד; מחירי 2024 (1000/1150/1700/2200) הם כנראה תוצאת ההצמדה: פרוטוקול 29.8.22 אישר גם הצמדה שנתית למדד בכל ינואר (החל מ-16.2.2023); חישוב ההצמדה לא נמסר"
44437001,"מוצרי ארכיון תצ""א",מוצר מדף מוכן,קובץ תצלום אוויר קיים בארכיון,,תצלומי אוויר (ארכיון),מחירון + פרוטוקול,2031,2031,1695803.0,0,627,1404,0.0,490268.0,1205535.0,39.0,450.0,12950.0,450.0,,450.0,450.0,164,450×742; 350×166; 700×128; 235×80; 1700×70; 650×64; 900×62; 500×48; 470×38; 1050×34; 1350×31; 1500×31 …,,"עמ' 4: הגדלה מודפסת מקומית של תצ""א שחור-לבן | נייר 50 ס""מ X 50 ס""מ = 500; עמ' 4: הגדלה מודפסת מקומית של תצ""א שחור-לבן | נייר 1 מטר X 1 מטר = 550; עמ' 5: הגדלה דיגיטלית מקומית של תצ""א שחור-לבן | קובץ PDF = 450; עמ' 6: הגדלה מודפסת מקומית של תצ""א צבעוני (החל מ-2017) | נייר 50 ס""מ X 50 ס""מ = 585; עמ' 6: הגדלה מודפסת מקומית של תצ""א צבעוני (החל מ-2017) | נייר 1 מטר X 1 מטר = 600; עמ' 7: הגדלה דיגיטלית מקומית של תצ""א צבעוני (החל מ-2017) | קובץ PDF = 500; עמ' 8: קובץ תמונה (TIF) של תצלום אוויר שחור-לבן | רזולוציה גבוהה (2,100 dpi) = 350; עמ' 8: קובץ תמונה (TIF) של תצלום אוויר שחור-לבן | רזולוציה בינונית (1,200 dpi) = 235; עמ' 9: קובץ תמונה (TIF) של תצלום אוויר צבעוני (החל מ-2017) | תצלום אוויר צבעוני = 350; עמ' 10: מוצר משולב של תצ""א שחור-לבן + הגדלה | תצלום אוויר ברזולוציה גבוהה (2,100 dpi) + הגדלה דיגיטלית מקומית של תצ""א שחור-לבן = 650; עמ' 11: מוצר משולב של תצ""א צבעוני + הגדלה | תצלום אוויר צבעוני + הגדלה דיגיטלית מקומית של תצ""א צבעוני = 750","עמ' 4: נייר 50 ס""מ X 50 ס""מ = 500; עמ' 4: נייר 1 מטר X 1 מטר = 550; עמ' 5: קובץ PDF = 450; עמ' 6: נייר 50 ס""מ X 50 ס""מ = 585; עמ' 6: נייר 1 מטר X 1 מטר = 600; עמ' 7: קובץ PDF = 500; עמ' 8: רזולוציה גבוהה (2,100 dpi) = 350; עמ' 8: רזולוציה בינונית (1,200 dpi) = 235; עמ' 9: תצלום אוויר צבעוני = 350; עמ' 10: תצלום אוויר ברזולוציה גבוהה (2,100 dpi) + הגדלה דיגיטלית מקומית של תצ""א שחור-לבן = 650; עמ' 11: תצלום אוויר צבעוני + הגדלה דיגיטלית מקומית של תצ""א צבעוני = 750","2023-05-03: תצלומי אוויר (תצ""א) (עדכון מחיר)",83% מהשורות = מחיר מקושר (או כפולה שלמה שלו); ב-2024: 82%,"מק""ט מאוחד לכל מוצרי הארכיון"
8006243,מיפוי ימי,מוצר מדף מוכן,"מוצרי מידע ימי קיימים (מק""ט כללי)","מק""ט כללי עם סכומים גבוהים; ייתכן שכולל עבודה",מיפוי ימי / בתימטריה,פרוטוקול בלבד,14,14,1562696.79,2,5,7,189050.18,712105.64,661540.97,684.93,76798.66,275601.58,188325.08,725.1,2550.33,684.93,14,188325×1; 725.1×1; 210356×1; 2550.33×1; 13597.3×1; 210000×1; 275602×1; 140000×1; 257654×1; 684.93×1; 9415.85×1; 1111.68×1 …,,,,"2020-08-16: קווי עומק (2,5,10,20,30,40,50,100,200, קפיצות של 100) | שכבת מידע - כיסוי ארצי = 19500; 2020-08-16: נתיבי הפלגה | שכבת מידע - כיסוי ארצי = 1150; 2020-08-16: עזרי ניווט (מצופים, אורות ותמרורים) | שכבת מידע - כיסוי ארצי = 15950; 2020-08-16: עזרי ניווט (מצופים, אורות ותמרורים) | שכבת מידע - לפי יחידה = 13; 2020-08-16: מכשולי ניווט ואניות טבועות | שכבת מידע - כיסוי ארצי = 39500; 2020-08-16: מכשולי ניווט ואניות טבועות | שכבת מידע - לפי יחידה = 160; 2020-08-16: תחומי נמלים | שכבת מידע - כיסוי ארצי = 2900; 2020-08-16: איזורי עגינה ומעגלי עגינה | שכבת מידע - כיסוי ארצי = 1950; 2020-08-16: סוג קרקעית | שכבת מידע - כיסוי ארצי = 7800; 2020-08-16: סוג קרקעית | שכבת מידע - לפי יחידה = 5; 2020-08-16: תיחומי תשתיות | שכבת מידע - כיסוי ארצי = 1950; 2020-08-16: מפה מעוגנת בקנ""מ 1:90,000, 1:22,000, 1:12,000 | רסטר - למפה = 400; 2020-08-16: מפת נייר (ימית) | למפה = 130; 2020-08-16: חבילה 1 - חבילה כוללת של שכבות מידע ממאגר NIS | חבילה = 68000; 2020-08-16: חבילה 2 - סט דיגיטלי של 13 מפות קנ""מ מפורט (4,000-12,000) | חבילה = 3900; 2020-08-16: חבילה 3 - סט דיגיטלי של 22 מפות קנ""מ 22,000 | חבילה = 6600; 2020-08-16: חבילה 4 - סט דיגיטלי של 3 מפות קנ""מ 90,000 | חבילה = 900; 2020-08-16: חבילה 5 - סט דיגיטלי של 38 מפות כל קני המידה בשטח מים ריבוניים | חבילה = 11400; 2020-08-16: מוצרי מיפוי ימי - גזירת נתונים | מחיר מינימום לכל מכירה שתדרוש גזירת נתונים = 400; 2020-08-16: מוצרי מיפוי ימי - רישיון נוסף (מדיניות); 2020-08-16: מוצרי מיפוי ימי - רישיון ארגוני (מדיניות)","לא ניתן לבדוק (מחיר לקמ""ר, אין שטח בנתוני המכירות)","מק""ט כללי; הסכומים (עד 275k) לא ניתנים לפירוק למוצרים"
8007783,"שעת עובד 1 – עבור רמ""י",שירות / עבודה / הוצאה ישירה,"שעות עבודה, שירות מדידה או הוצאה ישירה",,שעות עבודה ושירותים,ללא קישור,43,43,888151.11,15,14,14,293561.38,353739.26,240850.47,3372.96,20764.79,40475.53,20764.79,4996.2,3583.77,3372.96,42,20764.8×2; 21291.8×1; 22872.9×1; 31851.3×1; 35222.1×1; 32182.3×1; 8523.04×1; 19036.1×1; 7920.13×1; 28609×1; 8959.43×1; 4996.2×1 …,,,,,,
8005643,מוצר תנועה,מוצר מדף מוכן,שכבת מידע / קובץ דיגיטלי קיים,,שכבות ונתונים וקטוריים,מחירון בלבד,7,7,712764.0,1,4,2,128700.0,315783.0,268281.0,23751.0,115830.0,152451.0,152451.0,128700.0,23751.0,115830.0,4,152451×2; 23751×2; 115830×2; 128700×1,,"עמ' 34: בנט""ל - מערך נתוני תחבורה 1:2,500 | 1 קמ""ר (1000 דונם) = 60; עמ' 34: בנט""ל - מערך נתוני תחבורה 1:2,500 | כיסוי ארצי = 80000; עמ' 34: בנט""ל - מערך נתוני תחבורה 1:2,500 | כיסוי ארצי - רישיון ארגוני = 160000","עמ' 33: 1 קמ""ר (1000 דונם) = 60; עמ' 33: כיסוי ארצי = 80000; עמ' 33: כיסוי ארצי - רישיון ארגוני = 160000",,"לא ניתן לבדוק (מחיר לקמ""ר, אין שטח בנתוני המכירות)","קישור משוער (תחבורה); הסכומים 115,830-152,451 לא תואמים 80k/160k"
8011104,מודל פוטוריאליסטי (D3),מוצר מדף מוכן,שכבת מידע / קובץ דיגיטלי קיים,מודל תלת-ממדי; לא ברור אם קיים או מופק לפי הזמנה,שכבות ונתונים וקטוריים,ללא קישור,5,5,710549.0,0,0,5,0.0,0.0,710549.0,4000.5,163000.25,308547.75,308547.75,,,4000.5,5,308548×1; 163000×1; 9000.25×1; 226000×1; 4000.5×1,,,,,,
8007785,"שעת עובד 3 – עבור רמ""י",שירות / עבודה / הוצאה ישירה,"שעות עבודה, שירות מדידה או הוצאה ישירה",,שעות עבודה ושירותים,ללא קישור,45,45,649046.94,18,15,12,155670.77,256913.86,236462.31,1795.19,14837.38,26199.34,5766.52,1795.19,3876.43,15372.06,45,5766.52×1; 3424.63×1; 18425.1×1; 13432.5×1; 4320.21×1; 13937.8×1; 11733.6×1; 17759.4×1; 7017.68×1; 5527.25×1; 1795.19×1; 5612.8×1 …,,,,,,
8008090,עלות קבלן משנה,שירות / עבודה / הוצאה ישירה,"שעות עבודה, שירות מדידה או הוצאה ישירה",,שעות עבודה ושירותים,ללא קישור,22,22,594306.73,14,7,1,316885.77,211827.06,65593.9,7399.5,19427.475,65593.9,8336.25,7399.5,12495.02,65593.9,22,8336.25×1; 16694.9×1; 14071.1×1; 15210×1; 24277.5×1; 56395×1; 9871×1; 12998.4×1; 21695.4×1; 8626.6×1; 20566.3×1; 47965×1 …,,,,,,
8003445,מודד מבקר עד 10 חלקות,שירות / עבודה / הוצאה ישירה,"ביקורת תצ""ר ורישום: עבודה מקצועית לכל תכנית",,מודד מבקר / אגרות מודדים,מחירון + פרוטוקול,455,454,555600.0,331,122,2,371800.0,180400.0,3400.0,218.21,900.0,7700.0,900.0,900.0,1100.0,1100.0,14,900×239; 1100×156; 2200×19; 1800×14; 3300×8; 4400×5; 2700×4; 5500×3; 5400×2; 218.21×1; 681.79×1; 4500×1 …,,עמ' 46: אגרת ביקורת במסלול מודד מבקר | מודד מבקר עד 10 חלקות = 1150,עמ' 45: מודד מבקר עד 10 חלקות = 1150,"2022-08-29: מודד מבקר עד 10 חלקות (מק""ט 8003445) | ביקורת תצ""ר = 1100",42% מהשורות = מחיר מקושר (או כפולה שלמה שלו); ב-2024: 100%,פרוטוקול 29.8.22 אישר גם הצמדה שנתית למדד בכל ינואר (החל מ-16.2.2023); חישוב ההצמדה לא נמסר
8007784,"שעת עובד 2 – עבור  רמ""י",שירות / עבודה / הוצאה ישירה,"שעות עבודה, שירות מדידה או הוצאה ישירה",,שעות עבודה ושירותים,ללא קישור,30,30,533464.47,7,11,12,78327.48,238415.87,216721.12,2716.56,20374.2,27391.98,20374.2,2716.56,20374.2,6791.4,28,20374.2×2; 24675.4×2; 12450.9×1; 18638.6×1; 11319×1; 2716.56×1; 3773×1; 6338.64×1; 20525.1×1; 26561.9×1; 13809.2×1; 23090.8×1 …,,,,,,
8003974,הסכם רכישות  - תשלום שנתי,מוצר מדף מוכן,שכבת מידע / קובץ דיגיטלי קיים,הסכם שנתי; תוכן לא ידוע,שכבות ונתונים וקטוריים,ללא קישור,3,3,530000.0,0,1,2,0.0,106000.0,424000.0,106000.0,106000.0,318000.0,106000.0,,106000.0,106000.0,2,106000×2; 318000×1,,,,,,
721715,הגדלה דיגיטלית,שירות / עבודה / הוצאה ישירה,"הפקה לפי הזמנה: הדפסה, הגדלה, סריקה או העתקה",מסופק כקובץ PDF; ייתכן שזו הפקה אוטומטית,תצלומי אוויר (ארכיון),מחירון + פרוטוקול,1079,1079,486200.0,662,417,0,297160.0,189040.0,0.0,340.0,340.0,3740.0,340.0,340.0,340.0,,10,340×900; 680×100; 1020×34; 1360×21; 1700×14; 2040×4; 2720×2; 2380×2; 3060×1; 3740×1,,"עמ' 5: הגדלה דיגיטלית מקומית של תצ""א שחור-לבן | קובץ PDF = 450; עמ' 7: הגדלה דיגיטלית מקומית של תצ""א צבעוני (החל מ-2017) | קובץ PDF = 500",עמ' 5: קובץ PDF = 450; עמ' 7: קובץ PDF = 500,"2023-05-03: תצלומי אוויר (תצ""א) (עדכון מחיר)",0% מהשורות = מחיר מקושר (או כפולה שלמה שלו),נמכר ב-340/395 ב-2022-2023; מחירון 2024: 450/500
8004038,מקדמה לפרוייקט,שירות / עבודה / הוצאה ישירה,"שעות עבודה, שירות מדידה או הוצאה ישירה",מקדמה; ייתכן שהפרויקט עצמו הוא מוצר,שעות עבודה ושירותים,ללא קישור,40,40,475926.56,27,10,3,297851.66,177962.9,112.0,12.0,2100.0,130291.21,2100.0,2100.0,30.0,12.0,29,2100×8; 40×4; 80×2; 17590×1; 2518.12×1; 130291×1; 4953.37×1; 498.96×1; 1600×1; 800×1; 400×1; 30780×1 …,,,,,,
7220001,בנק דקות RTK,מוצר מדף מוכן,גישה לשירות קיים של רשת תחנות הקבע,שירות מתמשך של רשת תחנות קבע קיימת,RTK / VRS / תחנות קבע,ללא קישור,506,506,466024.0,340,166,0,306024.0,160000.0,0.0,2.0,683.0,6000.0,400.0,400.0,400.0,,124,400×137; 800×68; 1600×26; 1200×25; 2000×20; 600×18; 1000×13; 500×13; 200×13; 4000×9; 2400×9; 700×7 …,,,,,,
8011150,שעת עבודה לפי תקנות המודדים אגרות,שעות עבודה לפי תקנות,חיוב לפי שעות עבודה בתעריף תקנות המדידות (אגרות) 1977,,אגרות לפי תקנות,תקנות בלבד,104,104,465779.5,0,0,104,0.0,0.0,465779.5,243.0,3402.0,27702.0,243.0,,,243.0,57,243×7; 972×6; 2430×5; 729×4; 1944×4; 1215×3; 4860×3; 3402×3; 607.5×3; 364.5×3; 1458×3; 7654.5×3 …,"תקנות המדידות (אגרות), התשל""ז-1977 (שעת עבודה)",,,,תואם לתעריף התקנות שבתוקף באותו חודש: 95%; לתעריף תקנות כלשהו (כולל עיכוב בעדכון): 97%,"חיוב ביחידות של חצי שעה לפי התעריף בתקנות; מ-9/2024 מק""ט חדש 8011150 בתעריף 243"
8003973,זכויות יוצרים מתמלוגי יצרני ערך מוסף,מוצר מדף מוכן,רישיון שימוש בתוכן קיים,,זכויות יוצרים ותמלוגים,ללא קישור,40,40,455270.16,18,12,10,270658.35,111461.67,73150.14,25.0,2285.0,146815.35,50.0,25.0,28.4,50.0,38,50×2; 2500×2; 600×1; 25×1; 19125×1; 10250×1; 560.5×1; 146815×1; 960×1; 8975×1; 1310×1; 150×1 …,,,,,,
8003891,סריקה פוטוגרמטרית  תצלום מ 10-16 מיקרון,שירות / עבודה / הוצאה ישירה,"הפקה לפי הזמנה: הדפסה, הגדלה, סריקה או העתקה",,תצלומי אוויר (ארכיון),מחירון + פרוטוקול,281,280,403987.15,110,94,77,151887.03,137300.0,114800.12,175.0,810.0,20790.0,270.0,540.0,270.0,350.0,47,270×41; 540×34; 350×30; 700×23; 810×21; 1080×16; 1050×16; 1400×11; 1350×8; 1890×7; 1620×6; 2700×5 …,,"עמ' 8: קובץ תמונה (TIF) של תצלום אוויר שחור-לבן | רזולוציה גבוהה (2,100 dpi) = 350; עמ' 8: קובץ תמונה (TIF) של תצלום אוויר שחור-לבן | רזולוציה בינונית (1,200 dpi) = 235","עמ' 8: רזולוציה גבוהה (2,100 dpi) = 350; עמ' 8: רזולוציה בינונית (1,200 dpi) = 235","2023-05-03: תצלומי אוויר (תצ""א) (עדכון מחיר)",39% מהשורות = מחיר מקושר (או כפולה שלמה שלו); ב-2024: 97%,
721801,תעודת עובד ציבור לחיבור מבנים ישנים לחשמל,שירות / עבודה / הוצאה ישירה,הכנה וחתימה של תעודה/תצהיר על ידי עובד,,תעודות עובד ציבור,מחירון בלבד,250,250,375000.0,155,95,0,232500.0,142500.0,0.0,1500.0,1500.0,1500.0,1500.0,1500.0,1500.0,,1,1500×250,,עמ' 51: תעודת עובד ציבור לחיבור מבנה ישן לרשת החשמל | תעודה = 1700,עמ' 50: תעודה = 1700,,0% מהשורות = מחיר מקושר (או כפולה שלמה שלו),
8004290,אורתופוטו 0.25 A2,שירות / עבודה / הוצאה ישירה,הדפסת אורתופוטו בגודל נייר לפי הזמנה,,אורתופוטו,מחירון בלבד,5,5,370464.99,0,5,0,0.0,370464.99,0.0,26950.0,52675.0,156065.0,26950.0,,26950.0,,5,26950×1; 52675×1; 46501×1; 88274×1; 156065×1,,"עמ' 44: מפה בהתאמה אישית | A2 (42X59 ס""מ) - עם אורתופוטו = 245; עמ' 44: מפה בהתאמה אישית | A2 (42X59 ס""מ) - ללא אורתופוטו = 200","עמ' 43: A2 (42X59 ס""מ) - עם אורתופוטו = 245; עמ' 43: A2 (42X59 ס""מ) - ללא אורתופוטו = 200",,20% מהשורות = מחיר מקושר (או כפולה שלמה שלו),"לפי גודל הדף: מפה בהתאמה אישית A2; סכומי המכירה (26,950-88,274) הם הזמנות מרוכזות"
8003980,מערך נתוני כתובות,מוצר מדף מוכן,שכבת מידע / קובץ דיגיטלי קיים,,שכבות ונתונים וקטוריים,מחירון בלבד,2,2,345955.97,0,0,2,0.0,0.0,345955.97,80154.12,172977.985,265801.85,80154.12,,,80154.12,2,80154.1×1; 265802×1,,"עמ' 33: בנט""ל - מערך נתוני כתובות (מאגר כתובות 1:2,500) | 1 קמ""ר (1000 דונם) = 250; עמ' 33: בנט""ל - מערך נתוני כתובות (מאגר כתובות 1:2,500) | כיסוי ארצי = 80000; עמ' 33: בנט""ל - מערך נתוני כתובות (מאגר כתובות 1:2,500) | כיסוי ארצי - רישיון ארגוני = 160000","עמ' 32: 1 קמ""ר (1000 דונם) = 250; עמ' 32: כיסוי ארצי = 80000; עמ' 32: כיסוי ארצי - רישיון ארגוני = 160000",,"לא ניתן לבדוק (מחיר לקמ""ר, אין שטח בנתוני המכירות)",
721709,"תצ""א שחור לבן - קובץ סרוק",מוצר מדף מוכן,קובץ תצלום אוויר קיים בארכיון,,תצלומי אוויר (ארכיון),מחירון + פרוטוקול,526,526,337770.0,352,174,0,234360.0,103410.0,0.0,270.0,270.0,6480.0,270.0,270.0,270.0,,15,270×276; 540×95; 810×58; 1080×38; 1350×17; 1620×10; 2160×10; 1890×9; 2430×4; 2970×3; 5130×2; 2700×1 …,,"עמ' 8: קובץ תמונה (TIF) של תצלום אוויר שחור-לבן | רזולוציה גבוהה (2,100 dpi) = 350; עמ' 8: קובץ תמונה (TIF) של תצלום אוויר שחור-לבן | רזולוציה בינונית (1,200 dpi) = 235","עמ' 8: רזולוציה גבוהה (2,100 dpi) = 350; עמ' 8: רזולוציה בינונית (1,200 dpi) = 235","2023-05-03: תצלומי אוויר (תצ""א) (עדכון מחיר)",0% מהשורות = מחיר מקושר (או כפולה שלמה שלו),
8004091,דקת שימוש ב-KTR,מוצר מדף מוכן,גישה לשירות קיים של רשת תחנות הקבע,,RTK / VRS / תחנות קבע,ללא קישור,63,63,336692.98,31,18,14,200350.44,88797.74,47544.8,40.86,4000.0,28582.6,10000.0,10000.0,1000.0,623.2,55,10000×4; 800×2; 500×2; 4000×2; 20000×2; 1000×2; 1261.4×1; 7888.98×1; 12860.1×1; 6105.4×1; 9600×1; 28582.6×1 …,,,,,,
8004054,שעת ייעוץ,שירות / עבודה / הוצאה ישירה,"שעות עבודה, שירות מדידה או הוצאה ישירה",,שעות עבודה ושירותים,ללא קישור,670,670,335016.0,201,209,260,125208.0,95598.0,114210.0,141.0,282.0,5640.0,282.0,282.0,282.0,282.0,23,282×388; 141×132; 564×29; 846×25; 1128×18; 423×14; 2256×12; 1974×11; 1410×10; 1692×9; 2820×5; 4230×4 …,,,,,,
8007782,"שימוש ברכב שטח לק""מ",שירות / עבודה / הוצאה ישירה,"שעות עבודה, שירות מדידה או הוצאה ישירה",,שעות עבודה ושירותים,מחירון בלבד,2269,2262,334812.22,651,844,774,102712.92,119530.46,112568.84,2.0,103.0,3708.0,8.68,20.0,8.68,8.68,316,8.68×148; 86.8×64; 173.6×60; 108.5×57; 65.1×51; 130.2×50; 390.6×48; 69.44×48; 21.7×48; 260.4×46; 217×42; 43.4×39 …,,עמ' 46: עלות רכב שטח (שעת עבודה לפי תקנות המדידה אגרות 1977) | נסיעה = 2.17,עמ' 45: נסיעה = 2.17,,60% מהשורות = מחיר מקושר (או כפולה שלמה שלו); ב-2024: 96%,"מחירון: 2.17 לק""מ; 2022 בתעריף אחר (כפולות של 2) שאין לו מקור"
41028001,"הארכת תוקף לתצ""ר",שעות עבודה לפי תקנות,חיוב קבוע של 3 שעות לפי תעריף התקנות,,אגרות לפי תקנות,תקנות בלבד,578,578,306911.08,130,207,241,44351.08,99459.0,163101.0,1.0,321.0,8667.0,321.0,288.72,312.0,321.0,35,321×158; 312×104; 288.72×96; 729×63; 309.84×54; 642×27; 577.44×12; 624×11; 1458×8; 963×8; 619.68×5; 936×4 …,"תקנות המדידות (אגרות), התשל""ז-1977 (שעת עבודה)",,,,תואם לתעריף התקנות שבתוקף באותו חודש: 96%; לתעריף תקנות כלשהו (כולל עיכוב בעדכון): 100%,"הסכום = 3 שעות לפי תעריף התקנות (288.72=3x96.24, 312=3x104, 321=3x107, 729=3x243)"
8003446,מודד מבקר עד 50 חלקות,שירות / עבודה / הוצאה ישירה,"ביקורת תצ""ר ורישום: עבודה מקצועית לכל תכנית",,מודד מבקר / אגרות מודדים,מחירון + פרוטוקול,145,144,292345.0,107,37,1,212345.0,75200.0,4800.0,326.1,1600.0,5380.0,1345.0,1345.0,1600.0,4800.0,9,1345×62; 1600×40; 2690×13; 3200×13; 4035×8; 4800×5; 5380×2; 1018.9×1; 326.1×1,,עמ' 46: אגרת ביקורת במסלול מודד מבקר | מודד מבקר עד 50 חלקות = 1700,עמ' 45: מודד מבקר עד 50 חלקות = 1700,"2022-08-29: מודד מבקר עד 50 חלקות (מק""ט 8003446) | ביקורת תצ""ר = 1600",40% מהשורות = מחיר מקושר (או כפולה שלמה שלו); ב-2024: 100%,פרוטוקול 29.8.22 אישר גם הצמדה שנתית למדד בכל ינואר (החל מ-16.2.2023); חישוב ההצמדה לא נמסר
8008213,מידע סטטי (VRS) באינטרוול של יותר משניה,מוצר מדף מוכן,גישה לשירות קיים של רשת תחנות הקבע,,RTK / VRS / תחנות קבע,ללא קישור,173,173,271755.7,96,72,5,71265.28,110490.42,90000.0,12.8,184.8,20000.0,20000.0,42.0,20000.0,20000.0,143,20000×10; 42×3; 168×3; 67.5×3; 52.5×3; 84.7×3; 210×3; 82.5×2; 31.5×2; 63×2; 738.5×2; 127.4×2 …,,,,,,
8008057,"DSM- 50 cm  - עד 5 קמ""ר",מוצר מדף מוכן,קובץ ממאגר קיים (לעיתים בגזירה לפי שטח),,גבהים DTM/DSM/ענן נקודות,מחירון + פרוטוקול,3,3,271157.04,0,0,3,0.0,0.0,271157.04,104.61,124.1,270928.33,124.1,,,104.61,3,124.1×1; 104.61×1; 270928×1,,"עמ' 39: מודלי גבהים - DSM ברזולוציה של 50 סנטימטר לפיקסל | שטח: עד 5 קמ""ר = 73; עמ' 39: מודלי גבהים - DSM ברזולוציה של 50 סנטימטר לפיקסל | שטח: 5-50 קמ""ר = 67; עמ' 39: מודלי גבהים - DSM ברזולוציה של 50 סנטימטר לפיקסל | שטח: 50-500 קמ""ר = 63; עמ' 39: מודלי גבהים - DSM ברזולוציה של 50 סנטימטר לפיקסל | שטח: מעל 500-2,000 קמ""ר = 56; עמ' 39: מודלי גבהים - DSM ברזולוציה של 50 סנטימטר לפיקסל | שטח: מעל 2,000 קמ""ר = 53","עמ' 38: שטח: עד 5 קמ""ר = 73; עמ' 38: שטח: 5-50 קמ""ר = 67; עמ' 38: שטח: 50-500 קמ""ר = 63; עמ' 38: שטח: מעל 500-2,000 קמ""ר = 56; עמ' 38: שטח: מעל 2,000 קמ""ר = 53","2020-06-07: מוצר גובה (2) | עד 5 קמ""ר = 73; 2020-06-07: מוצר גובה (2) | 5-50 קמ""ר = 67; 2020-06-07: מוצר גובה (2) | 50-500 קמ""ר = 63; 2020-06-07: מוצר גובה (2) | 500-2000 קמ""ר = 56; 2020-06-07: מוצר גובה (2) | מעל 2000 קמ""ר = 53","לא ניתן לבדוק (מחיר לקמ""ר, אין שטח בנתוני המכירות)",מוצר גובה (2) בפרוטוקול 7.6.20 = DSM לפי זהות המחירים
8009990,"עבודות מיוחדות - מיפוי וממ""ג",שירות / עבודה / הוצאה ישירה,"שעות עבודה, שירות מדידה או הוצאה ישירה",,שעות עבודה ושירותים,ללא קישור,5,5,267324.5,0,2,3,0.0,28324.5,239000.0,8474.5,19850.0,191500.0,19850.0,,8474.5,10500.0,5,19850×1; 8474.5×1; 191500×1; 10500×1; 37000×1,,,,,,
8008051,"DTM- 10 m - מעל 2000 קמ""ר",מוצר מדף מוכן,קובץ ממאגר קיים (לעיתים בגזירה לפי שטח),,גבהים DTM/DSM/ענן נקודות,פרוטוקול בלבד,1,1,235200.0,0,0,1,0.0,0.0,235200.0,235200.0,235200.0,235200.0,235200.0,,,235200.0,1,235200×1,,,,"2020-06-07: מוצר גובה (8) | עד 5 קמ""ר = 34; 2020-06-07: מוצר גובה (8) | 5-50 קמ""ר = 33; 2020-06-07: מוצר גובה (8) | 50-500 קמ""ר = 28; 2020-06-07: מוצר גובה (8) | 500-2000 קמ""ר = 12; 2020-06-07: מוצר גובה (8) | מעל 2000 קמ""ר = 12","לא ניתן לבדוק (מחיר לקמ""ר, אין שטח בנתוני המכירות)","מוצר גובה (8) = DTM רסטר 10 מטר לפיקסל, לפי פרוטוקול 23.7.20; לא מופיע במחירון"
7220002,תשלום חודשי קבוע - RTK,מוצר מדף מוכן,גישה לשירות קיים של רשת תחנות הקבע,,RTK / VRS / תחנות קבע,פרוטוקול בלבד,262,261,230100.0,0,98,164,0.0,79200.0,150900.0,300.0,600.0,10500.0,300.0,,300.0,300.0,17,300×122; 900×46; 600×42; 1200×12; 1500×10; 1800×9; 3000×4; 4500×3; 2400×3; 4800×2; 2100×2; 2700×2 …,,,,"לא מצוין (ככל הנראה פברואר-מרץ 2023, לפי שמות קבצים מצורפים 20230213 / 02032023 / 230302): שירות RTK | משתמש חדש (יוזר), לקוחות פרטיים = 300",100% מהשורות = מחיר מקושר (או כפולה שלמה שלו); ב-2024: 100%,
721704,"תצ""א שחור לבן - קובץ סרוק",מוצר מדף מוכן,קובץ תצלום אוויר קיים בארכיון,,תצלומי אוויר (ארכיון),מחירון + פרוטוקול,483,483,202860.0,335,148,0,136620.0,66240.0,0.0,180.0,180.0,6300.0,180.0,180.0,180.0,,16,180×259; 360×81; 540×59; 720×38; 900×22; 1080×5; 1260×4; 1440×4; 1800×3; 2700×2; 2160×1; 2340×1 …,,"עמ' 8: קובץ תמונה (TIF) של תצלום אוויר שחור-לבן | רזולוציה גבוהה (2,100 dpi) = 350; עמ' 8: קובץ תמונה (TIF) של תצלום אוויר שחור-לבן | רזולוציה בינונית (1,200 dpi) = 235","עמ' 8: רזולוציה גבוהה (2,100 dpi) = 350; עמ' 8: רזולוציה בינונית (1,200 dpi) = 235","2023-05-03: תצלומי אוויר (תצ""א) (עדכון מחיר)",0% מהשורות = מחיר מקושר (או כפולה שלמה שלו),
8004093,RTK - שימוש חודשי קבוע,מוצר מדף מוכן,גישה לשירות קיים של רשת תחנות הקבע,,RTK / VRS / תחנות קבע,פרוטוקול בלבד,208,208,195600.0,0,57,151,0.0,49800.0,145800.0,300.0,300.0,18000.0,300.0,,300.0,300.0,18,300×124; 600×37; 1800×11; 900×7; 1500×5; 2700×4; 1200×4; 3600×3; 2400×2; 2100×2; 3000×2; 9900×1 …,,,,"לא מצוין (ככל הנראה פברואר-מרץ 2023, לפי שמות קבצים מצורפים 20230213 / 02032023 / 230302): שירות RTK | משתמש חדש (יוזר), לקוחות פרטיים = 300",100% מהשורות = מחיר מקושר (או כפולה שלמה שלו); ב-2024: 100%,
8006990,תצלום אוויר דיגיטאלי ללא תלות ברזולוציה,מוצר מדף מוכן,קובץ תצלום אוויר קיים בארכיון,,תצלומי אוויר (ארכיון),מחירון + פרוטוקול,200,200,187012.5,47,39,114,30130.0,40045.0,116837.5,142.5,570.0,13965.0,570.0,460.0,460.0,570.0,27,570×40; 460×34; 855×24; 285×11; 230×10; 1140×10; 700×10; 1710×8; 690×7; 1050×6; 920×6; 350×6 …,,"עמ' 8: קובץ תמונה (TIF) של תצלום אוויר שחור-לבן | רזולוציה גבוהה (2,100 dpi) = 350; עמ' 9: קובץ תמונה (TIF) של תצלום אוויר צבעוני (החל מ-2017) | תצלום אוויר צבעוני = 350","עמ' 8: רזולוציה גבוהה (2,100 dpi) = 350; עמ' 9: תצלום אוויר צבעוני = 350","2023-05-03: תצלומי אוויר (תצ""א) (עדכון מחיר)",12% מהשורות = מחיר מקושר (או כפולה שלמה שלו); ב-2024: 22%,
8003879,סריקהשחור לבן לא פוטו' עד IPD1200,שירות / עבודה / הוצאה ישירה,"הפקה לפי הזמנה: הדפסה, הגדלה, סריקה או העתקה",,תצלומי אוויר (ארכיון),מחירון + פרוטוקול,168,168,168820.0,58,58,52,28710.0,86060.0,54050.0,117.5,470.0,11985.0,180.0,180.0,180.0,235.0,37,180×44; 235×20; 470×19; 360×11; 705×11; 540×8; 1080×6; 720×5; 900×5; 1645×4; 1440×3; 940×3 …,,"עמ' 8: קובץ תמונה (TIF) של תצלום אוויר שחור-לבן | רזולוציה גבוהה (2,100 dpi) = 350; עמ' 8: קובץ תמונה (TIF) של תצלום אוויר שחור-לבן | רזולוציה בינונית (1,200 dpi) = 235","עמ' 8: רזולוציה גבוהה (2,100 dpi) = 350; עמ' 8: רזולוציה בינונית (1,200 dpi) = 235","2023-05-03: תצלומי אוויר (תצ""א) (עדכון מחיר)",42% מהשורות = מחיר מקושר (או כפולה שלמה שלו); ב-2024: 96%,
8007942,"חבילה דיגיטאלית של תצ""א שחור לבן",מוצר מדף מוכן,"קבצי תצ""א קיימים מהארכיון",,תצלומי אוויר (ארכיון),מחירון + פרוטוקול,53,53,142480.0,15,19,19,32240.0,56940.0,53300.0,520.0,2600.0,9100.0,2600.0,2080.0,1040.0,650.0,18,2600×5; 2080×5; 3250×5; 1040×5; 1950×5; 3120×4; 650×4; 3900×3; 4550×3; 1560×3; 3640×2; 1300×2 …,,"עמ' 10: מוצר משולב של תצ""א שחור-לבן + הגדלה | תצלום אוויר ברזולוציה גבוהה (2,100 dpi) + הגדלה דיגיטלית מקומית של תצ""א שחור-לבן = 650","עמ' 10: תצלום אוויר ברזולוציה גבוהה (2,100 dpi) + הגדלה דיגיטלית מקומית של תצ""א שחור-לבן = 650","2023-05-03: תצלומי אוויר (תצ""א) (עדכון מחיר)",57% מהשורות = מחיר מקושר (או כפולה שלמה שלו); ב-2024: 100%,
41032001,מוצרי אורתופוטו וגבהים,מוצר מדף מוכן,קובץ ממאגר קיים (לעיתים בגזירה לפי שטח),,אורתופוטו,פרוטוקול בלבד,114,114,134803.52,6,44,64,9984.0,38188.82,86630.7,400.0,400.0,9699.6,400.0,400.0,400.0,400.0,49,400×60; 540×4; 417×3; 737.1×2; 4320×1; 1353.6×1; 432×1; 2268×1; 3924×1; 491.4×1; 522.6×1; 810×1 …,,,,2020-01-19: נתוני גבהים | מחיר מינימום להזמנה (פוליגון אזור עניין) = 400,54% מהשורות = מחיר מקושר (או כפולה שלמה שלו); ב-2024: 48%,400 = מחיר המינימום לנתוני גבהים (19.1.20)
8003448,מודד מבקר עלות ביקורת,שעות עבודה לפי תקנות,סכומים הם כפולות של תעריף השעה בתקנות,,אגרות לפי תקנות,תקנות בלבד,52,51,127517.26,43,9,0,110384.42,17132.84,0.0,604.0,1719.98,8805.96,1058.64,1058.64,2300.0,,41,1058.64×4; 900×3; 1010.52×3; 962.4×2; 1443.6×2; 1539.84×2; 2300×2; 1684.2×1; 2983.44×1; 4545.29×1; 1454.71×1; 7987.04×1 …,"תקנות המדידות (אגרות), התשל""ז-1977 (שעת עבודה)",,,,תואם לתעריף התקנות שבתוקף באותו חודש: 75%; לתעריף תקנות כלשהו (כולל עיכוב בעדכון): 79%,הסכומים הם כפולות של תעריף השעה בתקנות (למשל 1058.64=11x96.24)
8004248,"מפה היסטורית צבע עד 0,5 מ' צריבה לDC",מוצר מדף מוכן,"קובץ סרוק קיים, נצרב למדיה",,מפות היסטוריות,פרוטוקול בלבד,37,37,121377.54,14,10,13,21960.0,14580.0,84837.54,30.6,117.0,81810.0,90.0,90.0,90.0,90.0,13,90×17; 270×7; 360×2; 180×2; 18900×1; 900×1; 2430×1; 10980×1; 117×1; 81810×1; 629.94×1; 1080×1 …,,,,"2022-07-18: גיליונות מפות קנ""מ 1:50,000 שהודפסו לפני יוני 1967 (מהארכיון) (פטור (בקשה)); לא מצוין (ככל הנראה 28.7.2022 - לפי הפניה בפרוטוקול 14.11.22): גיליונות מפות קנ""מ 1:50,000 לפני 1967 (גבול מצרים) (פטור)",,קישור חלקי: הפרוטוקול עוסק בפטור ממחיר 90 למפה היסטורית; מחיר 90 עצמו לא נקבע בפרוטוקול שנמסר
721802,תעודת עובד ציבור לחיבור מבנים ישנים לחשמל,שירות / עבודה / הוצאה ישירה,הכנה וחתימה של תעודה/תצהיר על ידי עובד,,תעודות עובד ציבור,מחירון בלבד,193,101,115800.0,148,45,0,88800.0,27000.0,0.0,600.0,600.0,600.0,600.0,600.0,600.0,,1,600×193,,עמ' 51: תעודת עובד ציבור לחיבור מבנה ישן לרשת החשמל | תעודה = 1700,עמ' 50: תעודה = 1700,,0% מהשורות = מחיר מקושר (או כפולה שלמה שלו),
8003963,מקטע גזור מבנט  ל מלא - שטח פתוח,מוצר מדף מוכן,שכבת מידע / קובץ דיגיטלי קיים,"גזירה מתוך בנט""ל קיים",שכבות ונתונים וקטוריים,מחירון בלבד,21,21,108895.0,10,2,9,43347.5,7930.0,57617.5,325.0,3285.0,31330.0,3947.5,3947.5,1025.0,325.0,20,3947.5×2; 520×1; 2957.5×1; 3285×1; 2250×1; 15767.5×1; 1625×1; 547.5×1; 8500×1; 6905×1; 1025×1; 3405×1 …,,"עמ' 32: בנט""ל מלא ארצי 1:2,500 (כולל 25 שכבות מידע גאוגרפי) | 1 קמ""ר (1000 דונם) = 250; עמ' 32: בנט""ל מלא ארצי 1:2,500 (כולל 25 שכבות מידע גאוגרפי) | כיסוי ארצי = 560000","עמ' 31: 1 קמ""ר (1000 דונם) = 250; עמ' 31: כיסוי ארצי = 560000",,"לא ניתן לבדוק (מחיר לקמ""ר, אין שטח בנתוני המכירות)",
8003444,מודד מבקר רישום ראשוני,שירות / עבודה / הוצאה ישירה,"ביקורת תצ""ר ורישום: עבודה מקצועית לכל תכנית",,מודד מבקר / אגרות מודדים,מחירון + פרוטוקול,114,114,100000.0,96,18,0,81000.0,19000.0,0.0,800.0,800.0,2850.0,800.0,800.0,950.0,,5,800×84; 950×27; 2400×1; 1900×1; 2850×1,,עמ' 46: אגרת ביקורת במסלול מודד מבקר | מודד מבקר רישום ראשוני = 1000,עמ' 45: מודד מבקר רישום ראשוני = 1000,"2022-08-29: מודד מבקר רישום ראשוני (מק""ט 8003444) | ביקורת תצ""ר = 950",25% מהשורות = מחיר מקושר (או כפולה שלמה שלו),פרוטוקול 29.8.22 אישר גם הצמדה שנתית למדד בכל ינואר (החל מ-16.2.2023); חישוב ההצמדה לא נמסר
8004003,"אורתופוטו 0.25 מ' עד 150 קמ""ר",מוצר מדף מוכן,קובץ ממאגר קיים (לעיתים בגזירה לפי שטח),,אורתופוטו,מחירון בלבד,33,33,98954.64,14,5,14,67957.2,4298.76,26698.68,399.96,1508.4,11145.6,622.8,432.0,399.96,1152.0,29,622.8×2; 1440×2; 1152×2; 1508.4×2; 8935.2×1; 3193.2×1; 7722×1; 10533.6×1; 11145.6×1; 720×1; 432×1; 4539.6×1 …,,"עמ' 41: אורתופוטו ברזולוציה של 20 סנטימטר לפיקסל (RGB / CIR) | שטח: עד 150 קמ""ר = 360","עמ' 40: שטח: עד 150 קמ""ר = 360",,"לא ניתן לבדוק (מחיר לקמ""ר, אין שטח בנתוני המכירות)","המחירון מציג 20 ס""מ, המכירות 25 ס""מ"
721710,"הגדלה 0.5-0.5 מ""ר",שירות / עבודה / הוצאה ישירה,"הפקה לפי הזמנה: הדפסה, הגדלה, סריקה או העתקה",,תצלומי אוויר (ארכיון),מחירון + פרוטוקול,163,163,97280.0,122,41,0,71060.0,26220.0,0.0,380.0,380.0,3420.0,380.0,380.0,380.0,,7,380×115; 760×26; 1140×12; 1900×4; 1520×3; 2280×2; 3420×1,,"עמ' 4: הגדלה מודפסת מקומית של תצ""א שחור-לבן | נייר 50 ס""מ X 50 ס""מ = 500; עמ' 4: הגדלה מודפסת מקומית של תצ""א שחור-לבן | נייר 1 מטר X 1 מטר = 550","עמ' 4: נייר 50 ס""מ X 50 ס""מ = 500; עמ' 4: נייר 1 מטר X 1 מטר = 550","2023-05-03: תצלומי אוויר (תצ""א) (עדכון מחיר)",0% מהשורות = מחיר מקושר (או כפולה שלמה שלו),
8006926,"מפה טופוגרפית עדכנית בקנ""מ 1:50,000",מוצר מדף מוכן,מפה/פרסום מודפס מהמלאי,,מפות מודפסות ואטלסים,מחירון + פרוטוקול,26,26,92612.0,9,8,9,4826.0,4770.0,83016.0,36.0,276.0,80640.0,36.0,36.0,36.0,36.0,18,36×8; 1008×2; 250×1; 300×1; 2016×1; 100×1; 1440×1; 108×1; 360×1; 540×1; 720×1; 856.8×1 …,,"עמ' 15: מפות טופוגרפיות בקנה מידה 1:50,000 | 100X70 ס""מ (מודפסת; ניתן מקופלת 22X12 או שטוחה) = 36","עמ' 15: 100X70 ס""מ (מודפסת; ניתן מקופלת 22X12 או שטוחה) = 36","2022-06-02: מפות אגף קרטוגרפיה המופקות במפ""י (מפות עיר, מפות טופוגרפיות בקני מידה שונים) (עדכון מחיר)",77% מהשורות = מחיר מקושר (או כפולה שלמה שלו); ב-2024: 89%,
44444001,מפות נייר,מוצר מדף מוכן,מפה/פרסום מודפס מהמלאי,,מפות מודפסות ואטלסים,ללא קישור,298,298,86269.0,0,0,298,0.0,0.0,86269.0,20.0,113.8,5082.0,71.0,,,32.0,164,71×11; 32×11; 54×9; 93×8; 108×7; 33×7; 126×6; 72×6; 94×6; 119×5; 65×5; 64×5 …,,,,,,
721703,"תצ""א צבעונית דיגיטלית",מוצר מדף מוכן,קובץ תצלום אוויר קיים בארכיון,,תצלומי אוויר (ארכיון),מחירון + פרוטוקול,151,151,79580.0,108,43,0,49450.0,30130.0,0.0,230.0,230.0,5290.0,230.0,230.0,230.0,,10,230×80; 460×33; 690×15; 920×7; 1150×6; 1380×5; 2760×2; 1610×1; 5290×1; 2990×1,,עמ' 9: קובץ תמונה (TIF) של תצלום אוויר צבעוני (החל מ-2017) | תצלום אוויר צבעוני = 350,עמ' 9: תצלום אוויר צבעוני = 350,"2023-05-03: תצלומי אוויר (תצ""א) (עדכון מחיר)",0% מהשורות = מחיר מקושר (או כפולה שלמה שלו),
8008067,"ענן נקודות DSM - עד 5 קמ""ר",מוצר מדף מוכן,קובץ ממאגר קיים (לעיתים בגזירה לפי שטח),,גבהים DTM/DSM/ענן נקודות,מחירון + פרוטוקול,32,32,77507.62,0,0,32,0.0,0.0,77507.62,23.22,447.21000000000004,33506.22,223.6,,,23.22,32,223.6×1; 964.92×1; 47.3×1; 307.03×1; 58.05×1; 236.07×1; 2528.45×1; 275.21×1; 1277.12×1; 142.33×1; 980.42×1; 61.06×1 …,,"עמ' 42: מודלי גבהים - ענן נקודות תלת מימדי צבעוני (9-12 נקודות ל-1 מ""ר) | שטח: עד 5 קמ""ר = 69; עמ' 42: מודלי גבהים - ענן נקודות תלת מימדי צבעוני (9-12 נקודות ל-1 מ""ר) | שטח: 5-50 קמ""ר = 65; עמ' 42: מודלי גבהים - ענן נקודות תלת מימדי צבעוני (9-12 נקודות ל-1 מ""ר) | שטח: 50-500 קמ""ר = 59; עמ' 42: מודלי גבהים - ענן נקודות תלת מימדי צבעוני (9-12 נקודות ל-1 מ""ר) | שטח: מעל 500-2,000 קמ""ר = 54; עמ' 42: מודלי גבהים - ענן נקודות תלת מימדי צבעוני (9-12 נקודות ל-1 מ""ר) | שטח: מעל 2,000 קמ""ר = 49","עמ' 41: שטח: עד 5 קמ""ר = 69; עמ' 41: שטח: 5-50 קמ""ר = 65; עמ' 41: שטח: 50-500 קמ""ר = 59; עמ' 41: שטח: מעל 500-2,000 קמ""ר = 54; עמ' 41: שטח: מעל 2,000 קמ""ר = 49","2020-06-07: מוצר גובה (1) | עד 5 קמ""ר = 69; 2020-06-07: מוצר גובה (1) | 5-50 קמ""ר = 65; 2020-06-07: מוצר גובה (1) | 50-500 קמ""ר = 59; 2020-06-07: מוצר גובה (1) | 500-2000 קמ""ר = 54; 2020-06-07: מוצר גובה (1) | מעל 2000 קמ""ר = 49","לא ניתן לבדוק (מחיר לקמ""ר, אין שטח בנתוני המכירות)",מוצר גובה (1) בפרוטוקול = ענן נקודות לפי זהות המחירים
2022316,ימית-מפת הדרכה לניווט ימי -נייר עבה,מוצר מדף מוכן,מפה/פרסום מודפס מהמלאי,,מיפוי ימי / בתימטריה,מחירון בלבד,101,101,77118.75,40,34,27,29655.45,23415.75,24047.55,17.55,499.5,4117.5,27.0,499.5,27.0,648.0,30,27×13; 499.5×11; 270×8; 729×7; 648×7; 1080×5; 540×5; 459×5; 54×4; 1188×4; 958.5×3; 1134×3 …,,"עמ' 27: מפת הדרכה לניווט ימי (מפה לתלמיד) 1:250,000 | 90X60 ס""מ = 27","עמ' 27: 90X60 ס""מ = 27",,76% מהשורות = מחיר מקושר (או כפולה שלמה שלו); ב-2024: 96%,
8003447,מודד מבקר עד 100 חלקות,שירות / עבודה / הוצאה ישירה,"ביקורת תצ""ר ורישום: עבודה מקצועית לכל תכנית",,מודד מבקר / אגרות מודדים,מחירון + פרוטוקול,31,30,73910.0,23,7,1,50810.0,21000.0,2100.0,867.98,1790.0,8400.0,1790.0,1790.0,2100.0,2100.0,8,1790×15; 2100×10; 2712.02×1; 867.98×1; 3580×1; 4200×1; 6300×1; 8400×1,,עמ' 46: אגרת ביקורת במסלול מודד מבקר | מודד מבקר עד 100 חלקות = 2200,עמ' 45: מודד מבקר עד 100 חלקות = 2200,"2022-08-29: מודד מבקר עד 100 חלקות (מק""ט 8003447) | ביקורת תצ""ר = 2100",42% מהשורות = מחיר מקושר (או כפולה שלמה שלו); ב-2024: 100%,פרוטוקול 29.8.22 אישר גם הצמדה שנתית למדד בכל ינואר (החל מ-16.2.2023); חישוב ההצמדה לא נמסר
8009970,מפה מיוחדת,שירות / עבודה / הוצאה ישירה,"הפקה לפי הזמנה: הדפסה, הגדלה, סריקה או העתקה","""מפה מיוחדת""; ייתכן הדפסה בלבד",מפות מודפסות ואטלסים,ללא קישור,19,19,71422.5,0,8,11,0.0,25582.5,45840.0,50.0,2100.0,13730.0,1500.0,,1500.0,1500.0,13,1500×5; 2100×3; 4597×1; 13730×1; 1105.5×1; 50×1; 1000×1; 9600×1; 240×1; 4500×1; 6000×1; 10500×1 …,,,,,,
8011070,שירותי מפות רקע – הסכם מיוחד,מוצר מדף מוכן,שכבת מידע / קובץ דיגיטלי קיים,,שכבות ונתונים וקטוריים,ללא קישור,7,7,59500.0,0,0,7,0.0,0.0,59500.0,8500.0,8500.0,8500.0,8500.0,,,8500.0,1,8500×7,,,,,,
44439001,תשלום חודשי קבוע - RTK,מוצר מדף מוכן,גישה לשירות קיים של רשת תחנות הקבע,,RTK / VRS / תחנות קבע,פרוטוקול בלבד,34,34,58340.0,0,7,27,0.0,6000.0,52340.0,300.0,900.0,5720.0,300.0,,900.0,300.0,15,300×10; 900×7; 600×4; 2700×2; 1800×1; 4940×1; 5200×1; 4420×1; 4680×1; 4160×1; 5720×1; 3120×1 …,,,,"לא מצוין (ככל הנראה פברואר-מרץ 2023, לפי שמות קבצים מצורפים 20230213 / 02032023 / 230302): שירות RTK | משתמש חדש (יוזר), לקוחות פרטיים = 300",79% מהשורות = מחיר מקושר (או כפולה שלמה שלו); ב-2024: 74%,
8007941,"הגדלה דיגיטאלית של תצ""א שחור-לבן",שירות / עבודה / הוצאה ישירה,"הפקה לפי הזמנה: הדפסה, הגדלה, סריקה או העתקה",,תצלומי אוויר (ארכיון),מחירון + פרוטוקול,66,66,55230.0,25,21,20,15640.0,20690.0,18900.0,340.0,450.0,4500.0,340.0,340.0,340.0,450.0,13,340×22; 450×16; 680×8; 1360×5; 1020×3; 1800×3; 900×2; 2380×2; 2040×1; 2250×1; 3150×1; 4500×1 …,,"עמ' 5: הגדלה דיגיטלית מקומית של תצ""א שחור-לבן | קובץ PDF = 450",עמ' 5: קובץ PDF = 450,"2023-05-03: תצלומי אוויר (תצ""א) (עדכון מחיר)",38% מהשורות = מחיר מקושר (או כפולה שלמה שלו); ב-2024: 100%,
8003977,אורתופוטו (כללי),מוצר מדף מוכן,קובץ ממאגר קיים (לעיתים בגזירה לפי שטח),,אורתופוטו,ללא קישור,24,24,53766.28,17,4,3,10440.28,16601.0,26725.0,400.0,400.0,16890.0,400.0,400.0,2219.0,400.0,10,400×15; 440.28×1; 800×1; 3600×1; 2219×1; 8532×1; 2400×1; 3450×1; 16890×1; 9435×1,,,,,,
8009931,מדידה גרבימטרית מיוחדת,שירות / עבודה / הוצאה ישירה,"שעות עבודה, שירות מדידה או הוצאה ישירה",,שעות עבודה ושירותים,ללא קישור,1,1,50750.0,0,1,0,0.0,50750.0,0.0,50750.0,50750.0,50750.0,50750.0,,50750.0,,1,50750×1,,,,,,
8004204,ביצוע למינציה למטר רץ,שירות / עבודה / הוצאה ישירה,"הוצאה ישירה (משלוח, דמי טיפול, ביצוע למינציה)",,משלוח ודמי טיפול,ללא קישור,11,11,50395.4,0,2,9,0.0,675.4,49720.0,22.0,66.0,49280.0,22.0,,235.4,22.0,8,22×3; 66×2; 440×1; 235.4×1; 110×1; 44×1; 49280×1; 88×1,,,,,,
8004980,ת.ע. ציבור לחיבור מבנים ישנים,שירות / עבודה / הוצאה ישירה,הכנה וחתימה של תעודה/תצהיר על ידי עובד,,תעודות עובד ציבור,מחירון בלבד,31,31,46900.0,15,14,2,22500.0,21000.0,3400.0,1500.0,1500.0,1700.0,1500.0,1500.0,1500.0,1700.0,2,1500×29; 1700×2,,עמ' 51: תעודת עובד ציבור לחיבור מבנה ישן לרשת החשמל | תעודה = 1700,עמ' 50: תעודה = 1700,,6% מהשורות = מחיר מקושר (או כפולה שלמה שלו); ב-2024: 100%,
8003996,אורתופוטו 0.5 מ' ארצי למשרדים וחב' ממשלת,מוצר מדף מוכן,קובץ ממאגר קיים (לעיתים בגזירה לפי שטח),,אורתופוטו,ללא קישור,1,1,45000.0,1,0,0,45000.0,0.0,0.0,45000.0,45000.0,45000.0,45000.0,45000.0,,,1,45000×1,,,,,,
721719,הגדלה דיגיטלית,שירות / עבודה / הוצאה ישירה,"הפקה לפי הזמנה: הדפסה, הגדלה, סריקה או העתקה",,תצלומי אוויר (ארכיון),מחירון + פרוטוקול,83,83,43845.0,60,23,0,27650.0,16195.0,0.0,395.0,395.0,1975.0,395.0,395.0,395.0,,5,395×68; 790×8; 1185×3; 1975×2; 1580×2,,"עמ' 5: הגדלה דיגיטלית מקומית של תצ""א שחור-לבן | קובץ PDF = 450; עמ' 7: הגדלה דיגיטלית מקומית של תצ""א צבעוני (החל מ-2017) | קובץ PDF = 500",עמ' 5: קובץ PDF = 450; עמ' 7: קובץ PDF = 500,"2023-05-03: תצלומי אוויר (תצ""א) (עדכון מחיר)",0% מהשורות = מחיר מקושר (או כפולה שלמה שלו),נמכר ב-340/395 ב-2022-2023; מחירון 2024: 450/500
72160101,אגרת בחינת מודדים,שירות / עבודה / הוצאה ישירה,"אגרה בתקנות המודדים 1982, תמורת עריכת בחינה (לא לפי שעות)",,אגרות לפי תקנות,תקנות בלבד,397,392,43371.0,87,135,175,8961.0,14985.0,19425.0,103.0,111.0,111.0,111.0,103.0,111.0,111.0,2,111×310; 103×87,"תקנות המודדים (מקצוע המדידה), התשמ""ב-1982, תקנה 26(ג) (אגרת בחינה)",,,,תואם לתעריף התקנות שבתוקף באותו חודש: 100%; לתעריף תקנות כלשהו (כולל עיכוב בעדכון): 100%,
8008052,"DTM- 50 cm  - עד 5 קמ""ר",מוצר מדף מוכן,קובץ ממאגר קיים (לעיתים בגזירה לפי שטח),,גבהים DTM/DSM/ענן נקודות,מחירון + פרוטוקול,30,30,42256.71,1,0,29,726.0,0.0,41530.71,22.68,421.055,13877.59,726.0,726.0,,22.68,30,726×1; 112.2×1; 46.2×1; 299.9×1; 56.7×1; 230.59×1; 2469.74×1; 268.82×1; 1247.47×1; 139.03×1; 957.65×1; 59.64×1 …,,"עמ' 40: מודלי גבהים - DTM ברזולוציה של 50 סנטימטר לפיקסל | שטח: עד 5 קמ""ר = 66; עמ' 40: מודלי גבהים - DTM ברזולוציה של 50 סנטימטר לפיקסל | שטח: 5-50 קמ""ר = 63; עמ' 40: מודלי גבהים - DTM ברזולוציה של 50 סנטימטר לפיקסל | שטח: 50-500 קמ""ר = 57; עמ' 40: מודלי גבהים - DTM ברזולוציה של 50 סנטימטר לפיקסל | שטח: מעל 500-2,000 קמ""ר = 52; עמ' 40: מודלי גבהים - DTM ברזולוציה של 50 סנטימטר לפיקסל | שטח: מעל 2,000 קמ""ר = 47","עמ' 39: שטח: עד 5 קמ""ר = 66; עמ' 39: שטח: 5-50 קמ""ר = 63; עמ' 39: שטח: 50-500 קמ""ר = 57; עמ' 39: שטח: מעל 500-2,000 קמ""ר = 52; עמ' 39: שטח: מעל 2,000 קמ""ר = 47","2020-06-07: מוצר גובה (4) | עד 5 קמ""ר = 66; 2020-06-07: מוצר גובה (4) | 5-50 קמ""ר = 63; 2020-06-07: מוצר גובה (4) | 50-500 קמ""ר = 57; 2020-06-07: מוצר גובה (4) | 500-2000 קמ""ר = 52; 2020-06-07: מוצר גובה (4) | מעל 2000 קמ""ר = 47","לא ניתן לבדוק (מחיר לקמ""ר, אין שטח בנתוני המכירות)",מוצר גובה (4) בפרוטוקול = DTM לפי זהות המחירים
8006925,"מפה טופוגרפית עדכנית בקנ""מ 1:25,000",מוצר מדף מוכן,מפה/פרסום מודפס מהמלאי,,מפות מודפסות ואטלסים,מחירון + פרוטוקול,41,41,42092.5,22,6,13,7404.0,6070.75,28617.75,22.75,70.0,23765.0,50.0,50.0,2885.75,35.0,19,50×7; 35×7; 70×4; 105×4; 210×2; 37.5×2; 2885.75×2; 3395×2; 700×1; 300×1; 150×1; 175×1 …,,"עמ' 16: מפות טופוגרפיות בקנה מידה 1:25,000 | 100X70 ס""מ (מודפסת; ניתן מקופלת 22X12 או שטוחה) = 35","עמ' 16: 100X70 ס""מ (מודפסת; ניתן מקופלת 22X12 או שטוחה) = 35","2022-06-02: מפות אגף קרטוגרפיה המופקות במפ""י (מפות עיר, מפות טופוגרפיות בקני מידה שונים) (עדכון מחיר)",54% מהשורות = מחיר מקושר (או כפולה שלמה שלו); ב-2024: 85%,
8003991,אורתופוטו 0.5 מ' ארצי,מוצר מדף מוכן,קובץ ממאגר קיים (לעיתים בגזירה לפי שטח),,אורתופוטו,ללא קישור,12,12,41935.56,6,5,1,30818.76,10456.8,660.0,399.96,1475.4,10503.6,1104.0,399.96,954.0,660.0,12,1104×1; 571.2×1; 10503.6×1; 9840×1; 399.96×1; 8400×1; 2100×1; 1846.8×1; 972×1; 954×1; 4584×1; 660×1,,,,,,
8005652,עמוד שקט אזימוט לפי כ. צפון,שירות / עבודה / הוצאה ישירה,"שעות עבודה, שירות מדידה או הוצאה ישירה",,מודד מבקר / אגרות מודדים,פרוטוקול בלבד,2,2,40000.0,0,1,1,0.0,20000.0,20000.0,20000.0,20000.0,20000.0,20000.0,,20000.0,20000.0,1,20000×2,,,,"לא מצוין (ככל הנראה 28.7.2022 - לפי הפניה בפרוטוקול 14.11.22): עמוד שקט (שירות מדידה לחיל האוויר/תעשיות ביטחוניות) | חבילה עד 2 לילות, לאתר אחד = 20000; 2022-08-29: עמוד שקט (""אור כוכבים"") | חבילה כוללת (2 ימים כולל עבודת לילה) = 20000; 2022-11-14: עמוד שקט (""אור כוכבים"") - משרד הביטחון/ח""א | לעבודה בכללותה = 35676",100% מהשורות = מחיר מקושר (או כפולה שלמה שלו); ב-2024: 100%,"נמכר ב-20,000; פרוטוקול 14.11.22 העלה ל-35,676 למשהב""ט"
8003892,הגדלה 0.25-0.5,שירות / עבודה / הוצאה ישירה,"הפקה לפי הזמנה: הדפסה, הגדלה, סריקה או העתקה",,תצלומי אוויר (ארכיון),מחירון + פרוטוקול,48,48,37500.0,26,17,5,19000.0,12000.0,6500.0,380.0,440.0,4000.0,380.0,380.0,380.0,500.0,10,380×24; 760×8; 500×5; 1140×3; 1900×2; 1520×2; 3040×1; 1500×1; 4000×1; 1000×1,,"עמ' 4: הגדלה מודפסת מקומית של תצ""א שחור-לבן | נייר 50 ס""מ X 50 ס""מ = 500; עמ' 4: הגדלה מודפסת מקומית של תצ""א שחור-לבן | נייר 1 מטר X 1 מטר = 550","עמ' 4: נייר 50 ס""מ X 50 ס""מ = 500; עמ' 4: נייר 1 מטר X 1 מטר = 550","2023-05-03: תצלומי אוויר (תצ""א) (עדכון מחיר)",17% מהשורות = מחיר מקושר (או כפולה שלמה שלו); ב-2024: 100%,
7210002,"מפת גוש ממ""ג בקובץ",מוצר מדף מוכן,שכבת מידע / קובץ דיגיטלי קיים,,שכבות ונתונים וקטוריים,ללא קישור,670,260,36850.0,223,270,177,12265.0,14850.0,9735.0,55.0,55.0,55.0,55.0,55.0,55.0,55.0,1,55×670,,,,,,
8008211,מידע סטטי (VRS) באינטרוול של שניה,מוצר מדף מוכן,גישה לשירות קיים של רשת תחנות הקבע,,RTK / VRS / תחנות קבע,ללא קישור,91,91,35160.5,0,26,65,0.0,10825.02,24335.48,5.6,135.8,3053.83,8.4,,5.6,28.0,89,8.4×2; 28×2; 1890×1; 47.6×1; 2100×1; 77×1; 612.5×1; 55.3×1; 423.5×1; 280.7×1; 836.5×1; 9.1×1 …,,,,,,
8005650,"זכויות יוצרים מפ""י כללי",מוצר מדף מוכן,רישיון שימוש בתוכן קיים,,זכויות יוצרים ותמלוגים,ללא קישור,6,6,33314.1,3,3,0,20351.25,12962.85,0.0,94.0,5718.085,10768.85,3000.0,3000.0,94.0,,6,3000×1; 8915.08×1; 8436.17×1; 10768.9×1; 2100×1; 94×1,,,,,,
721705,דמי טיפול לצריבה,שירות / עבודה / הוצאה ישירה,"הוצאה ישירה (משלוח, דמי טיפול, ביצוע למינציה)",,משלוח ודמי טיפול,פרוטוקול בלבד,2181,2181,32940.0,1416,765,0,21420.0,11520.0,0.0,15.0,15.0,45.0,15.0,15.0,15.0,,3,15×2168; 30×11; 45×2,,,,2023-05-03: דמי טיפול |  = 0,,הפרוטוקול (3.5.23) ביטל דמי טיפול; החיוב נפסק ביולי 2023
2022163,סט תיור וטיול 1:250000 עברית מקופל,מוצר מדף מוכן,מפה/פרסום מודפס מהמלאי,,מפות מודפסות ואטלסים,מחירון + פרוטוקול,110,110,31609.36,53,41,16,11396.48,17935.68,2277.2,10.88,32.0,4872.0,32.0,32.0,32.0,32.0,32,32×56; 64×7; 25.6×6; 27.2×5; 272×3; 10.88×2; 256×2; 160×2; 1088×2; 320×2; 2040×2; 568×1 …,,"עמ' 18: מפות תיור וטיול - קנה מידה 1:250,000 | 100X70 ס""מ, חלק צפוני / חלק דרומי = 32","עמ' 18: 100X70 ס""מ, חלק צפוני / חלק דרומי = 32","2022-06-02: מפות אגף קרטוגרפיה המופקות במפ""י (מפות עיר, מפות טופוגרפיות בקני מידה שונים) (עדכון מחיר)",72% מהשורות = מחיר מקושר (או כפולה שלמה שלו); ב-2024: 81%,
8004981,ת.ע.ציבור לחיבור מבנים ישנים-תוספת למבנה,שירות / עבודה / הוצאה ישירה,הכנה וחתימה של תעודה/תצהיר על ידי עובד,,תעודות עובד ציבור,מחירון בלבד,16,16,30300.0,8,7,1,14400.0,13800.0,2100.0,600.0,1200.0,5400.0,600.0,600.0,600.0,2100.0,8,600×6; 1200×3; 3600×2; 5400×1; 1800×1; 2400×1; 4200×1; 2100×1,,עמ' 51: תעודת עובד ציבור לחיבור מבנה ישן לרשת החשמל | תוספת לכל מבנה = 700,עמ' 50: תוספת לכל מבנה = 700,,12% מהשורות = מחיר מקושר (או כפולה שלמה שלו); ב-2024: 100%,
44433001,שכבות מידע גאוגרפי,מוצר מדף מוכן,שכבת מידע / קובץ דיגיטלי קיים,,שכבות ונתונים וקטוריים,ללא קישור,31,31,30190.6,0,14,17,0.0,14796.2,15394.4,400.0,400.0,4914.6,400.0,,400.0,400.0,14,400×18; 2151.6×1; 2050×1; 705×1; 1375×1; 4914.6×1; 696×1; 477.6×1; 4066.8×1; 1807.5×1; 564×1; 712.5×1 …,,,,,,
8008481,שכבת שכונות ארצי,מוצר מדף מוכן,שכבת מידע / קובץ דיגיטלי קיים,,שכבות ונתונים וקטוריים,מחירון + פרוטוקול,2,2,30000.0,1,0,1,15000.0,0.0,15000.0,15000.0,15000.0,15000.0,15000.0,15000.0,,15000.0,1,15000×2,,"עמ' 37: בנט""ל - תיחומי שכונות (1:15,000) | מחוז בודד לפי משרד הפנים = 5000; עמ' 37: בנט""ל - תיחומי שכונות (1:15,000) | כיסוי ארצי = 15000; עמ' 37: בנט""ל - תיחומי שכונות (1:15,000) | כיסוי ארצי - רישיון ארגוני = 30000",עמ' 36: מחוז בודד לפי משרד הפנים = 5000; עמ' 36: כיסוי ארצי = 15000; עמ' 36: כיסוי ארצי - רישיון ארגוני = 30000,"2022-03-13: מוצר שכונות (שכבת נקודות + פוליגונים, בנט""ל) | מחוז = 5000; 2022-03-13: מוצר שכונות (שכבת נקודות + פוליגונים, בנט""ל) | כיסוי ארצי = 15000; 2022-11-14: מוצר שכונות | רישיון שימוש ארגוני - כיסוי ארצי = 30000; 2022-11-14: מוצר שכונות | רישיון שימוש ארגוני - מחוז בודד = 10000",100% מהשורות = מחיר מקושר (או כפולה שלמה שלו); ב-2024: 100%,
8008055,"DTM- 50 cm - בין 500- 2000 קמ""ר",מוצר מדף מוכן,קובץ ממאגר קיים (לעיתים בגזירה לפי שטח),,גבהים DTM/DSM/ענן נקודות,מחירון + פרוטוקול,1,1,27196.0,0,0,1,0.0,0.0,27196.0,27196.0,27196.0,27196.0,27196.0,,,27196.0,1,27196×1,,"עמ' 40: מודלי גבהים - DTM ברזולוציה של 50 סנטימטר לפיקסל | שטח: עד 5 קמ""ר = 66; עמ' 40: מודלי גבהים - DTM ברזולוציה של 50 סנטימטר לפיקסל | שטח: 5-50 קמ""ר = 63; עמ' 40: מודלי גבהים - DTM ברזולוציה של 50 סנטימטר לפיקסל | שטח: 50-500 קמ""ר = 57; עמ' 40: מודלי גבהים - DTM ברזולוציה של 50 סנטימטר לפיקסל | שטח: מעל 500-2,000 קמ""ר = 52; עמ' 40: מודלי גבהים - DTM ברזולוציה של 50 סנטימטר לפיקסל | שטח: מעל 2,000 קמ""ר = 47","עמ' 39: שטח: עד 5 קמ""ר = 66; עמ' 39: שטח: 5-50 קמ""ר = 63; עמ' 39: שטח: 50-500 קמ""ר = 57; עמ' 39: שטח: מעל 500-2,000 קמ""ר = 52; עמ' 39: שטח: מעל 2,000 קמ""ר = 47","2020-06-07: מוצר גובה (4) | עד 5 קמ""ר = 66; 2020-06-07: מוצר גובה (4) | 5-50 קמ""ר = 63; 2020-06-07: מוצר גובה (4) | 50-500 קמ""ר = 57; 2020-06-07: מוצר גובה (4) | 500-2000 קמ""ר = 52; 2020-06-07: מוצר גובה (4) | מעל 2000 קמ""ר = 47","לא ניתן לבדוק (מחיר לקמ""ר, אין שטח בנתוני המכירות)",מוצר גובה (4) בפרוטוקול = DTM לפי זהות המחירים
8010989,שירותי רקע (WS) –גופים ממשלתיים,מוצר מדף מוכן,שכבת מידע / קובץ דיגיטלי קיים,,שכבות ונתונים וקטוריים,מחירון בלבד,1,1,24750.0,0,0,1,0.0,0.0,24750.0,24750.0,24750.0,24750.0,24750.0,,,24750.0,1,24750×1,,עמ' 53: שירותי רקע (WS) של המרכז למיפוי ישראל | לקוח ממשלתי = 24750,עמ' 52: לקוח ממשלתי = 24750,,100% מהשורות = מחיר מקושר (או כפולה שלמה שלו); ב-2024: 100%,
8010981,שירותי רקע (WS) מדרגה 3 - שנתי,מוצר מדף מוכן,שכבת מידע / קובץ דיגיטלי קיים,,שכבות ונתונים וקטוריים,מחירון בלבד,1,1,23500.0,0,0,1,0.0,0.0,23500.0,23500.0,23500.0,23500.0,23500.0,,,23500.0,1,23500×1,,"עמ' 53: שירותי רקע (WS) של המרכז למיפוי ישראל | לקוח עסקי: 400,001-1,000,000 בקשות בחודש, 16-50 משתמשים בארגון = 23500","עמ' 52: לקוח עסקי: 400,001-1,000,000 בקשות בחודש, 16-50 משתמשים בארגון = 23500",,100% מהשורות = מחיר מקושר (או כפולה שלמה שלו); ב-2024: 100%,
8004287,אורתופוטו 0.25 A4,שירות / עבודה / הוצאה ישירה,הדפסת אורתופוטו בגודל נייר לפי הזמנה,,אורתופוטו,מחירון בלבד,48,48,22780.0,7,5,36,5440.0,6970.0,10370.0,170.0,340.0,1700.0,170.0,850.0,1700.0,170.0,6,170×22; 340×12; 1700×5; 850×4; 680×3; 510×2,,"עמ' 44: מפה בהתאמה אישית | A4 (21X30 ס""מ) - עם אורתופוטו = 170; עמ' 44: מפה בהתאמה אישית | A4 (21X30 ס""מ) - ללא אורתופוטו = 160","עמ' 43: A4 (21X30 ס""מ) - עם אורתופוטו = 170; עמ' 43: A4 (21X30 ס""מ) - ללא אורתופוטו = 160",,100% מהשורות = מחיר מקושר (או כפולה שלמה שלו); ב-2024: 100%,לפי גודל הדף: מפה בהתאמה אישית A4
8004840,"מפות רסטר 1:50,000 חלוקה חדשה",מוצר מדף מוכן,שכבת מידע / קובץ דיגיטלי קיים,,שכבות ונתונים וקטוריים,פרוטוקול בלבד,4,4,22560.0,4,0,0,22560.0,0.0,0.0,800.0,800.0,20160.0,800.0,800.0,,,2,800×3; 20160×1,,,,"2022-06-02: מפות אגף קרטוגרפיה המופקות במפ""י (מפות עיר, מפות טופוגרפיות בקני מידה שונים) (עדכון מחיר); 2023-03-14: מפות דיגיטליות 1:50,000 - כיסוי ארצי (מחיר קיים (מרכבה) - מוצג לעיון); 2023-03-14: מפות דיגיטליות 1:100,000 - כיסוי ארצי (מחיר קיים (מרכבה) - מוצג לעיון)",,פרוטוקול קרטוגרפיה 2.6.22 (טבלת המחירים לא נמסרה) ומחירי מרכבה שהוצגו ב-14.3.23
721722,סימון מבנים על גבי מבנה,שירות / עבודה / הוצאה ישירה,"הפקה לפי הזמנה: הדפסה, הגדלה, סריקה או העתקה",,תצלומי אוויר (ארכיון),מחירון בלבד,87,87,21210.0,51,36,0,12390.0,8820.0,0.0,210.0,210.0,1050.0,210.0,210.0,210.0,,4,210×78; 420×6; 630×2; 1050×1,,עמ' 12: סימון מבנה על גבי הגדלה | שירות = 250,עמ' 12: שירות = 250,,0% מהשורות = מחיר מקושר (או כפולה שלמה שלו),
721716,"מוצר משולב של תצ""א",שירות / עבודה / הוצאה ישירה,"הפקה לפי הזמנה: הדפסה, הגדלה, סריקה או העתקה",,תצלומי אוויר (ארכיון),מחירון + פרוטוקול,29,29,20800.0,18,11,0,10920.0,9880.0,0.0,520.0,520.0,3120.0,520.0,520.0,520.0,,4,520×24; 1040×2; 1560×2; 3120×1,,"עמ' 10: מוצר משולב של תצ""א שחור-לבן + הגדלה | תצלום אוויר ברזולוציה גבוהה (2,100 dpi) + הגדלה דיגיטלית מקומית של תצ""א שחור-לבן = 650","עמ' 10: תצלום אוויר ברזולוציה גבוהה (2,100 dpi) + הגדלה דיגיטלית מקומית של תצ""א שחור-לבן = 650","2023-05-03: תצלומי אוויר (תצ""א) (עדכון מחיר)",0% מהשורות = מחיר מקושר (או כפולה שלמה שלו),
8004090,דקת שימוש באתר תחנת קבע,מוצר מדף מוכן,גישה לשירות קיים של רשת תחנות הקבע,,RTK / VRS / תחנות קבע,ללא קישור,2,2,20420.0,2,0,0,20420.0,0.0,0.0,420.0,10210.0,20000.0,20000.0,420.0,,,2,20000×1; 420×1,,,,,,
8003999,מאגר נקודות כתובת בסיסי,מוצר מדף מוכן,שכבת מידע / קובץ דיגיטלי קיים,,שכבות ונתונים וקטוריים,מחירון + פרוטוקול,1,1,20000.0,1,0,0,20000.0,0.0,0.0,20000.0,20000.0,20000.0,20000.0,20000.0,,,1,20000×1,,"עמ' 36: בנט""ל - מאגר נקודות כתובת מורחב (כתובות + גוש וחלקה) | כתובת בודדת = 0.25; עמ' 36: בנט""ל - מאגר נקודות כתובת מורחב (כתובות + גוש וחלקה) | כיסוי ארצי = 30000; עמ' 36: בנט""ל - מאגר נקודות כתובת מורחב (כתובות + גוש וחלקה) | כיסוי ארצי - רישיון ארגוני = 60000",עמ' 35: כתובת בודדת = 0.25; עמ' 35: כיסוי ארצי = 70000,"2022-01-03: מאגר נקודות כתובת בסיסי בתוספת שדה BLDG_ID (מזמ""ר מבנה) | כיסוי ארצי = 23000",0% מהשורות = מחיר מקושר (או כפולה שלמה שלו),"נמכר ב-20,000 (2022); פרוטוקול 3.1.22: 23,000 עם שדה BLDG_ID; מחירון: 30,000/60,000, ב-2025: 70,000"
2022277,אטלס ישראל החדש/למפיץ,מוצר מדף מוכן,מפה/פרסום מודפס מהמלאי,,מפות מודפסות ואטלסים,ללא קישור,18,18,19665.0,6,7,5,10350.0,7740.0,1575.0,135.0,787.5,4500.0,900.0,900.0,900.0,225.0,9,900×6; 4500×2; 675×2; 225×2; 270×2; 360×1; 2250×1; 135×1; 180×1,,,,,,
8003981,קבצי נתוני גובה בפורמט REG-DIS,מוצר מדף מוכן,קובץ ממאגר קיים (לעיתים בגזירה לפי שטח),,גבהים DTM/DSM/ענן נקודות,פרוטוקול בלבד,6,6,19256.96,6,0,0,19256.96,0.0,0.0,400.0,1774.08,10240.0,588.8,400.0,,,6,588.8×1; 1372.16×1; 10240×1; 400×1; 4480×1; 2176×1,,,,2020-01-19: נתוני גבהים | מחיר מינימום להזמנה (פוליגון אזור עניין) = 400,17% מהשורות = מחיר מקושר (או כפולה שלמה שלו),400 = מחיר המינימום לנתוני גבהים (19.1.20)
72160103,שעת עבודה על פי תעריף תקנות המדידה (אגרות),שעות עבודה לפי תקנות,חיוב לפי שעות עבודה בתעריף תקנות המדידות (אגרות) 1977,,אגרות לפי תקנות,תקנות בלבד,162,47,17907.52,0,150,12,0.0,15602.52,2305.0,103.28,104.0,856.0,104.0,,104.0,107.0,5,104×138; 107×12; 103.28×9; 243×2; 856×1,"תקנות המדידות (אגרות), התשל""ז-1977 (שעת עבודה)",,,,תואם לתעריף התקנות שבתוקף באותו חודש: 100%; לתעריף תקנות כלשהו (כולל עיכוב בעדכון): 100%,"חיוב ביחידות של חצי שעה לפי התעריף בתקנות; מ-9/2024 מק""ט חדש 8011150 בתעריף 243"
8004205,סט 17 מפות סימון שבילים מנויילן,מוצר מדף מוכן,מפה/פרסום מודפס מהמלאי,,מפות מודפסות ואטלסים,מחירון + פרוטוקול,17,17,16868.0,7,5,5,8568.0,4400.0,3900.0,650.0,884.0,1360.0,1360.0,1360.0,800.0,650.0,5,1360×5; 800×5; 1000×3; 884×2; 650×2,,"עמ' 28: מפות טיולים וסימון שבילים בקנה מידה 1:50,000 | סט מלא (17 מפות) = 1000",,2022-11-14: מפות סימון שבילים | סט מנוילן = 1000,18% מהשורות = מחיר מקושר (או כפולה שלמה שלו); ב-2024: 20%,
8004179,תיור וטיול - ניילון,מוצר מדף מוכן,מפה/פרסום מודפס מהמלאי,,מפות מודפסות ואטלסים,מחירון + פרוטוקול,93,93,16736.19,55,33,5,11931.18,3260.76,1544.25,29.58,87.0,3915.0,87.0,87.0,87.0,87.0,11,87×65; 174×11; 56.55×5; 29.58×3; 261×3; 609×1; 2262×1; 3915×1; 73.95×1; 43.5×1; 1109.25×1,,"עמ' 18: מפות תיור וטיול - קנה מידה 1:250,000 | 100X70 ס""מ, חלק צפוני / חלק דרומי = 32","עמ' 18: 100X70 ס""מ, חלק צפוני / חלק דרומי = 32","2022-06-02: מפות אגף קרטוגרפיה המופקות במפ""י (מפות עיר, מפות טופוגרפיות בקני מידה שונים) (עדכון מחיר)",0% מהשורות = מחיר מקושר (או כפולה שלמה שלו); ב-2024: 0%,
8008031,משטח עומקים בתימטרי רזולוציה 25 מ' לפיקס,מוצר מדף מוכן,קובץ ממאגר קיים (לעיתים בגזירה לפי שטח),,מיפוי ימי / בתימטריה,פרוטוקול בלבד,2,2,16348.94,1,0,1,2222.7,0.0,14126.24,2222.7,8174.469999999999,14126.24,2222.7,2222.7,,14126.24,2,2222.7×1; 14126.2×1,,,,2020-08-16: משטח עומקים בתימטרי | רזולוציה 25 מטר לפיקסל = 93,"לא ניתן לבדוק (מחיר לקמ""ר, אין שטח בנתוני המכירות)",
7214001,מפה היסטורית שחור לבן,שירות / עבודה / הוצאה ישירה,הדפסת העתק לפי הזמנה,ייתכן שנמכרת מהמלאי,מפות היסטוריות,פרוטוקול בלבד,180,103,16200.0,38,77,65,3420.0,6930.0,5850.0,90.0,90.0,90.0,90.0,90.0,90.0,90.0,1,90×180,,,,"2022-07-18: גיליונות מפות קנ""מ 1:50,000 שהודפסו לפני יוני 1967 (מהארכיון) (פטור (בקשה)); לא מצוין (ככל הנראה 28.7.2022 - לפי הפניה בפרוטוקול 14.11.22): גיליונות מפות קנ""מ 1:50,000 לפני 1967 (גבול מצרים) (פטור)",,קישור חלקי: הפרוטוקול עוסק בפטור ממחיר 90 למפה היסטורית; מחיר 90 עצמו לא נקבע בפרוטוקול שנמסר
2022171,ישראל 1:250000פיזית צפון+דרום עברית מקופ,מוצר מדף מוכן,מפה/פרסום מודפס מהמלאי,,מפות מודפסות ואטלסים,מחירון בלבד,22,22,15763.55,13,4,5,6030.4,6261.15,3472.0,25.95,64.0,5120.0,32.0,32.0,25.95,32.0,13,32×7; 64×3; 27.2×2; 320×1; 179.2×1; 1632×1; 3456×1; 96×1; 25.95×1; 1088×1; 5120×1; 816×1 …,,"עמ' 20: מפות פיזיות - קנה מידה 1:250,000 | 100X70 ס""מ, כל אחד משני החלקים (צפון/דרום) = 32; עמ' 20: מפות פיזיות - קנה מידה 1:250,000 | גיליון אחד שלם - מפה ארצית (מנוילנת) = 87","עמ' 20: 100X70 ס""מ, כל אחד משני החלקים (צפון/דרום) = 32; עמ' 20: גיליון אחד שלם - מפה ארצית (מנוילנת) = 87",,77% מהשורות = מחיר מקושר (או כפולה שלמה שלו); ב-2024: 80%,
8008050,"DTM- 10 m - בין 500- 2000 קמ""ר",מוצר מדף מוכן,קובץ ממאגר קיים (לעיתים בגזירה לפי שטח),,גבהים DTM/DSM/ענן נקודות,פרוטוקול בלבד,1,1,15096.0,1,0,0,15096.0,0.0,0.0,15096.0,15096.0,15096.0,15096.0,15096.0,,,1,15096×1,,,,"2020-06-07: מוצר גובה (8) | עד 5 קמ""ר = 34; 2020-06-07: מוצר גובה (8) | 5-50 קמ""ר = 33; 2020-06-07: מוצר גובה (8) | 50-500 קמ""ר = 28; 2020-06-07: מוצר גובה (8) | 500-2000 קמ""ר = 12; 2020-06-07: מוצר גובה (8) | מעל 2000 קמ""ר = 12","לא ניתן לבדוק (מחיר לקמ""ר, אין שטח בנתוני המכירות)","מוצר גובה (8) = DTM רסטר 10 מטר לפיקסל, לפי פרוטוקול 23.7.20; לא מופיע במחירון"
8006924,מפת עיר חדשה עם/בלי גושים,מוצר מדף מוכן,מפה/פרסום מודפס מהמלאי,,מפות גוש/קדסטר,מחירון + פרוטוקול,65,65,14857.3,18,28,19,2033.5,6897.0,5926.8,16.5,66.0,2211.0,33.0,50.0,33.0,66.0,28,33×16; 66×11; 50×5; 99×3; 462×2; 100×2; 16.5×2; 198×2; 132×2; 165×2; 200×1; 42.5×1 …,,"עמ' 17: מפות יישובים (עם גושים / בלי גושים) | 100X70 ס""מ (מודפסת; ניתן מקופלת 22X12 או שטוחה) = 33","עמ' 17: 100X70 ס""מ (מודפסת; ניתן מקופלת 22X12 או שטוחה) = 33","2022-06-02: מפות אגף קרטוגרפיה המופקות במפ""י (מפות עיר, מפות טופוגרפיות בקני מידה שונים) (עדכון מחיר)",72% מהשורות = מחיר מקושר (או כפולה שלמה שלו); ב-2024: 95%,
8003989,מערך נתוני מבנים,מוצר מדף מוכן,שכבת מידע / קובץ דיגיטלי קיים,,שכבות ונתונים וקטוריים,מחירון בלבד,2,2,13968.0,1,0,1,5910.0,0.0,8058.0,5910.0,6984.0,8058.0,5910.0,5910.0,,8058.0,2,5910×1; 8058×1,,"עמ' 35: בנט""ל - מערך נתוני מבנים 1:2,500 | 1 קמ""ר (1000 דונם) = 60; עמ' 35: בנט""ל - מערך נתוני מבנים 1:2,500 | כיסוי ארצי = 80000; עמ' 35: בנט""ל - מערך נתוני מבנים 1:2,500 | כיסוי ארצי - רישיון ארגוני = 160000","עמ' 34: 1 קמ""ר (1000 דונם) = 60; עמ' 34: כיסוי ארצי = 80000; עמ' 34: כיסוי ארצי - רישיון ארגוני = 160000",,"לא ניתן לבדוק (מחיר לקמ""ר, אין שטח בנתוני המכירות)",
8010979,שירותי רקע (WS) מדרגה 1 - שנתי,מוצר מדף מוכן,שכבת מידע / קובץ דיגיטלי קיים,,שכבות ונתונים וקטוריים,מחירון בלבד,3,3,13800.0,0,0,3,0.0,0.0,13800.0,4600.0,4600.0,4600.0,4600.0,,,4600.0,1,4600×3,,"עמ' 53: שירותי רקע (WS) של המרכז למיפוי ישראל | לקוח עסקי: 1-100,000 בקשות בחודש, 1-5 משתמשים בארגון = 4600","עמ' 52: לקוח עסקי: 1-100,000 בקשות בחודש, 1-5 משתמשים בארגון = 4600",,100% מהשורות = מחיר מקושר (או כפולה שלמה שלו); ב-2024: 100%,
8008069,"ענן נקודות DSM- בין 50- 500 קמ""ר",מוצר מדף מוכן,קובץ ממאגר קיים (לעיתים בגזירה לפי שטח),,גבהים DTM/DSM/ענן נקודות,מחירון + פרוטוקול,1,1,12040.77,0,0,1,0.0,0.0,12040.77,12040.77,12040.77,12040.77,12040.77,,,12040.77,1,12040.8×1,,"עמ' 42: מודלי גבהים - ענן נקודות תלת מימדי צבעוני (9-12 נקודות ל-1 מ""ר) | שטח: עד 5 קמ""ר = 69; עמ' 42: מודלי גבהים - ענן נקודות תלת מימדי צבעוני (9-12 נקודות ל-1 מ""ר) | שטח: 5-50 קמ""ר = 65; עמ' 42: מודלי גבהים - ענן נקודות תלת מימדי צבעוני (9-12 נקודות ל-1 מ""ר) | שטח: 50-500 קמ""ר = 59; עמ' 42: מודלי גבהים - ענן נקודות תלת מימדי צבעוני (9-12 נקודות ל-1 מ""ר) | שטח: מעל 500-2,000 קמ""ר = 54; עמ' 42: מודלי גבהים - ענן נקודות תלת מימדי צבעוני (9-12 נקודות ל-1 מ""ר) | שטח: מעל 2,000 קמ""ר = 49","עמ' 41: שטח: עד 5 קמ""ר = 69; עמ' 41: שטח: 5-50 קמ""ר = 65; עמ' 41: שטח: 50-500 קמ""ר = 59; עמ' 41: שטח: מעל 500-2,000 קמ""ר = 54; עמ' 41: שטח: מעל 2,000 קמ""ר = 49","2020-06-07: מוצר גובה (1) | עד 5 קמ""ר = 69; 2020-06-07: מוצר גובה (1) | 5-50 קמ""ר = 65; 2020-06-07: מוצר גובה (1) | 50-500 קמ""ר = 59; 2020-06-07: מוצר גובה (1) | 500-2000 קמ""ר = 54; 2020-06-07: מוצר גובה (1) | מעל 2000 קמ""ר = 49","לא ניתן לבדוק (מחיר לקמ""ר, אין שטח בנתוני המכירות)",מוצר גובה (1) בפרוטוקול = ענן נקודות לפי זהות המחירים
721711,"הגדלה מקומית של תצ""א",שירות / עבודה / הוצאה ישירה,"הפקה לפי הזמנה: הדפסה, הגדלה, סריקה או העתקה",,תצלומי אוויר (ארכיון),מחירון + פרוטוקול,18,18,11760.0,13,5,0,8820.0,2940.0,0.0,420.0,420.0,2100.0,420.0,420.0,420.0,,4,420×13; 840×3; 1680×1; 2100×1,,"עמ' 4: הגדלה מודפסת מקומית של תצ""א שחור-לבן | נייר 50 ס""מ X 50 ס""מ = 500; עמ' 4: הגדלה מודפסת מקומית של תצ""א שחור-לבן | נייר 1 מטר X 1 מטר = 550","עמ' 4: נייר 50 ס""מ X 50 ס""מ = 500; עמ' 4: נייר 1 מטר X 1 מטר = 550","2023-05-03: תצלומי אוויר (תצ""א) (עדכון מחיר)",0% מהשורות = מחיר מקושר (או כפולה שלמה שלו),
8008054,"DTM- 50 cm  - בין 50- 500 קמ""ר",מוצר מדף מוכן,קובץ ממאגר קיים (לעיתים בגזירה לפי שטח),,גבהים DTM/DSM/ענן נקודות,מחירון + פרוטוקול,1,1,11759.33,0,0,1,0.0,0.0,11759.33,11759.33,11759.33,11759.33,11759.33,,,11759.33,1,11759.3×1,,"עמ' 40: מודלי גבהים - DTM ברזולוציה של 50 סנטימטר לפיקסל | שטח: עד 5 קמ""ר = 66; עמ' 40: מודלי גבהים - DTM ברזולוציה של 50 סנטימטר לפיקסל | שטח: 5-50 קמ""ר = 63; עמ' 40: מודלי גבהים - DTM ברזולוציה של 50 סנטימטר לפיקסל | שטח: 50-500 קמ""ר = 57; עמ' 40: מודלי גבהים - DTM ברזולוציה של 50 סנטימטר לפיקסל | שטח: מעל 500-2,000 קמ""ר = 52; עמ' 40: מודלי גבהים - DTM ברזולוציה של 50 סנטימטר לפיקסל | שטח: מעל 2,000 קמ""ר = 47","עמ' 39: שטח: עד 5 קמ""ר = 66; עמ' 39: שטח: 5-50 קמ""ר = 63; עמ' 39: שטח: 50-500 קמ""ר = 57; עמ' 39: שטח: מעל 500-2,000 קמ""ר = 52; עמ' 39: שטח: מעל 2,000 קמ""ר = 47","2020-06-07: מוצר גובה (4) | עד 5 קמ""ר = 66; 2020-06-07: מוצר גובה (4) | 5-50 קמ""ר = 63; 2020-06-07: מוצר גובה (4) | 50-500 קמ""ר = 57; 2020-06-07: מוצר גובה (4) | 500-2000 קמ""ר = 52; 2020-06-07: מוצר גובה (4) | מעל 2000 קמ""ר = 47","לא ניתן לבדוק (מחיר לקמ""ר, אין שטח בנתוני המכירות)",מוצר גובה (4) בפרוטוקול = DTM לפי זהות המחירים
721717,"הגדלה מקומית של תצ""א צבעוני",שירות / עבודה / הוצאה ישירה,"הפקה לפי הזמנה: הדפסה, הגדלה, סריקה או העתקה",,תצלומי אוויר (ארכיון),מחירון + פרוטוקול,19,19,11625.0,13,6,0,6510.0,5115.0,0.0,465.0,465.0,1395.0,465.0,465.0,465.0,,3,465×15; 930×2; 1395×2,,"עמ' 6: הגדלה מודפסת מקומית של תצ""א צבעוני (החל מ-2017) | נייר 50 ס""מ X 50 ס""מ = 585; עמ' 6: הגדלה מודפסת מקומית של תצ""א צבעוני (החל מ-2017) | נייר 1 מטר X 1 מטר = 600","עמ' 6: נייר 50 ס""מ X 50 ס""מ = 585; עמ' 6: נייר 1 מטר X 1 מטר = 600","2023-05-03: תצלומי אוויר (תצ""א) (עדכון מחיר)",0% מהשורות = מחיר מקושר (או כפולה שלמה שלו),
8004243,"מפת ישראל פיזית,ק  מ 1:400000- ניילון",מוצר מדף מוכן,מפה/פרסום מודפס מהמלאי,,מפות מודפסות ואטלסים,מחירון בלבד,21,21,11098.0,5,12,4,3152.0,4660.0,3286.0,26.0,40.0,3168.0,40.0,26.0,40.0,26.0,14,40×5; 26×4; 3030×1; 30×1; 740×1; 400×1; 34×1; 80×1; 320×1; 200×1; 340×1; 2400×1 …,,"עמ' 20: מפות פיזיות - קנה מידה 1:250,000 | 100X70 ס""מ, כל אחד משני החלקים (צפון/דרום) = 32; עמ' 20: מפות פיזיות - קנה מידה 1:250,000 | גיליון אחד שלם - מפה ארצית (מנוילנת) = 87","עמ' 20: 100X70 ס""מ, כל אחד משני החלקים (צפון/דרום) = 32; עמ' 20: גיליון אחד שלם - מפה ארצית (מנוילנת) = 87",,14% מהשורות = מחיר מקושר (או כפולה שלמה שלו); ב-2024: 25%,
8003992,אורתופוטו 1 מ' ארצי,מוצר מדף מוכן,קובץ ממאגר קיים (לעיתים בגזירה לפי שטח),,אורתופוטו,ללא קישור,4,4,10981.8,3,1,0,9709.65,1272.15,0.0,591.3,1595.25,7200.0,1918.35,591.3,1272.15,,4,1918.35×1; 591.3×1; 7200×1; 1272.15×1,,,,,,
8004142,קדסטר/תצ  ר למזמין שטוח,שירות / עבודה / הוצאה ישירה,הדפסת העתק לפי הזמנה,,מודד מבקר / אגרות מודדים,ללא קישור,34,34,10980.0,18,9,7,6780.0,3720.0,480.0,60.0,60.0,5220.0,60.0,60.0,60.0,60.0,7,60×22; 120×6; 180×2; 240×1; 5220×1; 2820×1; 300×1,,,,,,
721706,תצהיר מקור,שירות / עבודה / הוצאה ישירה,הכנה וחתימה של תעודה/תצהיר על ידי עובד,,תעודות עובד ציבור,מחירון בלבד,94,94,10234.0,67,27,0,7740.0,2494.0,0.0,86.0,86.0,430.0,86.0,86.0,86.0,,5,86×79; 172×9; 258×3; 344×2; 430×1,,עמ' 13: תצהיר מקור לתצלום אוויר | שירות = 125,עמ' 13: שירות = 125,,0% מהשורות = מחיר מקושר (או כפולה שלמה שלו),
8009296,משטח מגנטי,שירות / עבודה / הוצאה ישירה,"שעות עבודה, שירות מדידה או הוצאה ישירה",,שעות עבודה ושירותים,פרוטוקול בלבד,1,1,10000.0,0,1,0,0.0,10000.0,0.0,10000.0,10000.0,10000.0,10000.0,,10000.0,,1,10000×1,,,,לא מצוין (ככל הנראה 28.7.2022 - לפי הפניה בפרוטוקול 14.11.22): פרויקט משטח מגנטי |  = 10000,100% מהשורות = מחיר מקושר (או כפולה שלמה שלו),
2022164,סט תיור וטיול 1:250000 אנגלית מקופל,מוצר מדף מוכן,מפה/פרסום מודפס מהמלאי,,מפות מודפסות ואטלסים,מחירון + פרוטוקול,28,28,9589.12,7,8,13,1400.0,5817.92,2371.2,20.8,80.0,3200.0,32.0,32.0,32.0,32.0,16,32×8; 64×3; 128×2; 96×2; 256×2; 120×1; 960×1; 160×1; 3200×1; 25.92×1; 2016×1; 384×1 …,,"עמ' 18: מפות תיור וטיול - קנה מידה 1:250,000 | 100X70 ס""מ, חלק צפוני / חלק דרומי = 32","עמ' 18: 100X70 ס""מ, חלק צפוני / חלק דרומי = 32","2022-06-02: מפות אגף קרטוגרפיה המופקות במפ""י (מפות עיר, מפות טופוגרפיות בקני מידה שונים) (עדכון מחיר)",82% מהשורות = מחיר מקושר (או כפולה שלמה שלו); ב-2024: 77%,
8004188,מפת סימון שבילים+למינציה,מוצר מדף מוכן,מפה/פרסום מודפס מהמלאי,,מפות מודפסות ואטלסים,מחירון + פרוטוקול,63,63,9578.75,52,9,2,7978.25,1498.25,102.25,42.25,84.0,756.0,84.0,84.0,65.0,42.25,26,84×21; 168×7; 65×4; 63×3; 42.25×3; 252×3; 54.18×2; 54.6×2; 672×1; 285.6×1; 428.4×1; 162.54×1 …,,"עמ' 28: מפות טיולים וסימון שבילים בקנה מידה 1:50,000 | מפה בודדת 100X70 ס""מ = 65",,2022-11-14: מפות סימון שבילים | מפה בודדת מנוילנת = 65; 2022-11-14: מפות סימון שבילים | מפה בודדת - מחיר בכנסים = 60,13% מהשורות = מחיר מקושר (או כפולה שלמה שלו); ב-2024: 50%,
8008170,משלוח מהיר בדואר,שירות / עבודה / הוצאה ישירה,"הוצאה ישירה (משלוח, דמי טיפול, ביצוע למינציה)",,משלוח ודמי טיפול,ללא קישור,95,95,9424.0,45,35,15,5102.5,2957.5,1364.0,65.0,65.0,1885.0,65.0,65.0,65.0,65.0,8,65×75; 130×7; 80×5; 227.5×3; 195×2; 1885×1; 97.5×1; 184×1,,,,,,
8007943,"הגדלה גודל קטן של תצ""א צבעוני",שירות / עבודה / הוצאה ישירה,"הפקה לפי הזמנה: הדפסה, הגדלה, סריקה או העתקה",,תצלומי אוויר (ארכיון),מחירון + פרוטוקול,11,11,9075.0,7,3,1,6510.0,1395.0,1170.0,465.0,465.0,2325.0,465.0,465.0,465.0,1170.0,4,465×8; 1860×1; 2325×1; 1170×1,,"עמ' 6: הגדלה מודפסת מקומית של תצ""א צבעוני (החל מ-2017) | נייר 50 ס""מ X 50 ס""מ = 585; עמ' 6: הגדלה מודפסת מקומית של תצ""א צבעוני (החל מ-2017) | נייר 1 מטר X 1 מטר = 600","עמ' 6: נייר 50 ס""מ X 50 ס""מ = 585; עמ' 6: נייר 1 מטר X 1 מטר = 600","2023-05-03: תצלומי אוויר (תצ""א) (עדכון מחיר)",9% מהשורות = מחיר מקושר (או כפולה שלמה שלו); ב-2024: 100%,
2022295,"מפה פיזית, 1:450000 עברית",מוצר מדף מוכן,מפה/פרסום מודפס מהמלאי,,מפות מודפסות ואטלסים,מחירון בלבד,28,28,9025.2,7,17,4,2527.2,4134.0,2364.0,19.2,72.0,1860.0,24.0,24.0,24.0,24.0,17,24×8; 48×3; 1860×2; 240×2; 163.2×1; 168×1; 38.4×1; 19.2×1; 96×1; 20.4×1; 420×1; 336×1 …,,"עמ' 21: מפות פיזיות - קנה מידה 1:450,000 | 100X40 ס""מ (מקופלת 20X13 או שטוחה) = 24","עמ' 21: 100X40 ס""מ (מקופלת 20X13 או שטוחה) = 24",,64% מהשורות = מחיר מקושר (או כפולה שלמה שלו); ב-2024: 75%,
8004004,קבצי בנט  ל (כללי),מוצר מדף מוכן,שכבת מידע / קובץ דיגיטלי קיים,,שכבות ונתונים וקטוריים,מחירון בלבד,7,7,8947.5,7,0,0,8947.5,0.0,0.0,200.0,400.0,3947.5,400.0,400.0,,,4,400×4; 3947.5×1; 3200×1; 200×1,,"עמ' 32: בנט""ל מלא ארצי 1:2,500 (כולל 25 שכבות מידע גאוגרפי) | 1 קמ""ר (1000 דונם) = 250; עמ' 32: בנט""ל מלא ארצי 1:2,500 (כולל 25 שכבות מידע גאוגרפי) | כיסוי ארצי = 560000","עמ' 31: 1 קמ""ר (1000 דונם) = 250; עמ' 31: כיסוי ארצי = 560000",,"לא ניתן לבדוק (מחיר לקמ""ר, אין שטח בנתוני המכירות)",
8003893,הגדלה 0.5-1,שירות / עבודה / הוצאה ישירה,"הפקה לפי הזמנה: הדפסה, הגדלה, סריקה או העתקה",,תצלומי אוויר (ארכיון),מחירון + פרוטוקול,7,7,8920.0,3,1,3,2100.0,420.0,6400.0,420.0,840.0,4200.0,420.0,840.0,420.0,550.0,5,420×2; 840×2; 1650×1; 550×1; 4200×1,,"עמ' 4: הגדלה מודפסת מקומית של תצ""א שחור-לבן | נייר 50 ס""מ X 50 ס""מ = 500; עמ' 4: הגדלה מודפסת מקומית של תצ""א שחור-לבן | נייר 1 מטר X 1 מטר = 550","עמ' 4: נייר 50 ס""מ X 50 ס""מ = 500; עמ' 4: נייר 1 מטר X 1 מטר = 550","2023-05-03: תצלומי אוויר (תצ""א) (עדכון מחיר)",29% מהשורות = מחיר מקושר (או כפולה שלמה שלו); ב-2024: 67%,
8004180,ישראל-פיזית- ניילון,מוצר מדף מוכן,מפה/פרסום מודפס מהמלאי,,מפות מודפסות ואטלסים,מחירון בלבד,35,35,8472.93,21,8,6,5167.8,870.0,2435.13,29.58,87.0,1392.0,87.0,87.0,87.0,29.58,12,87×23; 261×2; 174×1; 556.8×1; 870×1; 696×1; 652.5×1; 913.5×1; 29.58×1; 1392×1; 56.55×1; 609×1,,"עמ' 20: מפות פיזיות - קנה מידה 1:250,000 | 100X70 ס""מ, כל אחד משני החלקים (צפון/דרום) = 32; עמ' 20: מפות פיזיות - קנה מידה 1:250,000 | גיליון אחד שלם - מפה ארצית (מנוילנת) = 87","עמ' 20: 100X70 ס""מ, כל אחד משני החלקים (צפון/דרום) = 32; עמ' 20: גיליון אחד שלם - מפה ארצית (מנוילנת) = 87",,86% מהשורות = מחיר מקושר (או כפולה שלמה שלו); ב-2024: 67%,
8004131,עותק נוסף מתצ  ר,שירות / עבודה / הוצאה ישירה,"הפקה לפי הזמנה: הדפסה, הגדלה, סריקה או העתקה",,מודד מבקר / אגרות מודדים,ללא קישור,7,7,7710.0,1,6,0,4920.0,2790.0,0.0,30.0,60.0,4920.0,30.0,4920.0,30.0,,5,30×2; 60×2; 4920×1; 2490×1; 120×1,,,,,,
8003951,ציפוי למינציה למטר רץ,שירות / עבודה / הוצאה ישירה,"הוצאה ישירה (משלוח, דמי טיפול, ביצוע למינציה)",,משלוח ודמי טיפול,ללא קישור,28,28,6528.5,8,11,9,1146.2,2852.3,2530.0,22.0,44.0,2225.3,22.0,22.0,22.0,22.0,11,22×10; 44×4; 88×4; 66×3; 860.2×1; 2225.3×1; 198×1; 33×1; 132×1; 1848×1; 286×1,,,,,,
2022311,ימית-ראש הנקרה-קיסריה.ים התיכון-ישראל,מוצר מדף מוכן,מפה/פרסום מודפס מהמלאי,,מיפוי ימי / בתימטריה,מחירון + פרוטוקול,5,5,6175.0,1,3,1,5395.0,390.0,390.0,130.0,130.0,5395.0,130.0,5395.0,130.0,390.0,3,130×3; 5395×1; 390×1,,"עמ' 27: מפה ימית (הים התיכון 1:250,000; ראש הנקרה/קיסריה/פלמחים 1:100,000; מפרץ אילת/אשדוד/חיפה/ת""א-יפו/חדרה 1:20,000; מעגנת הרצליה 1:10,000; אשקלון 1:30,000) | מפה ימית = 130",עמ' 27: מפה ימית = 130,2020-08-16: מפת נייר (ימית) | למפה = 130,80% מהשורות = מחיר מקושר (או כפולה שלמה שלו); ב-2024: 100%,
7214002,מפה היסטורית צבעונית,שירות / עבודה / הוצאה ישירה,הדפסת העתק לפי הזמנה,ייתכן שנמכרת מהמלאי,מפות היסטוריות,פרוטוקול בלבד,153,70,6120.0,30,81,42,1200.0,3240.0,1680.0,40.0,40.0,40.0,40.0,40.0,40.0,40.0,1,40×153,,,,"2022-07-18: גיליונות מפות קנ""מ 1:50,000 שהודפסו לפני יוני 1967 (מהארכיון) (פטור (בקשה)); לא מצוין (ככל הנראה 28.7.2022 - לפי הפניה בפרוטוקול 14.11.22): גיליונות מפות קנ""מ 1:50,000 לפני 1967 (גבול מצרים) (פטור)",,קישור חלקי: הפרוטוקול עוסק בפטור ממחיר 90 למפה היסטורית; מחיר 90 עצמו לא נקבע בפרוטוקול שנמסר
720103,מפת עיר עם למינציה,מוצר מדף מוכן,מפה/פרסום מודפס מהמלאי,,מפות מודפסות ואטלסים,מחירון + פרוטוקול,84,18,6048.0,17,67,0,1224.0,4824.0,0.0,72.0,72.0,72.0,72.0,72.0,72.0,,1,72×84,,"עמ' 17: מפות יישובים (עם גושים / בלי גושים) | 100X70 ס""מ (מודפסת; ניתן מקופלת 22X12 או שטוחה) = 33","עמ' 17: 100X70 ס""מ (מודפסת; ניתן מקופלת 22X12 או שטוחה) = 33","2022-06-02: מפות אגף קרטוגרפיה המופקות במפ""י (מפות עיר, מפות טופוגרפיות בקני מידה שונים) (עדכון מחיר)",0% מהשורות = מחיר מקושר (או כפולה שלמה שלו),
2022276,אטלס ישראל החדש/לתלמיד,מוצר מדף מוכן,מפה/פרסום מודפס מהמלאי,,מפות מודפסות ואטלסים,ללא קישור,21,21,5980.0,12,7,2,4225.0,1625.0,130.0,65.0,65.0,1040.0,65.0,65.0,65.0,65.0,7,65×12; 650×3; 260×2; 585×1; 1040×1; 910×1; 195×1,,,,,,
722102,שעת מידע בתחום גבולות,שעות עבודה לפי תקנות,חיוב לפי שעות עבודה בתעריף תקנות המדידות (אגרות) 1977,,אגרות לפי תקנות,תקנות בלבד,50,32,5949.96,4,13,33,392.0,1346.96,4211.0,96.24,107.0,243.0,107.0,96.24,103.28,107.0,5,107×28; 103.28×8; 104×6; 243×5; 96.24×3,"תקנות המדידות (אגרות), התשל""ז-1977 (שעת עבודה)",,,,תואם לתעריף התקנות שבתוקף באותו חודש: 96%; לתעריף תקנות כלשהו (כולל עיכוב בעדכון): 100%,הסכומים זהים בדיוק לתעריף השעה בתקנות
72160104,תוספת תשלום לחלקה מעל ל-100 חלקות - מודד מבקר,שירות / עבודה / הוצאה ישירה,"ביקורת תצ""ר ורישום: עבודה מקצועית לכל תכנית",,מודד מבקר / אגרות מודדים,מחירון בלבד,86,8,5944.0,0,82,4,0.0,1710.0,4234.0,10.0,10.0,1925.0,10.0,,10.0,290.0,7,10×80; 260×1; 650×1; 1199×1; 1925×1; 820×1; 290×1,,עמ' 46: אגרת ביקורת במסלול מודד מבקר | תוספת לכל חלקה מעל 100 חלקות = 11,עמ' 45: תוספת לכל חלקה מעל 100 חלקות = 11,,2% מהשורות = מחיר מקושר (או כפולה שלמה שלו); ב-2024: 50%,"נמכר ב-10 ב-2023, במחירון 2024: 11; התוספת לחלקה לא נזכרת בפרוטוקול"
721720,"מוצר משולב של תצ""א צבעוני והגדלה",שירות / עבודה / הוצאה ישירה,"הפקה לפי הזמנה: הדפסה, הגדלה, סריקה או העתקה",,תצלומי אוויר (ארכיון),מחירון + פרוטוקול,9,9,5900.0,5,4,0,2950.0,2950.0,0.0,590.0,590.0,1180.0,590.0,590.0,590.0,,2,590×8; 1180×1,,"עמ' 11: מוצר משולב של תצ""א צבעוני + הגדלה | תצלום אוויר צבעוני + הגדלה דיגיטלית מקומית של תצ""א צבעוני = 750","עמ' 11: תצלום אוויר צבעוני + הגדלה דיגיטלית מקומית של תצ""א צבעוני = 750","2023-05-03: תצלומי אוויר (תצ""א) (עדכון מחיר)",0% מהשורות = מחיר מקושר (או כפולה שלמה שלו),
8008053,"DTM- 50 cm - בין 5- 50 קמ""ר",מוצר מדף מוכן,קובץ ממאגר קיים (לעיתים בגזירה לפי שטח),,גבהים DTM/DSM/ענן נקודות,מחירון + פרוטוקול,7,7,5883.05,0,0,7,0.0,0.0,5883.05,218.4,614.25,2066.4,218.4,,,218.4,7,218.4×1; 942.48×1; 508.23×1; 614.25×1; 2066.4×1; 352.04×1; 1181.25×1,,"עמ' 40: מודלי גבהים - DTM ברזולוציה של 50 סנטימטר לפיקסל | שטח: עד 5 קמ""ר = 66; עמ' 40: מודלי גבהים - DTM ברזולוציה של 50 סנטימטר לפיקסל | שטח: 5-50 קמ""ר = 63; עמ' 40: מודלי גבהים - DTM ברזולוציה של 50 סנטימטר לפיקסל | שטח: 50-500 קמ""ר = 57; עמ' 40: מודלי גבהים - DTM ברזולוציה של 50 סנטימטר לפיקסל | שטח: מעל 500-2,000 קמ""ר = 52; עמ' 40: מודלי גבהים - DTM ברזולוציה של 50 סנטימטר לפיקסל | שטח: מעל 2,000 קמ""ר = 47","עמ' 39: שטח: עד 5 קמ""ר = 66; עמ' 39: שטח: 5-50 קמ""ר = 63; עמ' 39: שטח: 50-500 קמ""ר = 57; עמ' 39: שטח: מעל 500-2,000 קמ""ר = 52; עמ' 39: שטח: מעל 2,000 קמ""ר = 47","2020-06-07: מוצר גובה (4) | עד 5 קמ""ר = 66; 2020-06-07: מוצר גובה (4) | 5-50 קמ""ר = 63; 2020-06-07: מוצר גובה (4) | 50-500 קמ""ר = 57; 2020-06-07: מוצר גובה (4) | 500-2000 קמ""ר = 52; 2020-06-07: מוצר גובה (4) | מעל 2000 קמ""ר = 47","לא ניתן לבדוק (מחיר לקמ""ר, אין שטח בנתוני המכירות)",מוצר גובה (4) בפרוטוקול = DTM לפי זהות המחירים
8003884,"דמי טפול לצריבה ו/או משלוח בדוא""ל",שירות / עבודה / הוצאה ישירה,"הוצאה ישירה (משלוח, דמי טיפול, ביצוע למינציה)",,משלוח ודמי טיפול,פרוטוקול בלבד,363,362,5807.97,236,127,0,3827.97,1980.0,0.0,5.18,15.0,150.0,15.0,15.0,15.0,,9,15×351; 30×4; 45×2; 60×1; 17.97×1; 150×1; 5.18×1; 9.82×1; 90×1,,,,2023-05-03: דמי טיפול |  = 0,,הפרוטוקול (3.5.23) ביטל דמי טיפול; החיוב נפסק ביולי 2023
3449,מפת הדרכה לניווט ימי,מוצר מדף מוכן,מפה/פרסום מודפס מהמלאי,,מיפוי ימי / בתימטריה,מחירון בלבד,208,29,5616.0,124,64,20,3348.0,1728.0,540.0,27.0,27.0,27.0,27.0,27.0,27.0,27.0,1,27×208,,"עמ' 27: מפת הדרכה לניווט ימי (מפה לתלמיד) 1:250,000 | 90X60 ס""מ = 27","עמ' 27: 90X60 ס""מ = 27",,100% מהשורות = מחיר מקושר (או כפולה שלמה שלו); ב-2024: 100%,
2022273,ימית-קיסריה-פלמחים.ים התיכון-ישראל,מוצר מדף מוכן,מפה/פרסום מודפס מהמלאי,,מיפוי ימי / בתימטריה,מחירון + פרוטוקול,2,2,5525.0,1,1,0,5395.0,130.0,0.0,130.0,2762.5,5395.0,5395.0,5395.0,130.0,,2,5395×1; 130×1,,"עמ' 27: מפה ימית (הים התיכון 1:250,000; ראש הנקרה/קיסריה/פלמחים 1:100,000; מפרץ אילת/אשדוד/חיפה/ת""א-יפו/חדרה 1:20,000; מעגנת הרצליה 1:10,000; אשקלון 1:30,000) | מפה ימית = 130",עמ' 27: מפה ימית = 130,2020-08-16: מפת נייר (ימית) | למפה = 130,50% מהשורות = מחיר מקושר (או כפולה שלמה שלו),
3311,אטלס ישראל החדש - האטלס הלאומי,מוצר מדף מוכן,מפה/פרסום מודפס מהמלאי,,מפות מודפסות ואטלסים,ללא קישור,79,16,5135.0,55,23,1,3575.0,1495.0,65.0,65.0,65.0,65.0,65.0,65.0,65.0,65.0,1,65×79,,,,,,
8004056,תעודת עובד ציבור+חוות דעת מומחה,שירות / עבודה / הוצאה ישירה,הכנה וחתימה של תעודה/תצהיר על ידי עובד,,תעודות עובד ציבור,ללא קישור,10,10,5000.0,6,2,2,3000.0,1000.0,1000.0,500.0,500.0,500.0,500.0,500.0,500.0,500.0,1,500×10,,,,,,
8004259,קובץ סרוק מפה צבעונית,שירות / עבודה / הוצאה ישירה,"הפקה לפי הזמנה: הדפסה, הגדלה, סריקה או העתקה",,מפות מודפסות ואטלסים,ללא קישור,2,2,4100.0,0,2,0,0.0,4100.0,0.0,2000.0,2050.0,2100.0,2000.0,,2000.0,,2,2000×1; 2100×1,,,,,,
7210001,מפת גוש מודפסת,שירות / עבודה / הוצאה ישירה,"הפקה לפי הזמנה: הדפסה, הגדלה, סריקה או העתקה",,מפות גוש/קדסטר,ללא קישור,88,65,3960.0,45,24,19,2025.0,1080.0,855.0,45.0,45.0,45.0,45.0,45.0,45.0,45.0,1,45×88,,,,,,
8010010,מחיר מינימום לרכישת נתונים דיגיטליים,מוצר מדף מוכן,שכבת מידע / קובץ דיגיטלי קיים,,שכבות ונתונים וקטוריים,פרוטוקול בלבד,9,9,3800.0,0,0,9,0.0,0.0,3800.0,200.0,400.0,800.0,400.0,,,400.0,3,400×7; 800×1; 200×1,,,,2020-01-19: נתוני גבהים | מחיר מינימום להזמנה (פוליגון אזור עניין) = 400; 2020-08-16: מוצרי מיפוי ימי - גזירת נתונים | מחיר מינימום לכל מכירה שתדרוש גזירת נתונים = 400,89% מהשורות = מחיר מקושר (או כפולה שלמה שלו); ב-2024: 89%,400 = מחיר מינימום (נתוני גבהים / גזירת נתונים ימיים)
2022304,ימית-תל אביב יפו,מוצר מדף מוכן,מפה/פרסום מודפס מהמלאי,,מיפוי ימי / בתימטריה,מחירון + פרוטוקול,12,12,3581.5,6,5,1,1521.0,1020.5,1040.0,110.5,175.5,1040.0,130.0,130.0,130.0,1040.0,6,130×5; 260×2; 520×2; 221×1; 110.5×1; 1040×1,,"עמ' 27: מפה ימית (הים התיכון 1:250,000; ראש הנקרה/קיסריה/פלמחים 1:100,000; מפרץ אילת/אשדוד/חיפה/ת""א-יפו/חדרה 1:20,000; מעגנת הרצליה 1:10,000; אשקלון 1:30,000) | מפה ימית = 130",עמ' 27: מפה ימית = 130,2020-08-16: מפת נייר (ימית) | למפה = 130,83% מהשורות = מחיר מקושר (או כפולה שלמה שלו); ב-2024: 100%,
2022275,ימית-ים התיכון-ישראל פלמחים-עזה,מוצר מדף מוכן,מפה/פרסום מודפס מהמלאי,,מיפוי ימי / בתימטריה,מחירון + פרוטוקול,1,1,3452.8,1,0,0,3452.8,0.0,0.0,3452.8,3452.8,3452.8,3452.8,3452.8,,,1,3452.8×1,,"עמ' 27: מפה ימית (הים התיכון 1:250,000; ראש הנקרה/קיסריה/פלמחים 1:100,000; מפרץ אילת/אשדוד/חיפה/ת""א-יפו/חדרה 1:20,000; מעגנת הרצליה 1:10,000; אשקלון 1:30,000) | מפה ימית = 130",עמ' 27: מפה ימית = 130,2020-08-16: מפת נייר (ימית) | למפה = 130,0% מהשורות = מחיר מקושר (או כפולה שלמה שלו),
8004138,עתקי אור/גוש שומאנגלית שטוח,שירות / עבודה / הוצאה ישירה,"הפקה לפי הזמנה: הדפסה, הגדלה, סריקה או העתקה",,מפות גוש/קדסטר,ללא קישור,38,38,3420.0,8,7,23,1080.0,1080.0,1260.0,45.0,45.0,495.0,45.0,45.0,45.0,45.0,8,45×27; 90×4; 180×2; 225×1; 360×1; 135×1; 495×1; 270×1,,,,,,
8007945,"הגדלה דיגיטאלית של תצ""א צבעוני",שירות / עבודה / הוצאה ישירה,"הפקה לפי הזמנה: הדפסה, הגדלה, סריקה או העתקה",,תצלומי אוויר (ארכיון),מחירון + פרוטוקול,6,6,3395.0,1,1,4,395.0,500.0,2500.0,395.0,500.0,1000.0,500.0,395.0,500.0,500.0,3,500×4; 395×1; 1000×1,,"עמ' 7: הגדלה דיגיטלית מקומית של תצ""א צבעוני (החל מ-2017) | קובץ PDF = 500",עמ' 7: קובץ PDF = 500,"2023-05-03: תצלומי אוויר (תצ""א) (עדכון מחיר)",83% מהשורות = מחיר מקושר (או כפולה שלמה שלו); ב-2024: 100%,
3182,"מפת ישראל בעברית 1:400,000 עם למינציה",מוצר מדף מוכן,מפה/פרסום מודפס מהמלאי,,מפות מודפסות ואטלסים,ללא קישור,39,29,3393.0,26,13,0,2262.0,1131.0,0.0,87.0,87.0,87.0,87.0,87.0,87.0,,1,87×39,,,,,,
8008241,סימון מבנים על גבי הגדלה,שירות / עבודה / הוצאה ישירה,"הפקה לפי הזמנה: הדפסה, הגדלה, סריקה או העתקה",,תצלומי אוויר (ארכיון),מחירון בלבד,7,7,3270.0,3,1,3,2310.0,210.0,750.0,210.0,250.0,1260.0,250.0,210.0,210.0,250.0,4,250×3; 210×2; 840×1; 1260×1,,עמ' 12: סימון מבנה על גבי הגדלה | שירות = 250,עמ' 12: שירות = 250,,43% מהשורות = מחיר מקושר (או כפולה שלמה שלו); ב-2024: 100%,
2022234,ס.שבילים/04 - הכרמל,מוצר מדף מוכן,מפה/פרסום מודפס מהמלאי,,מפות מודפסות ואטלסים,מחירון + פרוטוקול,18,18,3058.26,1,8,9,186.0,1105.0,1767.26,42.25,65.0,1075.01,65.0,186.0,65.0,65.0,8,65×10; 52×2; 650×1; 186×1; 156×1; 195×1; 42.25×1; 1075.01×1,,"עמ' 28: מפות טיולים וסימון שבילים בקנה מידה 1:50,000 | מפה בודדת 100X70 ס""מ = 65",,2022-11-14: מפות סימון שבילים | מפה בודדת מנוילנת = 65; 2022-11-14: מפות סימון שבילים | מפה בודדת - מחיר בכנסים = 60,67% מהשורות = מחיר מקושר (או כפולה שלמה שלו); ב-2024: 44%,
8007946,"חבילה דיגיטאלית של תצ""א צבעוני",מוצר מדף מוכן,"קבצי תצ""א קיימים מהארכיון",,תצלומי אוויר (ארכיון),מחירון + פרוטוקול,3,3,3000.0,0,1,2,0.0,750.0,2250.0,750.0,750.0,1500.0,750.0,,750.0,750.0,2,750×2; 1500×1,,"עמ' 11: מוצר משולב של תצ""א צבעוני + הגדלה | תצלום אוויר צבעוני + הגדלה דיגיטלית מקומית של תצ""א צבעוני = 750","עמ' 11: תצלום אוויר צבעוני + הגדלה דיגיטלית מקומית של תצ""א צבעוני = 750","2023-05-03: תצלומי אוויר (תצ""א) (עדכון מחיר)",100% מהשורות = מחיר מקושר (או כפולה שלמה שלו); ב-2024: 100%,
8008058,"DSM- 50 cm - בין 5- 50 קמ""ר",מוצר מדף מוכן,קובץ ממאגר קיים (לעיתים בגזירה לפי שטח),,גבהים DTM/DSM/ענן נקודות,מחירון + פרוטוקול,1,1,2927.9,1,0,0,2927.9,0.0,0.0,2927.9,2927.9,2927.9,2927.9,2927.9,,,1,2927.9×1,,"עמ' 39: מודלי גבהים - DSM ברזולוציה של 50 סנטימטר לפיקסל | שטח: עד 5 קמ""ר = 73; עמ' 39: מודלי גבהים - DSM ברזולוציה של 50 סנטימטר לפיקסל | שטח: 5-50 קמ""ר = 67; עמ' 39: מודלי גבהים - DSM ברזולוציה של 50 סנטימטר לפיקסל | שטח: 50-500 קמ""ר = 63; עמ' 39: מודלי גבהים - DSM ברזולוציה של 50 סנטימטר לפיקסל | שטח: מעל 500-2,000 קמ""ר = 56; עמ' 39: מודלי גבהים - DSM ברזולוציה של 50 סנטימטר לפיקסל | שטח: מעל 2,000 קמ""ר = 53","עמ' 38: שטח: עד 5 קמ""ר = 73; עמ' 38: שטח: 5-50 קמ""ר = 67; עמ' 38: שטח: 50-500 קמ""ר = 63; עמ' 38: שטח: מעל 500-2,000 קמ""ר = 56; עמ' 38: שטח: מעל 2,000 קמ""ר = 53","2020-06-07: מוצר גובה (2) | עד 5 קמ""ר = 73; 2020-06-07: מוצר גובה (2) | 5-50 קמ""ר = 67; 2020-06-07: מוצר גובה (2) | 50-500 קמ""ר = 63; 2020-06-07: מוצר גובה (2) | 500-2000 קמ""ר = 56; 2020-06-07: מוצר גובה (2) | מעל 2000 קמ""ר = 53","לא ניתן לבדוק (מחיר לקמ""ר, אין שטח בנתוני המכירות)",מוצר גובה (2) בפרוטוקול 7.6.20 = DSM לפי זהות המחירים
2022233,ס.שבילים/03 - הגליל התחתון,מוצר מדף מוכן,מפה/פרסום מודפס מהמלאי,,מפות מודפסות ואטלסים,מחירון + פרוטוקול,10,10,2891.52,1,3,6,186.0,195.0,2510.52,42.25,65.0,1425.02,65.0,186.0,65.0,65.0,6,65×5; 186×1; 195×1; 718.25×1; 42.25×1; 1425.02×1,,"עמ' 28: מפות טיולים וסימון שבילים בקנה מידה 1:50,000 | מפה בודדת 100X70 ס""מ = 65",,2022-11-14: מפות סימון שבילים | מפה בודדת מנוילנת = 65; 2022-11-14: מפות סימון שבילים | מפה בודדת - מחיר בכנסים = 60,60% מהשורות = מחיר מקושר (או כפולה שלמה שלו); ב-2024: 50%,
721714,דמי משלוח רשום עד חצי קילו,שירות / עבודה / הוצאה ישירה,"הוצאה ישירה (משלוח, דמי טיפול, ביצוע למינציה)",,משלוח ודמי טיפול,ללא קישור,73,73,2886.0,65,8,0,2574.0,312.0,0.0,39.0,39.0,78.0,39.0,39.0,39.0,,2,39×72; 78×1,,,,,,
721718,"הגדלה מקומית של תצ""א צבעוני",שירות / עבודה / הוצאה ישירה,"הפקה לפי הזמנה: הדפסה, הגדלה, סריקה או העתקה",,תצלומי אוויר (ארכיון),מחירון + פרוטוקול,5,5,2880.0,5,0,0,2880.0,0.0,0.0,480.0,480.0,960.0,480.0,480.0,,,2,480×4; 960×1,,"עמ' 6: הגדלה מודפסת מקומית של תצ""א צבעוני (החל מ-2017) | נייר 50 ס""מ X 50 ס""מ = 585; עמ' 6: הגדלה מודפסת מקומית של תצ""א צבעוני (החל מ-2017) | נייר 1 מטר X 1 מטר = 600","עמ' 6: נייר 50 ס""מ X 50 ס""מ = 585; עמ' 6: נייר 1 מטר X 1 מטר = 600","2023-05-03: תצלומי אוויר (תצ""א) (עדכון מחיר)",0% מהשורות = מחיר מקושר (או כפולה שלמה שלו),
721803,דמי משלוח,שירות / עבודה / הוצאה ישירה,"הוצאה ישירה (משלוח, דמי טיפול, ביצוע למינציה)",,משלוח ודמי טיפול,ללא קישור,105,101,2835.0,68,37,0,1836.0,999.0,0.0,27.0,27.0,27.0,27.0,27.0,27.0,,1,27×105,,,,,,
2022238,ס.שבילים/11 - ד.מדבר יהודה,מוצר מדף מוכן,מפה/פרסום מודפס מהמלאי,,מפות מודפסות ואטלסים,מחירון + פרוטוקול,7,7,2800.28,1,1,5,124.0,65.0,2611.28,42.25,65.0,2400.03,65.0,124.0,65.0,52.0,5,65×2; 52×2; 124×1; 42.25×1; 2400.03×1,,"עמ' 28: מפות טיולים וסימון שבילים בקנה מידה 1:50,000 | מפה בודדת 100X70 ס""מ = 65",,2022-11-14: מפות סימון שבילים | מפה בודדת מנוילנת = 65; 2022-11-14: מפות סימון שבילים | מפה בודדת - מחיר בכנסים = 60,43% מהשורות = מחיר מקושר (או כפולה שלמה שלו); ב-2024: 40%,
721721,דמי משלוח מהיר,שירות / עבודה / הוצאה ישירה,"הוצאה ישירה (משלוח, דמי טיפול, ביצוע למינציה)",,משלוח ודמי טיפול,ללא קישור,43,43,2795.0,35,8,0,2275.0,520.0,0.0,65.0,65.0,65.0,65.0,65.0,65.0,,1,65×43,,,,,,
7210004,"מפת תצ""ר מודפסת",שירות / עבודה / הוצאה ישירה,"הפקה לפי הזמנה: הדפסה, הגדלה, סריקה או העתקה",,מודד מבקר / אגרות מודדים,ללא קישור,46,34,2760.0,14,20,12,840.0,1200.0,720.0,60.0,60.0,60.0,60.0,60.0,60.0,60.0,1,60×46,,,,,,
72160102,"הארכת תוקף לתצ""ר בודדת",שעות עבודה לפי תקנות,חיוב קבוע של 3 שעות לפי תעריף התקנות,,אגרות לפי תקנות,תקנות בלבד,9,4,2736.0,3,6,0,866.16,1869.84,0.0,288.72,312.0,312.0,312.0,288.72,312.0,,3,312×5; 288.72×3; 309.84×1,"תקנות המדידות (אגרות), התשל""ז-1977 (שעת עבודה)",,,,תואם לתעריף התקנות שבתוקף באותו חודש: 100%; לתעריף תקנות כלשהו (כולל עיכוב בעדכון): 100%,"הסכום = 3 שעות לפי תעריף התקנות (288.72=3x96.24, 312=3x104, 321=3x107, 729=3x243)"
720402,"מפה טופוגרפית 1:50,000",מוצר מדף מוכן,מפה/פרסום מודפס מהמלאי,,מפות מודפסות ואטלסים,מחירון + פרוטוקול,63,28,2716.0,43,19,1,1856.0,824.0,36.0,36.0,50.0,50.0,50.0,50.0,50.0,36.0,2,50×32; 36×31,,"עמ' 15: מפות טופוגרפיות בקנה מידה 1:50,000 | 100X70 ס""מ (מודפסת; ניתן מקופלת 22X12 או שטוחה) = 36","עמ' 15: 100X70 ס""מ (מודפסת; ניתן מקופלת 22X12 או שטוחה) = 36","2022-06-02: מפות אגף קרטוגרפיה המופקות במפ""י (מפות עיר, מפות טופוגרפיות בקני מידה שונים) (עדכון מחיר)",49% מהשורות = מחיר מקושר (או כפולה שלמה שלו); ב-2024: 100%,
8004291,אורתופוטו 0.25 A0,שירות / עבודה / הוצאה ישירה,הדפסת אורתופוטו בגודל נייר לפי הזמנה,,אורתופוטו,מחירון בלבד,2,2,2700.0,1,0,1,1080.0,0.0,1620.0,1080.0,1350.0,1620.0,1080.0,1080.0,,1620.0,2,1080×1; 1620×1,,"עמ' 44: מפה בהתאמה אישית | A0 (84X119 ס""מ) - עם אורתופוטו = 540; עמ' 44: מפה בהתאמה אישית | A0 (84X119 ס""מ) - ללא אורתופוטו = 350","עמ' 43: A0 (84X119 ס""מ) - עם אורתופוטו = 540; עמ' 43: A0 (84X119 ס""מ) - ללא אורתופוטו = 350",,100% מהשורות = מחיר מקושר (או כפולה שלמה שלו); ב-2024: 100%,לפי גודל הדף: מפה בהתאמה אישית A0
2022281,ימית-הרצליה עומקים במטרים,מוצר מדף מוכן,מפה/פרסום מודפס מהמלאי,,מיפוי ימי / בתימטריה,מחירון + פרוטוקול,7,7,2683.2,4,2,1,2249.0,390.0,44.2,44.2,260.0,1079.0,130.0,130.0,130.0,44.2,5,130×2; 260×2; 1079×1; 780×1; 44.2×1,,"עמ' 27: מפה ימית (הים התיכון 1:250,000; ראש הנקרה/קיסריה/פלמחים 1:100,000; מפרץ אילת/אשדוד/חיפה/ת""א-יפו/חדרה 1:20,000; מעגנת הרצליה 1:10,000; אשקלון 1:30,000) | מפה ימית = 130",עמ' 27: מפה ימית = 130,2020-08-16: מפת נייר (ימית) | למפה = 130,71% מהשורות = מחיר מקושר (או כפולה שלמה שלו); ב-2024: 0%,
8005051,דמי משלוח דואר רשום לגליל עד 500 גרם,שירות / עבודה / הוצאה ישירה,"הוצאה ישירה (משלוח, דמי טיפול, ביצוע למינציה)",,משלוח ודמי טיפול,ללא קישור,100,100,2667.76,68,30,2,1815.75,810.0,42.01,13.5,27.0,54.0,27.0,27.0,27.0,15.01,6,27×94; 13.5×2; 17.55×1; 16.2×1; 54×1; 15.01×1,,,,,,
8003987,מערך נתוני תבליט,מוצר מדף מוכן,קובץ ממאגר קיים (לעיתים בגזירה לפי שטח),,גבהים DTM/DSM/ענן נקודות,ללא קישור,2,2,2666.7,2,0,0,2666.7,0.0,0.0,643.2,1333.35,2023.5,2023.5,643.2,,,2,2023.5×1; 643.2×1,,,,,,
2022398,ישראל 1:250000פיזית צפון+דרום עברית שטוח,מוצר מדף מוכן,מפה/פרסום מודפס מהמלאי,,מפות מודפסות ואטלסים,מחירון בלבד,8,8,2507.2,1,5,2,960.0,1208.0,339.2,32.0,248.0,960.0,960.0,960.0,64.0,32.0,8,960×1; 64×1; 240×1; 136×1; 512×1; 256×1; 307.2×1; 32×1,,"עמ' 20: מפות פיזיות - קנה מידה 1:250,000 | 100X70 ס""מ, כל אחד משני החלקים (צפון/דרום) = 32; עמ' 20: מפות פיזיות - קנה מידה 1:250,000 | גיליון אחד שלם - מפה ארצית (מנוילנת) = 87","עמ' 20: 100X70 ס""מ, כל אחד משני החלקים (צפון/דרום) = 32; עמ' 20: גיליון אחד שלם - מפה ארצית (מנוילנת) = 87",,62% מהשורות = מחיר מקושר (או כפולה שלמה שלו); ב-2024: 50%,
2027700,מפה ימית אילת,מוצר מדף מוכן,מפה/פרסום מודפס מהמלאי,,מיפוי ימי / בתימטריה,מחירון + פרוטוקול,3,3,2418.0,2,0,1,2288.0,0.0,130.0,130.0,130.0,2158.0,130.0,130.0,,130.0,2,130×2; 2158×1,,"עמ' 27: מפה ימית (הים התיכון 1:250,000; ראש הנקרה/קיסריה/פלמחים 1:100,000; מפרץ אילת/אשדוד/חיפה/ת""א-יפו/חדרה 1:20,000; מעגנת הרצליה 1:10,000; אשקלון 1:30,000) | מפה ימית = 130",עמ' 27: מפה ימית = 130,2020-08-16: מפת נייר (ימית) | למפה = 130,67% מהשורות = מחיר מקושר (או כפולה שלמה שלו); ב-2024: 100%,
2022240,ס.שבילים/15 - הנגב התיכון,מוצר מדף מוכן,מפה/פרסום מודפס מהמלאי,,מפות מודפסות ואטלסים,מחירון + פרוטוקול,6,6,2416.53,0,1,5,0.0,65.0,2351.53,42.25,58.5,2150.03,65.0,,65.0,42.25,4,65×2; 42.25×2; 52×1; 2150.03×1,,"עמ' 28: מפות טיולים וסימון שבילים בקנה מידה 1:50,000 | מפה בודדת 100X70 ס""מ = 65",,2022-11-14: מפות סימון שבילים | מפה בודדת מנוילנת = 65; 2022-11-14: מפות סימון שבילים | מפה בודדת - מחיר בכנסים = 60,33% מהשורות = מחיר מקושר (או כפולה שלמה שלו); ב-2024: 20%,
2022266,ס.שבילים/12 - ד.השפלה וש.הר חברון,מוצר מדף מוכן,מפה/פרסום מודפס מהמלאי,,מפות מודפסות ואטלסים,מחירון + פרוטוקול,8,8,2413.52,0,4,4,0.0,250.25,2163.27,42.25,65.0,1900.02,65.0,,65.0,42.25,5,65×4; 55.25×1; 156×1; 42.25×1; 1900.02×1,,"עמ' 28: מפות טיולים וסימון שבילים בקנה מידה 1:50,000 | מפה בודדת 100X70 ס""מ = 65",,2022-11-14: מפות סימון שבילים | מפה בודדת מנוילנת = 65; 2022-11-14: מפות סימון שבילים | מפה בודדת - מחיר בכנסים = 60,50% מהשורות = מחיר מקושר (או כפולה שלמה שלו); ב-2024: 25%,
3210,סט 19 מפות,מוצר מדף מוכן,מפה/פרסום מודפס מהמלאי,,מפות מודפסות ואטלסים,מחירון + פרוטוקול,2,2,2360.0,1,1,0,1360.0,1000.0,0.0,1000.0,1180.0,1360.0,1360.0,1360.0,1000.0,,2,1360×1; 1000×1,,"עמ' 28: מפות טיולים וסימון שבילים בקנה מידה 1:50,000 | סט מלא (17 מפות) = 1000",,2022-11-14: מפות סימון שבילים | סט מנוילן = 1000,50% מהשורות = מחיר מקושר (או כפולה שלמה שלו),
8009253,מוצר מעוגן בכיסוי ארצי מלא -1:50K,מוצר מדף מוכן,שכבת מידע / קובץ דיגיטלי קיים,,שכבות ונתונים וקטוריים,ללא קישור,1,1,2350.0,0,1,0,0.0,2350.0,0.0,2350.0,2350.0,2350.0,2350.0,,2350.0,,1,2350×1,,,,,,
3180,מפת ישראל תיור וטיול עם למינציה,מוצר מדף מוכן,מפה/פרסום מודפס מהמלאי,,מפות מודפסות ואטלסים,מחירון + פרוטוקול,27,25,2349.0,14,13,0,1218.0,1131.0,0.0,87.0,87.0,87.0,87.0,87.0,87.0,,1,87×27,,"עמ' 18: מפות תיור וטיול - קנה מידה 1:250,000 | 100X70 ס""מ, חלק צפוני / חלק דרומי = 32","עמ' 18: 100X70 ס""מ, חלק צפוני / חלק דרומי = 32","2022-06-02: מפות אגף קרטוגרפיה המופקות במפ""י (מפות עיר, מפות טופוגרפיות בקני מידה שונים) (עדכון מחיר)",0% מהשורות = מחיר מקושר (או כפולה שלמה שלו),
2022259,ס.שבילים/19 - מישורי פארן ונחלים,מוצר מדף מוכן,מפה/פרסום מודפס מהמלאי,,מפות מודפסות ואטלסים,מחירון + פרוטוקול,3,3,2347.53,0,1,2,0.0,55.25,2292.28,42.25,55.25,2250.03,55.25,,55.25,42.25,3,55.25×1; 42.25×1; 2250.03×1,,"עמ' 28: מפות טיולים וסימון שבילים בקנה מידה 1:50,000 | מפה בודדת 100X70 ס""מ = 65",,2022-11-14: מפות סימון שבילים | מפה בודדת מנוילנת = 65; 2022-11-14: מפות סימון שבילים | מפה בודדת - מחיר בכנסים = 60,0% מהשורות = מחיר מקושר (או כפולה שלמה שלו); ב-2024: 0%,
2022226,גיאולוגית/250000ישראל/עב/מקופל צפון+דרום,מוצר מדף מוכן,מפה/פרסום מודפס מהמלאי,,מפות מודפסות ואטלסים,מחירון בלבד,11,11,2281.6,6,1,4,950.4,64.0,1267.2,32.0,64.0,1152.0,32.0,32.0,64.0,32.0,7,32×4; 64×2; 240×1; 486.4×1; 96×1; 51.2×1; 1152×1,,"עמ' 26: מפת ישראל גיאולוגית בקנה מידה 1:250,000 | 100X70 ס""מ, חלק צפוני / חלק דרומי (מקופלת 22X18 או שטוחה) = 32","עמ' 26: 100X70 ס""מ, חלק צפוני / חלק דרומי (מקופלת 22X18 או שטוחה) = 32",,73% מהשורות = מחיר מקושר (או כפולה שלמה שלו); ב-2024: 75%,
8004191,תיור וטיול/אנגלית/למינציה,מוצר מדף מוכן,מפה/פרסום מודפס מהמלאי,,מפות מודפסות ואטלסים,מחירון + פרוטוקול,11,11,2275.05,5,4,2,421.95,522.0,1331.1,73.95,87.0,961.35,87.0,87.0,87.0,369.75,5,87×6; 174×2; 73.95×1; 369.75×1; 961.35×1,,"עמ' 18: מפות תיור וטיול - קנה מידה 1:250,000 | 100X70 ס""מ, חלק צפוני / חלק דרומי = 32","עמ' 18: 100X70 ס""מ, חלק צפוני / חלק דרומי = 32","2022-06-02: מפות אגף קרטוגרפיה המופקות במפ""י (מפות עיר, מפות טופוגרפיות בקני מידה שונים) (עדכון מחיר)",0% מהשורות = מחיר מקושר (או כפולה שלמה שלו); ב-2024: 0%,
8005052,דמי משלוח דואר רשום לגליל מ500 גר'עד 1קג,שירות / עבודה / הוצאה ישירה,"הוצאה ישירה (משלוח, דמי טיפול, ביצוע למינציה)",,משלוח ודמי טיפול,ללא קישור,42,42,2273.7,27,7,8,1072.5,312.0,889.2,39.0,39.0,585.0,39.0,39.0,39.0,39.0,5,39×38; 58.5×1; 78×1; 70.2×1; 585×1,,,,,,
720101,מפת עיר,מוצר מדף מוכן,מפה/פרסום מודפס מהמלאי,,מפות מודפסות ואטלסים,מחירון + פרוטוקול,59,35,2202.0,29,30,0,1212.0,990.0,0.0,33.0,33.0,50.0,33.0,50.0,33.0,,2,33×44; 50×15,,"עמ' 17: מפות יישובים (עם גושים / בלי גושים) | 100X70 ס""מ (מודפסת; ניתן מקופלת 22X12 או שטוחה) = 33","עמ' 17: 100X70 ס""מ (מודפסת; ניתן מקופלת 22X12 או שטוחה) = 33","2022-06-02: מפות אגף קרטוגרפיה המופקות במפ""י (מפות עיר, מפות טופוגרפיות בקני מידה שונים) (עדכון מחיר)",75% מהשורות = מחיר מקושר (או כפולה שלמה שלו),
8004217,"העתק שחור/לבן מפה הסטורית מעל 0,5 מ'",שירות / עבודה / הוצאה ישירה,"הפקה לפי הזמנה: הדפסה, הגדלה, סריקה או העתקה",,מפות היסטוריות,פרוטוקול בלבד,12,12,2200.0,3,3,6,1080.0,560.0,560.0,40.0,120.0,840.0,40.0,40.0,120.0,40.0,7,40×3; 120×3; 200×2; 840×1; 240×1; 160×1; 80×1,,,,"2022-07-18: גיליונות מפות קנ""מ 1:50,000 שהודפסו לפני יוני 1967 (מהארכיון) (פטור (בקשה)); לא מצוין (ככל הנראה 28.7.2022 - לפי הפניה בפרוטוקול 14.11.22): גיליונות מפות קנ""מ 1:50,000 לפני 1967 (גבול מצרים) (פטור)",,קישור חלקי: הפרוטוקול עוסק בפטור ממחיר 90 למפה היסטורית; מחיר 90 עצמו לא נקבע בפרוטוקול שנמסר
8007944,"הגדלה גודל גדול של תצ""א צבעוני",שירות / עבודה / הוצאה ישירה,"הפקה לפי הזמנה: הדפסה, הגדלה, סריקה או העתקה",,תצלומי אוויר (ארכיון),מחירון + פרוטוקול,3,3,2160.0,0,2,1,0.0,1560.0,600.0,600.0,600.0,960.0,600.0,,600.0,600.0,2,600×2; 960×1,,"עמ' 6: הגדלה מודפסת מקומית של תצ""א צבעוני (החל מ-2017) | נייר 50 ס""מ X 50 ס""מ = 585; עמ' 6: הגדלה מודפסת מקומית של תצ""א צבעוני (החל מ-2017) | נייר 1 מטר X 1 מטר = 600","עמ' 6: נייר 50 ס""מ X 50 ס""מ = 585; עמ' 6: נייר 1 מטר X 1 מטר = 600","2023-05-03: תצלומי אוויר (תצ""א) (עדכון מחיר)",67% מהשורות = מחיר מקושר (או כפולה שלמה שלו); ב-2024: 100%,
1001,מפת ישראל תיור וטיול,מוצר מדף מוכן,מפה/פרסום מודפס מהמלאי,,מפות מודפסות ואטלסים,מחירון + פרוטוקול,66,37,2112.0,41,24,1,1312.0,768.0,32.0,32.0,32.0,32.0,32.0,32.0,32.0,32.0,1,32×66,,"עמ' 18: מפות תיור וטיול - קנה מידה 1:250,000 | 100X70 ס""מ, חלק צפוני / חלק דרומי = 32","עמ' 18: 100X70 ס""מ, חלק צפוני / חלק דרומי = 32","2022-06-02: מפות אגף קרטוגרפיה המופקות במפ""י (מפות עיר, מפות טופוגרפיות בקני מידה שונים) (עדכון מחיר)",100% מהשורות = מחיר מקושר (או כפולה שלמה שלו); ב-2024: 100%,
2022239,ס.שבילים/14 - צ.הערבה מ.הנגב,מוצר מדף מוכן,מפה/פרסום מודפס מהמלאי,,מפות מודפסות ואטלסים,מחירון + פרוטוקול,6,6,2067.52,0,3,3,0.0,185.25,1882.27,42.25,65.0,1775.02,65.0,,65.0,42.25,4,65×3; 55.25×1; 42.25×1; 1775.02×1,,"עמ' 28: מפות טיולים וסימון שבילים בקנה מידה 1:50,000 | מפה בודדת 100X70 ס""מ = 65",,2022-11-14: מפות סימון שבילים | מפה בודדת מנוילנת = 65; 2022-11-14: מפות סימון שבילים | מפה בודדת - מחיר בכנסים = 60,50% מהשורות = מחיר מקושר (או כפולה שלמה שלו); ב-2024: 33%,
7210005,"מפת תצ""ר בקובץ",מוצר מדף מוכן,שכבת מידע / קובץ דיגיטלי קיים,,מודד מבקר / אגרות מודדים,ללא קישור,29,27,2030.0,5,9,15,350.0,630.0,1050.0,70.0,70.0,70.0,70.0,70.0,70.0,70.0,1,70×29,,,,,,
2022267,ימית-חיפה עומקים במטרים,מוצר מדף מוכן,מפה/פרסום מודפס מהמלאי,,מיפוי ימי / בתימטריה,מחירון + פרוטוקול,10,10,2015.0,3,4,3,585.0,494.0,936.0,65.0,130.0,416.0,130.0,65.0,130.0,130.0,5,130×5; 390×2; 65×1; 104×1; 416×1,,"עמ' 27: מפה ימית (הים התיכון 1:250,000; ראש הנקרה/קיסריה/פלמחים 1:100,000; מפרץ אילת/אשדוד/חיפה/ת""א-יפו/חדרה 1:20,000; מעגנת הרצליה 1:10,000; אשקלון 1:30,000) | מפה ימית = 130",עמ' 27: מפה ימית = 130,2020-08-16: מפת נייר (ימית) | למפה = 130,70% מהשורות = מחיר מקושר (או כפולה שלמה שלו); ב-2024: 67%,
8006855,"מפות רסטר 1:25,000",מוצר מדף מוכן,שכבת מידע / קובץ דיגיטלי קיים,,שכבות ונתונים וקטוריים,פרוטוקול בלבד,3,3,1935.0,3,0,0,1935.0,0.0,0.0,210.0,525.0,1200.0,1200.0,210.0,,,3,1200×1; 525×1; 210×1,,,,"2022-06-02: מפות אגף קרטוגרפיה המופקות במפ""י (מפות עיר, מפות טופוגרפיות בקני מידה שונים) (עדכון מחיר); 2023-03-14: מפות דיגיטליות 1:50,000 - כיסוי ארצי (מחיר קיים (מרכבה) - מוצג לעיון); 2023-03-14: מפות דיגיטליות 1:100,000 - כיסוי ארצי (מחיר קיים (מרכבה) - מוצג לעיון)",,פרוטוקול קרטוגרפיה 2.6.22 (טבלת המחירים לא נמסרה) ומחירי מרכבה שהוצגו ב-14.3.23
2022231,ס.שבילים/01 - החרמון והגולן,מוצר מדף מוכן,מפה/פרסום מודפס מהמלאי,,מפות מודפסות ואטלסים,מחירון + פרוטוקול,12,12,1912.26,1,5,6,186.0,390.0,1336.26,42.25,65.0,800.01,65.0,186.0,65.0,65.0,7,65×6; 186×1; 130×1; 104×1; 260×1; 42.25×1; 800.01×1,,"עמ' 28: מפות טיולים וסימון שבילים בקנה מידה 1:50,000 | מפה בודדת 100X70 ס""מ = 65",,2022-11-14: מפות סימון שבילים | מפה בודדת מנוילנת = 65; 2022-11-14: מפות סימון שבילים | מפה בודדת - מחיר בכנסים = 60,67% מהשורות = מחיר מקושר (או כפולה שלמה שלו); ב-2024: 50%,
7210003,"מפת גוש ממ""ג בהדפסה ובקובץ",שירות / עבודה / הוצאה ישירה,"הפקה לפי הזמנה: הדפסה, הגדלה, סריקה או העתקה",,שכבות ונתונים וקטוריים,ללא קישור,27,19,1890.0,15,8,4,1050.0,560.0,280.0,70.0,70.0,70.0,70.0,70.0,70.0,70.0,1,70×27,,,,,,
2022189,ישראל 400000 עברית,מוצר מדף מוכן,מפה/פרסום מודפס מהמלאי,,מפות מודפסות ואטלסים,ללא קישור,20,20,1886.6,13,4,3,1703.6,133.0,50.0,10.0,20.0,600.0,20.0,20.0,16.0,20.0,11,20×10; 450×1; 600×1; 13.6×1; 200×1; 260×1; 40×1; 80×1; 16×1; 17×1; 10×1,,,,,,
8004192,ישראל /1:400000עברית/למינציה,מוצר מדף מוכן,מפה/פרסום מודפס מהמלאי,,מפות מודפסות ואטלסים,ללא קישור,17,17,1874.25,12,3,2,1711.5,105.0,57.75,22.75,35.0,1316.0,35.0,35.0,35.0,22.75,4,35×12; 22.75×3; 1316×1; 70×1,,,,,,
2022237,ס.שבילים/13 - מ.חוף הנגב,מוצר מדף מוכן,מפה/פרסום מודפס מהמלאי,,מפות מודפסות ואטלסים,מחירון + פרוטוקול,9,9,1858.02,0,4,5,0.0,295.75,1562.27,42.25,65.0,1325.02,65.0,,65.0,65.0,5,65×5; 110.5×1; 55.25×1; 42.25×1; 1325.02×1,,"עמ' 28: מפות טיולים וסימון שבילים בקנה מידה 1:50,000 | מפה בודדת 100X70 ס""מ = 65",,2022-11-14: מפות סימון שבילים | מפה בודדת מנוילנת = 65; 2022-11-14: מפות סימון שבילים | מפה בודדת - מחיר בכנסים = 60,56% מהשורות = מחיר מקושר (או כפולה שלמה שלו); ב-2024: 60%,
8004181,מגילת העצמאות- ניילון,מוצר מדף מוכן,מפה/פרסום מודפס מהמלאי,,מפות מודפסות ואטלסים,מחירון בלבד,24,24,1844.4,7,14,3,572.4,1188.0,84.0,12.0,24.0,464.4,24.0,12.0,24.0,12.0,8,24×8; 12×6; 36×3; 48×2; 240×2; 464.4×1; 72×1; 360×1,,"עמ' 24: מגילת העצמאות | 90X30 ס""מ, נייר קלף איכותי = 12","עמ' 24: 90X30 ס""מ, נייר קלף איכותי = 12",,96% מהשורות = מחיר מקושר (או כפולה שלמה שלו); ב-2024: 100%,
2022258,ס.שבילים/10 - גוש דן וחוף פלשת,מוצר מדף מוכן,מפה/פרסום מודפס מהמלאי,,מפות גוש/קדסטר,מחירון + פרוטוקול,11,11,1822.01,1,6,4,124.0,425.75,1272.26,42.25,65.0,1100.01,65.0,124.0,65.0,65.0,6,65×6; 124×1; 110.5×1; 55.25×1; 42.25×1; 1100.01×1,,"עמ' 28: מפות טיולים וסימון שבילים בקנה מידה 1:50,000 | מפה בודדת 100X70 ס""מ = 65",,2022-11-14: מפות סימון שבילים | מפה בודדת מנוילנת = 65; 2022-11-14: מפות סימון שבילים | מפה בודדת - מחיר בכנסים = 60,55% מהשורות = מחיר מקושר (או כפולה שלמה שלו); ב-2024: 50%,
2022298,ימית-נמל חדרה,מוצר מדף מוכן,מפה/פרסום מודפס מהמלאי,,מיפוי ימי / בתימטריה,מחירון + פרוטוקול,3,3,1820.0,1,2,0,650.0,1170.0,0.0,130.0,650.0,1040.0,650.0,650.0,130.0,,3,650×1; 1040×1; 130×1,,"עמ' 27: מפה ימית (הים התיכון 1:250,000; ראש הנקרה/קיסריה/פלמחים 1:100,000; מפרץ אילת/אשדוד/חיפה/ת""א-יפו/חדרה 1:20,000; מעגנת הרצליה 1:10,000; אשקלון 1:30,000) | מפה ימית = 130",עמ' 27: מפה ימית = 130,2020-08-16: מפת נייר (ימית) | למפה = 130,100% מהשורות = מחיר מקושר (או כפולה שלמה שלו),
8004015,מודל הגליות,מוצר מדף מוכן,קובץ ממאגר קיים (לעיתים בגזירה לפי שטח),,גבהים DTM/DSM/ענן נקודות,ללא קישור,1,1,1800.0,0,1,0,0.0,1800.0,0.0,1800.0,1800.0,1800.0,1800.0,,1800.0,,1,1800×1,,,,,,
8006856,מפות עיר דיגיטאליות,מוצר מדף מוכן,שכבת מידע / קובץ דיגיטלי קיים,,שכבות ונתונים וקטוריים,פרוטוקול בלבד,9,9,1745.0,9,0,0,1745.0,0.0,0.0,105.0,105.0,400.0,105.0,105.0,,,3,105×5; 400×2; 210×2,,,,"2022-06-02: מפות אגף קרטוגרפיה המופקות במפ""י (מפות עיר, מפות טופוגרפיות בקני מידה שונים) (עדכון מחיר); 2023-03-14: מפות דיגיטליות 1:50,000 - כיסוי ארצי (מחיר קיים (מרכבה) - מוצג לעיון); 2023-03-14: מפות דיגיטליות 1:100,000 - כיסוי ארצי (מחיר קיים (מרכבה) - מוצג לעיון)",,פרוטוקול קרטוגרפיה 2.6.22 (טבלת המחירים לא נמסרה) ומחירי מרכבה שהוצגו ב-14.3.23
8008030,משטח עומקים בתימטרי רזולוציה 5 מ' לפיקסל,מוצר מדף מוכן,קובץ ממאגר קיים (לעיתים בגזירה לפי שטח),,מיפוי ימי / בתימטריה,פרוטוקול בלבד,1,1,1705.15,0,1,0,0.0,1705.15,0.0,1705.15,1705.15,1705.15,1705.15,,1705.15,,1,1705.15×1,,,,2020-08-16: משטח עומקים בתימטרי | רזולוציה 5 מטר לפיקסל = 930,"לא ניתן לבדוק (מחיר לקמ""ר, אין שטח בנתוני המכירות)",
2022315,ימית-מדריך סימנים מוסכמים מונח.למפ.ימיות,מוצר מדף מוכן,מפה/פרסום מודפס מהמלאי,,מיפוי ימי / בתימטריה,מחירון בלבד,8,8,1680.25,5,0,3,315.25,0.0,1365.0,55.25,65.0,1040.0,65.0,65.0,,65.0,4,65×5; 55.25×1; 260×1; 1040×1,,עמ' 27: מדריך סימנים מוסכמים למפות ימיות | מדריך = 65,עמ' 27: מדריך = 65,,88% מהשורות = מחיר מקושר (או כפולה שלמה שלו); ב-2024: 100%,
2022232,ס.שבילים/02 - הגליל העליון,מוצר מדף מוכן,מפה/פרסום מודפס מהמלאי,,מפות מודפסות ואטלסים,מחירון + פרוטוקול,10,10,1652.76,2,3,5,310.0,240.5,1102.26,42.25,87.75,800.01,65.0,124.0,65.0,65.0,7,65×4; 124×1; 186×1; 110.5×1; 130×1; 42.25×1; 800.01×1,,"עמ' 28: מפות טיולים וסימון שבילים בקנה מידה 1:50,000 | מפה בודדת 100X70 ס""מ = 65",,2022-11-14: מפות סימון שבילים | מפה בודדת מנוילנת = 65; 2022-11-14: מפות סימון שבילים | מפה בודדת - מחיר בכנסים = 60,50% מהשורות = מחיר מקושר (או כפולה שלמה שלו); ב-2024: 60%,
2022286,"מפת ישראל פיזית ק""מ 1:700000",מוצר מדף מוכן,מפה/פרסום מודפס מהמלאי,,מפות מודפסות ואטלסים,מחירון בלבד,6,6,1644.75,3,3,0,825.75,819.0,0.0,45.0,184.5,630.0,225.0,90.0,45.0,,6,225×1; 90×1; 510.75×1; 45×1; 630×1; 144×1,,"עמ' 22: מפת ארץ ישראל (פיזית) לתלמיד בקנה מידה 1:700,000 | 65X25 ס""מ, שטוחה בלבד = 20","עמ' 22: 65X25 ס""מ, שטוחה בלבד = 20",,0% מהשורות = מחיר מקושר (או כפולה שלמה שלו),
720401,"מפה טופוגרפית 1:25,000",מוצר מדף מוכן,מפה/פרסום מודפס מהמלאי,,מפות מודפסות ואטלסים,מחירון + פרוטוקול,44,22,1615.0,20,24,0,775.0,840.0,0.0,35.0,35.0,50.0,35.0,35.0,35.0,,2,35×39; 50×5,,"עמ' 16: מפות טופוגרפיות בקנה מידה 1:25,000 | 100X70 ס""מ (מודפסת; ניתן מקופלת 22X12 או שטוחה) = 35","עמ' 16: 100X70 ס""מ (מודפסת; ניתן מקופלת 22X12 או שטוחה) = 35","2022-06-02: מפות אגף קרטוגרפיה המופקות במפ""י (מפות עיר, מפות טופוגרפיות בקני מידה שונים) (עדכון מחיר)",89% מהשורות = מחיר מקושר (או כפולה שלמה שלו),
7222026,סט מפות סימון שבילים - כנסים,מוצר מדף מוכן,מפה/פרסום מודפס מהמלאי,,מפות מודפסות ואטלסים,מחירון + פרוטוקול,2,2,1600.0,0,2,0,0.0,1600.0,0.0,800.0,800.0,800.0,800.0,,800.0,,1,800×2,,"עמ' 28: מפות טיולים וסימון שבילים בקנה מידה 1:50,000 | סט מלא (17 מפות) = 1000",,"2022-11-14: מפות נייר - סט סימון שבילים, 1:25,000, 1:50,000, 1:250,000, 1:450,000, 1:700,000, מפות עיר (הנחה); 2022-11-14: מפות סימון שבילים | סט מנוילן - מחיר בכנסים = 800",100% מהשורות = מחיר מקושר (או כפולה שלמה שלו),
2022235,ס.שבילים/09 - מבואות ירושלים,מוצר מדף מוכן,מפה/פרסום מודפס מהמלאי,,מפות מודפסות ואטלסים,מחירון + פרוטוקול,12,12,1587.25,2,2,8,248.0,130.0,1209.25,42.25,84.5,400.0,65.0,124.0,65.0,65.0,6,65×5; 124×2; 104×2; 364×1; 42.25×1; 400×1,,"עמ' 28: מפות טיולים וסימון שבילים בקנה מידה 1:50,000 | מפה בודדת 100X70 ס""מ = 65",,2022-11-14: מפות סימון שבילים | מפה בודדת מנוילנת = 65; 2022-11-14: מפות סימון שבילים | מפה בודדת - מחיר בכנסים = 60,42% מהשורות = מחיר מקושר (או כפולה שלמה שלו); ב-2024: 38%,
8003886,תצהיר מקור - תצ  א,שירות / עבודה / הוצאה ישירה,הכנה וחתימה של תעודה/תצהיר על ידי עובד,,תעודות עובד ציבור,מחירון בלבד,10,10,1514.5,2,2,6,256.5,258.0,1000.0,85.5,125.0,250.0,125.0,85.5,86.0,125.0,6,125×4; 250×2; 85.5×1; 171×1; 86×1; 172×1,,עמ' 13: תצהיר מקור לתצלום אוויר | שירות = 125,עמ' 13: שירות = 125,,60% מהשורות = מחיר מקושר (או כפולה שלמה שלו); ב-2024: 100%,
2022252,"ס.שבילים/07 - השרון,מ. השומרון",מוצר מדף מוכן,מפה/פרסום מודפס מהמלאי,,מפות מודפסות ואטלסים,מחירון + פרוטוקול,7,7,1499.26,1,1,5,186.0,65.0,1248.26,42.25,186.0,725.01,65.0,186.0,65.0,208.0,5,65×2; 208×2; 186×1; 42.25×1; 725.01×1,,"עמ' 28: מפות טיולים וסימון שבילים בקנה מידה 1:50,000 | מפה בודדת 100X70 ס""מ = 65",,2022-11-14: מפות סימון שבילים | מפה בודדת מנוילנת = 65; 2022-11-14: מפות סימון שבילים | מפה בודדת - מחיר בכנסים = 60,29% מהשורות = מחיר מקושר (או כפולה שלמה שלו); ב-2024: 20%,
8004227,מפת עולם מדינית- ניילון,מוצר מדף מוכן,מפה/פרסום מודפס מהמלאי,,מפות מודפסות ואטלסים,מחירון בלבד,21,21,1488.5,6,12,3,344.5,776.75,367.25,42.25,65.0,260.0,65.0,65.0,65.0,42.25,4,65×13; 42.25×6; 130×1; 260×1,,"עמ' 25: מפת עולם מדינית בקנה מידה 1:30,000,000 | 75X120 ס""מ = 35","עמ' 25: 75X120 ס""מ = 35",,0% מהשורות = מחיר מקושר (או כפולה שלמה שלו); ב-2024: 0%,
8006927,"מפה טופוגרפית עדכנית בקנ""מ 1:100,000",מוצר מדף מוכן,מפה/פרסום מודפס מהמלאי,,מפות מודפסות ואטלסים,פרוטוקול בלבד,7,7,1475.0,3,4,0,775.0,700.0,0.0,100.0,200.0,525.0,200.0,100.0,200.0,,4,200×3; 100×2; 525×1; 150×1,,,,"2022-06-02: מפות אגף קרטוגרפיה המופקות במפ""י (מפות עיר, מפות טופוגרפיות בקני מידה שונים) (עדכון מחיר); 2023-03-14: מפות דיגיטליות 1:50,000 - כיסוי ארצי (מחיר קיים (מרכבה) - מוצג לעיון); 2023-03-14: מפות דיגיטליות 1:100,000 - כיסוי ארצי (מחיר קיים (מרכבה) - מוצג לעיון)",,פרוטוקול קרטוגרפיה 2.6.22 (טבלת המחירים לא נמסרה) ומחירי מרכבה שהוצגו ב-14.3.23
2022243,ס.שבילים/20 - הרי אילת,מוצר מדף מוכן,מפה/פרסום מודפס מהמלאי,,מפות מודפסות ואטלסים,מחירון + פרוטוקול,3,3,1457.27,0,0,3,0.0,0.0,1457.27,42.25,65.0,1350.02,65.0,,,42.25,3,65×1; 42.25×1; 1350.02×1,,"עמ' 28: מפות טיולים וסימון שבילים בקנה מידה 1:50,000 | מפה בודדת 100X70 ס""מ = 65",,2022-11-14: מפות סימון שבילים | מפה בודדת מנוילנת = 65; 2022-11-14: מפות סימון שבילים | מפה בודדת - מחיר בכנסים = 60,33% מהשורות = מחיר מקושר (או כפולה שלמה שלו); ב-2024: 33%,
2022274,ימית-ים התיכון-ישראל,מוצר מדף מוכן,מפה/פרסום מודפס מהמלאי,,מיפוי ימי / בתימטריה,מחירון + פרוטוקול,7,7,1430.0,3,3,1,650.0,390.0,390.0,130.0,130.0,390.0,130.0,130.0,130.0,390.0,2,130×5; 390×2,,"עמ' 27: מפה ימית (הים התיכון 1:250,000; ראש הנקרה/קיסריה/פלמחים 1:100,000; מפרץ אילת/אשדוד/חיפה/ת""א-יפו/חדרה 1:20,000; מעגנת הרצליה 1:10,000; אשקלון 1:30,000) | מפה ימית = 130",עמ' 27: מפה ימית = 130,2020-08-16: מפת נייר (ימית) | למפה = 130,100% מהשורות = מחיר מקושר (או כפולה שלמה שלו); ב-2024: 100%,
41029001,מידע לא מוסדר באיזור ירושלים,שירות / עבודה / הוצאה ישירה,"שעות עבודה, שירות מדידה או הוצאה ישירה",,שעות עבודה ושירותים,ללא קישור,9,9,1411.0,0,5,4,0.0,706.0,705.0,1.0,141.0,282.0,141.0,,141.0,141.0,3,141×6; 282×2; 1×1,,,,,,
8006854,"מפות רסטר 1:50,000-כיסוי ארצי",מוצר מדף מוכן,שכבת מידע / קובץ דיגיטלי קיים,,שכבות ונתונים וקטוריים,פרוטוקול בלבד,2,2,1365.0,1,1,0,315.0,1050.0,0.0,315.0,682.5,1050.0,315.0,315.0,1050.0,,2,315×1; 1050×1,,,,"2022-06-02: מפות אגף קרטוגרפיה המופקות במפ""י (מפות עיר, מפות טופוגרפיות בקני מידה שונים) (עדכון מחיר); 2023-03-14: מפות דיגיטליות 1:50,000 - כיסוי ארצי (מחיר קיים (מרכבה) - מוצג לעיון); 2023-03-14: מפות דיגיטליות 1:100,000 - כיסוי ארצי (מחיר קיים (מרכבה) - מוצג לעיון)",,פרוטוקול קרטוגרפיה 2.6.22 (טבלת המחירים לא נמסרה) ומחירי מרכבה שהוצגו ב-14.3.23
17442,מפה מס' 4 (הכרמל),מוצר מדף מוכן,מפה/פרסום מודפס מהמלאי,,מפות מודפסות ואטלסים,מחירון + פרוטוקול,17,14,1314.0,11,6,0,924.0,390.0,0.0,65.0,84.0,84.0,84.0,84.0,65.0,,2,84×11; 65×6,,"עמ' 28: מפות טיולים וסימון שבילים בקנה מידה 1:50,000 | מפה בודדת 100X70 ס""מ = 65",,2022-11-14: מפות סימון שבילים | מפה בודדת מנוילנת = 65; 2022-11-14: מפות סימון שבילים | מפה בודדת - מחיר בכנסים = 60,35% מהשורות = מחיר מקושר (או כפולה שלמה שלו),
3342,מפה ימית מעגנת הרצליה,מוצר מדף מוכן,מפה/פרסום מודפס מהמלאי,,מיפוי ימי / בתימטריה,מחירון + פרוטוקול,10,4,1300.0,7,3,0,910.0,390.0,0.0,130.0,130.0,130.0,130.0,130.0,130.0,,1,130×10,,"עמ' 27: מפה ימית (הים התיכון 1:250,000; ראש הנקרה/קיסריה/פלמחים 1:100,000; מפרץ אילת/אשדוד/חיפה/ת""א-יפו/חדרה 1:20,000; מעגנת הרצליה 1:10,000; אשקלון 1:30,000) | מפה ימית = 130",עמ' 27: מפה ימית = 130,2020-08-16: מפת נייר (ימית) | למפה = 130,100% מהשורות = מחיר מקושר (או כפולה שלמה שלו),
722101,תעודת עובד ציבור גבולות,שירות / עבודה / הוצאה ישירה,הכנה וחתימה של תעודה/תצהיר על ידי עובד,,תעודות עובד ציבור,מחירון בלבד,4,4,1300.0,0,2,2,0.0,300.0,1000.0,150.0,325.0,500.0,150.0,,150.0,500.0,2,150×2; 500×2,,עמ' 51: תעודת עובד ציבור גבולות | תעודה = 500,עמ' 50: תעודה = 500,,50% מהשורות = מחיר מקושר (או כפולה שלמה שלו); ב-2024: 100%,עלה מ-150 (2023) ל-500 (2024) בלי פרוטוקול
3419,מפה ימית תל אביב,מוצר מדף מוכן,מפה/פרסום מודפס מהמלאי,,מיפוי ימי / בתימטריה,מחירון + פרוטוקול,10,6,1300.0,7,3,0,910.0,390.0,0.0,130.0,130.0,130.0,130.0,130.0,130.0,,1,130×10,,"עמ' 27: מפה ימית (הים התיכון 1:250,000; ראש הנקרה/קיסריה/פלמחים 1:100,000; מפרץ אילת/אשדוד/חיפה/ת""א-יפו/חדרה 1:20,000; מעגנת הרצליה 1:10,000; אשקלון 1:30,000) | מפה ימית = 130",עמ' 27: מפה ימית = 130,2020-08-16: מפת נייר (ימית) | למפה = 130,100% מהשורות = מחיר מקושר (או כפולה שלמה שלו),
2022162,סט מפות ימיות,מוצר מדף מוכן,מפה/פרסום מודפס מהמלאי,,מיפוי ימי / בתימטריה,מחירון + פרוטוקול,3,3,1296.0,2,0,1,864.0,0.0,432.0,432.0,432.0,432.0,432.0,432.0,,432.0,1,432×3,,"עמ' 27: מפה ימית (הים התיכון 1:250,000; ראש הנקרה/קיסריה/פלמחים 1:100,000; מפרץ אילת/אשדוד/חיפה/ת""א-יפו/חדרה 1:20,000; מעגנת הרצליה 1:10,000; אשקלון 1:30,000) | מפה ימית = 130",עמ' 27: מפה ימית = 130,2020-08-16: מפת נייר (ימית) | למפה = 130,0% מהשורות = מחיר מקושר (או כפולה שלמה שלו); ב-2024: 0%,
8003966,"מפות סרוקות 1:250,000",מוצר מדף מוכן,מפה/פרסום מודפס מהמלאי,,מפות מודפסות ואטלסים,מחירון בלבד,3,3,1288.0,3,0,0,1288.0,0.0,0.0,96.0,192.0,1000.0,1000.0,96.0,,,3,1000×1; 192×1; 96×1,,"עמ' 20: מפות פיזיות - קנה מידה 1:250,000 | 100X70 ס""מ, כל אחד משני החלקים (צפון/דרום) = 32; עמ' 20: מפות פיזיות - קנה מידה 1:250,000 | גיליון אחד שלם - מפה ארצית (מנוילנת) = 87","עמ' 20: 100X70 ס""מ, כל אחד משני החלקים (צפון/דרום) = 32; עמ' 20: גיליון אחד שלם - מפה ארצית (מנוילנת) = 87",,67% מהשורות = מחיר מקושר (או כפולה שלמה שלו),
8008048,"DTM- 10 m - בין 5- 50 קמ""ר",מוצר מדף מוכן,קובץ ממאגר קיים (לעיתים בגזירה לפי שטח),,גבהים DTM/DSM/ענן נקודות,פרוטוקול בלבד,2,2,1246.41,2,0,0,1246.41,0.0,0.0,608.52,623.2049999999999,637.89,637.89,608.52,,,2,637.89×1; 608.52×1,,,,"2020-06-07: מוצר גובה (8) | עד 5 קמ""ר = 34; 2020-06-07: מוצר גובה (8) | 5-50 קמ""ר = 33; 2020-06-07: מוצר גובה (8) | 50-500 קמ""ר = 28; 2020-06-07: מוצר גובה (8) | 500-2000 קמ""ר = 12; 2020-06-07: מוצר גובה (8) | מעל 2000 קמ""ר = 12","לא ניתן לבדוק (מחיר לקמ""ר, אין שטח בנתוני המכירות)","מוצר גובה (8) = DTM רסטר 10 מטר לפיקסל, לפי פרוטוקול 23.7.20; לא מופיע במחירון"
7207001,דמי משלוח מהיר,שירות / עבודה / הוצאה ישירה,"הוצאה ישירה (משלוח, דמי טיפול, ביצוע למינציה)",,משלוח ודמי טיפול,ללא קישור,19,19,1235.0,11,8,0,715.0,520.0,0.0,65.0,65.0,65.0,65.0,65.0,65.0,,1,65×19,,,,,,
3382,מגילת העצמאות,מוצר מדף מוכן,מפה/פרסום מודפס מהמלאי,,מפות מודפסות ואטלסים,מחירון בלבד,100,8,1200.0,1,99,0,12.0,1188.0,0.0,12.0,12.0,12.0,12.0,12.0,12.0,,1,12×100,,"עמ' 24: מגילת העצמאות | 90X30 ס""מ, נייר קלף איכותי = 12","עמ' 24: 90X30 ס""מ, נייר קלף איכותי = 12",,100% מהשורות = מחיר מקושר (או כפולה שלמה שלו),
721713,דמי משלוח רשום עד 50 גרם,שירות / עבודה / הוצאה ישירה,"הוצאה ישירה (משלוח, דמי טיפול, ביצוע למינציה)",,משלוח ודמי טיפול,ללא קישור,43,43,1188.0,33,10,0,918.0,270.0,0.0,27.0,27.0,54.0,27.0,27.0,27.0,,2,27×42; 54×1,,,,,,
8004032,כיול מד טווח + פריזמה,שירות / עבודה / הוצאה ישירה,"שעות עבודה, שירות מדידה או הוצאה ישירה",,מודד מבקר / אגרות מודדים,ללא קישור,5,5,1050.0,4,1,0,600.0,450.0,0.0,150.0,150.0,450.0,150.0,150.0,450.0,,2,150×4; 450×1,,,,,,
1710,מפת ישראל גיאולוגית,מוצר מדף מוכן,מפה/פרסום מודפס מהמלאי,,מפות מודפסות ואטלסים,מחירון בלבד,12,10,1044.0,5,7,0,435.0,609.0,0.0,87.0,87.0,87.0,87.0,87.0,87.0,,1,87×12,,"עמ' 26: מפת ישראל גיאולוגית בקנה מידה 1:250,000 | 100X70 ס""מ, חלק צפוני / חלק דרומי (מקופלת 22X18 או שטוחה) = 32","עמ' 26: 100X70 ס""מ, חלק צפוני / חלק דרומי (מקופלת 22X18 או שטוחה) = 32",,0% מהשורות = מחיר מקושר (או כפולה שלמה שלו),
7206002,דמי משלוח מהיר,שירות / עבודה / הוצאה ישירה,"הוצאה ישירה (משלוח, דמי טיפול, ביצוע למינציה)",,משלוח ודמי טיפול,ללא קישור,16,8,1040.0,12,3,1,780.0,195.0,65.0,65.0,65.0,65.0,65.0,65.0,65.0,65.0,1,65×16,,,,,,
720104,דמי משלוח מהיר,שירות / עבודה / הוצאה ישירה,"הוצאה ישירה (משלוח, דמי טיפול, ביצוע למינציה)",,משלוח ודמי טיפול,ללא קישור,16,11,1040.0,6,10,0,390.0,650.0,0.0,65.0,65.0,65.0,65.0,65.0,65.0,,1,65×16,,,,,,
2022241,ס.שבילים/17 - ערבה תיכונה,מוצר מדף מוכן,מפה/פרסום מודפס מהמלאי,,מפות מודפסות ואטלסים,מחירון + פרוטוקול,3,3,1022.51,0,1,2,0.0,55.25,967.26,42.25,55.25,925.01,55.25,,55.25,42.25,3,55.25×1; 42.25×1; 925.01×1,,"עמ' 28: מפות טיולים וסימון שבילים בקנה מידה 1:50,000 | מפה בודדת 100X70 ס""מ = 65",,2022-11-14: מפות סימון שבילים | מפה בודדת מנוילנת = 65; 2022-11-14: מפות סימון שבילים | מפה בודדת - מחיר בכנסים = 60,0% מהשורות = מחיר מקושר (או כפולה שלמה שלו); ב-2024: 0%,
2022242,ס.שבילים/18 - מע. הר הנגב,מוצר מדף מוכן,מפה/פרסום מודפס מהמלאי,,מפות מודפסות ואטלסים,מחירון + פרוטוקול,4,4,961.26,0,0,4,0.0,0.0,961.26,42.25,84.5,750.01,104.0,,,42.25,4,104×1; 65×1; 42.25×1; 750.01×1,,"עמ' 28: מפות טיולים וסימון שבילים בקנה מידה 1:50,000 | מפה בודדת 100X70 ס""מ = 65",,2022-11-14: מפות סימון שבילים | מפה בודדת מנוילנת = 65; 2022-11-14: מפות סימון שבילים | מפה בודדת - מחיר בכנסים = 60,25% מהשורות = מחיר מקושר (או כפולה שלמה שלו); ב-2024: 25%,
3181,סט מפות תיור וטיול צפון,מוצר מדף מוכן,מפה/פרסום מודפס מהמלאי,,מפות מודפסות ואטלסים,מחירון + פרוטוקול,11,10,957.0,4,7,0,348.0,609.0,0.0,87.0,87.0,87.0,87.0,87.0,87.0,,1,87×11,,"עמ' 18: מפות תיור וטיול - קנה מידה 1:250,000 | 100X70 ס""מ, חלק צפוני / חלק דרומי = 32","עמ' 18: 100X70 ס""מ, חלק צפוני / חלק דרומי = 32","2022-06-02: מפות אגף קרטוגרפיה המופקות במפ""י (מפות עיר, מפות טופוגרפיות בקני מידה שונים) (עדכון מחיר)",0% מהשורות = מחיר מקושר (או כפולה שלמה שלו),
720403,"מפה טופוגרפית 1:100,000",מוצר מדף מוכן,מפה/פרסום מודפס מהמלאי,,מפות מודפסות ואטלסים,פרוטוקול בלבד,19,4,950.0,4,15,0,200.0,750.0,0.0,50.0,50.0,50.0,50.0,50.0,50.0,,1,50×19,,,,"2022-06-02: מפות אגף קרטוגרפיה המופקות במפ""י (מפות עיר, מפות טופוגרפיות בקני מידה שונים) (עדכון מחיר); 2023-03-14: מפות דיגיטליות 1:50,000 - כיסוי ארצי (מחיר קיים (מרכבה) - מוצג לעיון); 2023-03-14: מפות דיגיטליות 1:100,000 - כיסוי ארצי (מחיר קיים (מרכבה) - מוצג לעיון)",,פרוטוקול קרטוגרפיה 2.6.22 (טבלת המחירים לא נמסרה) ומחירי מרכבה שהוצגו ב-14.3.23
720301,מפה ימית הים התיכון,מוצר מדף מוכן,מפה/פרסום מודפס מהמלאי,,מיפוי ימי / בתימטריה,מחירון + פרוטוקול,7,5,910.0,5,2,0,650.0,260.0,0.0,130.0,130.0,130.0,130.0,130.0,130.0,,1,130×7,,"עמ' 27: מפה ימית (הים התיכון 1:250,000; ראש הנקרה/קיסריה/פלמחים 1:100,000; מפרץ אילת/אשדוד/חיפה/ת""א-יפו/חדרה 1:20,000; מעגנת הרצליה 1:10,000; אשקלון 1:30,000) | מפה ימית = 130",עמ' 27: מפה ימית = 130,2020-08-16: מפת נייר (ימית) | למפה = 130,100% מהשורות = מחיר מקושר (או כפולה שלמה שלו),
7210008,דמי משלוח מהיר,שירות / עבודה / הוצאה ישירה,"הוצאה ישירה (משלוח, דמי טיפול, ביצוע למינציה)",,משלוח ודמי טיפול,ללא קישור,14,14,910.0,9,3,2,585.0,195.0,130.0,65.0,65.0,65.0,65.0,65.0,65.0,65.0,1,65×14,,,,,,
720302,מפה ימית מפרץ חיפה,מוצר מדף מוכן,מפה/פרסום מודפס מהמלאי,,מיפוי ימי / בתימטריה,מחירון + פרוטוקול,7,5,910.0,4,3,0,520.0,390.0,0.0,130.0,130.0,130.0,130.0,130.0,130.0,,1,130×7,,"עמ' 27: מפה ימית (הים התיכון 1:250,000; ראש הנקרה/קיסריה/פלמחים 1:100,000; מפרץ אילת/אשדוד/חיפה/ת""א-יפו/חדרה 1:20,000; מעגנת הרצליה 1:10,000; אשקלון 1:30,000) | מפה ימית = 130",עמ' 27: מפה ימית = 130,2020-08-16: מפת נייר (ימית) | למפה = 130,100% מהשורות = מחיר מקושר (או כפולה שלמה שלו),
7207002,דמי משלוח בדואר רשום עד 500 גרם,שירות / עבודה / הוצאה ישירה,"הוצאה ישירה (משלוח, דמי טיפול, ביצוע למינציה)",,משלוח ודמי טיפול,ללא קישור,32,32,864.0,25,7,0,675.0,189.0,0.0,27.0,27.0,27.0,27.0,27.0,27.0,,1,27×32,,,,,,
8011020,פוסטר סמלי המדינה,מוצר מדף מוכן,מפה/פרסום מודפס מהמלאי,,מפות מודפסות ואטלסים,מחירון בלבד,1,1,800.0,0,0,1,0.0,0.0,800.0,800.0,800.0,800.0,800.0,,,800.0,1,800×1,,"עמ' 29: פוסטר סמלי המדינה | A1 (84X59 ס""מ) מנוילן, 1-10 יחידות = 50; עמ' 29: פוסטר סמלי המדינה | A1 (84X59 ס""מ) מנוילן, 11-50 יחידות = 40; עמ' 29: פוסטר סמלי המדינה | A1 (84X59 ס""מ) מנוילן, 51-500 יחידות = 30; עמ' 29: פוסטר סמלי המדינה | A1 (84X59 ס""מ) מנוילן, מעל 500 יחידות = 20","עמ' 28: A1 (84X59 ס""מ) מנוילן, 1-10 יחידות = 50; עמ' 28: A1 (84X59 ס""מ) מנוילן, 11-50 יחידות = 40; עמ' 28: A1 (84X59 ס""מ) מנוילן, 51-500 יחידות = 30; עמ' 28: A1 (84X59 ס""מ) מנוילן, מעל 500 יחידות = 20",,100% מהשורות = מחיר מקושר (או כפולה שלמה שלו); ב-2024: 100%,
17412,"מפה מס' 1 (חרמון, גולן ואצבע הגליל) עם למינציה",מוצר מדף מוכן,מפה/פרסום מודפס מהמלאי,,מפות מודפסות ואטלסים,מחירון + פרוטוקול,10,10,783.0,7,3,0,588.0,195.0,0.0,65.0,84.0,84.0,84.0,84.0,65.0,,2,84×7; 65×3,,"עמ' 28: מפות טיולים וסימון שבילים בקנה מידה 1:50,000 | מפה בודדת 100X70 ס""מ = 65",,2022-11-14: מפות סימון שבילים | מפה בודדת מנוילנת = 65; 2022-11-14: מפות סימון שבילים | מפה בודדת - מחיר בכנסים = 60,30% מהשורות = מחיר מקושר (או כפולה שלמה שלו),
3374,מפת קיר פיזית עם למינציה,מוצר מדף מוכן,מפה/פרסום מודפס מהמלאי,,מפות מודפסות ואטלסים,מחירון בלבד,9,8,783.0,6,3,0,522.0,261.0,0.0,87.0,87.0,87.0,87.0,87.0,87.0,,1,87×9,,"עמ' 20: מפות פיזיות - קנה מידה 1:250,000 | 100X70 ס""מ, כל אחד משני החלקים (צפון/דרום) = 32; עמ' 20: מפות פיזיות - קנה מידה 1:250,000 | גיליון אחד שלם - מפה ארצית (מנוילנת) = 87","עמ' 20: 100X70 ס""מ, כל אחד משני החלקים (צפון/דרום) = 32; עמ' 20: גיליון אחד שלם - מפה ארצית (מנוילנת) = 87",,100% מהשורות = מחיר מקושר (או כפולה שלמה שלו),
7223001,כיול מד טווח + פריזמה,שירות / עבודה / הוצאה ישירה,"שעות עבודה, שירות מדידה או הוצאה ישירה",,מודד מבקר / אגרות מודדים,ללא קישור,5,3,750.0,3,2,0,450.0,300.0,0.0,150.0,150.0,150.0,150.0,150.0,150.0,,1,150×5,,,,,,
2022288,"מזרח תיכון-פיזית  1:5,000,000",מוצר מדף מוכן,מפה/פרסום מודפס מהמלאי,,מפות מודפסות ואטלסים,מחירון בלבד,6,6,747.0,2,1,3,60.0,255.0,432.0,30.0,120.0,255.0,30.0,30.0,255.0,120.0,4,30×2; 120×2; 255×1; 192×1,,"עמ' 23: מפות פיזיות - מפת המזרח התיכון בקנה מידה 1:2,500,000 | 110X65 ס""מ (מקופלת 25X16 או שטוחה) = 30","עמ' 23: 110X65 ס""מ (מקופלת 25X16 או שטוחה) = 30",,67% מהשורות = מחיר מקושר (או כפולה שלמה שלו); ב-2024: 67%,
7210006,"מפת תצ""ר בהדפסה ובקובץ",שירות / עבודה / הוצאה ישירה,"הפקה לפי הזמנה: הדפסה, הגדלה, סריקה או העתקה",,מודד מבקר / אגרות מודדים,ללא קישור,8,8,720.0,5,0,3,450.0,0.0,270.0,90.0,90.0,90.0,90.0,90.0,,90.0,1,90×8,,,,,,
2022270,ס.שבילים/05-6 - ב. הירדן ומז.השומרון,מוצר מדף מוכן,מפה/פרסום מודפס מהמלאי,,מפות מודפסות ואטלסים,מחירון + פרוטוקול,5,5,667.76,0,2,3,0.0,120.25,547.51,42.25,55.25,450.01,55.25,,55.25,42.25,4,55.25×2; 65×1; 42.25×1; 450.01×1,,"עמ' 28: מפות טיולים וסימון שבילים בקנה מידה 1:50,000 | מפה בודדת 100X70 ס""מ = 65",,2022-11-14: מפות סימון שבילים | מפה בודדת מנוילנת = 65; 2022-11-14: מפות סימון שבילים | מפה בודדת - מחיר בכנסים = 60,20% מהשורות = מחיר מקושר (או כפולה שלמה שלו); ב-2024: 0%,
720102,מפת עיר עם גוש,מוצר מדף מוכן,מפה/פרסום מודפס מהמלאי,,מפות גוש/קדסטר,מחירון + פרוטוקול,19,17,627.0,8,11,0,264.0,363.0,0.0,33.0,33.0,33.0,33.0,33.0,33.0,,1,33×19,,"עמ' 17: מפות יישובים (עם גושים / בלי גושים) | 100X70 ס""מ (מודפסת; ניתן מקופלת 22X12 או שטוחה) = 33","עמ' 17: 100X70 ס""מ (מודפסת; ניתן מקופלת 22X12 או שטוחה) = 33","2022-06-02: מפות אגף קרטוגרפיה המופקות במפ""י (מפות עיר, מפות טופוגרפיות בקני מידה שונים) (עדכון מחיר)",100% מהשורות = מחיר מקושר (או כפולה שלמה שלו),
8004124,עותק נוסף מהעתק אור,שירות / עבודה / הוצאה ישירה,"הפקה לפי הזמנה: הדפסה, הגדלה, סריקה או העתקה",,מפות מודפסות ואטלסים,ללא קישור,4,4,620.0,2,2,0,260.0,360.0,0.0,20.0,140.0,320.0,20.0,20.0,40.0,,4,20×1; 240×1; 320×1; 40×1,,,,,,
1708,ישראל גיאולוגית גיליון צפון,מוצר מדף מוכן,מפה/פרסום מודפס מהמלאי,,מפות מודפסות ואטלסים,מחירון בלבד,18,6,576.0,17,1,0,544.0,32.0,0.0,32.0,32.0,32.0,32.0,32.0,32.0,,1,32×18,,"עמ' 26: מפת ישראל גיאולוגית בקנה מידה 1:250,000 | 100X70 ס""מ, חלק צפוני / חלק דרומי (מקופלת 22X18 או שטוחה) = 32","עמ' 26: 100X70 ס""מ, חלק צפוני / חלק דרומי (מקופלת 22X18 או שטוחה) = 32",,100% מהשורות = מחיר מקושר (או כפולה שלמה שלו),
2022204,ירושלים 2500 העיר העתיקה עברית,מוצר מדף מוכן,מפה/פרסום מודפס מהמלאי,,מפות מודפסות ואטלסים,ללא קישור,2,2,574.8,1,1,0,24.0,550.8,0.0,24.0,287.4,550.8,24.0,24.0,550.8,,2,24×1; 550.8×1,,,,,,
8003983,זכויות יוצרים- ילקוט הפרסומים מס' 2151,מוצר מדף מוכן,רישיון שימוש בתוכן קיים,,זכויות יוצרים ותמלוגים,ללא קישור,3,3,564.0,1,2,0,376.0,188.0,0.0,47.0,141.0,376.0,376.0,376.0,47.0,,3,376×1; 47×1; 141×1,,,,,,
7210007,מפת גיליון שדה מודפסת,שירות / עבודה / הוצאה ישירה,"הפקה לפי הזמנה: הדפסה, הגדלה, סריקה או העתקה",,מפות מודפסות ואטלסים,ללא קישור,7,7,560.0,2,4,1,160.0,320.0,80.0,80.0,80.0,80.0,80.0,80.0,80.0,80.0,1,80×7,,,,,,
17422,מפה מס' 2 (הגליל העליון) עם למינציה,מוצר מדף מוכן,מפה/פרסום מודפס מהמלאי,,מפות מודפסות ואטלסים,מחירון + פרוטוקול,7,7,550.0,5,2,0,420.0,130.0,0.0,65.0,84.0,84.0,84.0,84.0,65.0,,2,84×5; 65×2,,"עמ' 28: מפות טיולים וסימון שבילים בקנה מידה 1:50,000 | מפה בודדת 100X70 ס""מ = 65",,2022-11-14: מפות סימון שבילים | מפה בודדת מנוילנת = 65; 2022-11-14: מפות סימון שבילים | מפה בודדת - מחיר בכנסים = 60,29% מהשורות = מחיר מקושר (או כפולה שלמה שלו),
8008068,"ענן נקודות DSM- בין 5- 50 קמ""ר",מוצר מדף מוכן,קובץ ממאגר קיים (לעיתים בגזירה לפי שטח),,גבהים DTM/DSM/ענן נקודות,מחירון + פרוטוקול,1,1,520.27,0,0,1,0.0,0.0,520.27,520.27,520.27,520.27,520.27,,,520.27,1,520.27×1,,"עמ' 42: מודלי גבהים - ענן נקודות תלת מימדי צבעוני (9-12 נקודות ל-1 מ""ר) | שטח: עד 5 קמ""ר = 69; עמ' 42: מודלי גבהים - ענן נקודות תלת מימדי צבעוני (9-12 נקודות ל-1 מ""ר) | שטח: 5-50 קמ""ר = 65; עמ' 42: מודלי גבהים - ענן נקודות תלת מימדי צבעוני (9-12 נקודות ל-1 מ""ר) | שטח: 50-500 קמ""ר = 59; עמ' 42: מודלי גבהים - ענן נקודות תלת מימדי צבעוני (9-12 נקודות ל-1 מ""ר) | שטח: מעל 500-2,000 קמ""ר = 54; עמ' 42: מודלי גבהים - ענן נקודות תלת מימדי צבעוני (9-12 נקודות ל-1 מ""ר) | שטח: מעל 2,000 קמ""ר = 49","עמ' 41: שטח: עד 5 קמ""ר = 69; עמ' 41: שטח: 5-50 קמ""ר = 65; עמ' 41: שטח: 50-500 קמ""ר = 59; עמ' 41: שטח: מעל 500-2,000 קמ""ר = 54; עמ' 41: שטח: מעל 2,000 קמ""ר = 49","2020-06-07: מוצר גובה (1) | עד 5 קמ""ר = 69; 2020-06-07: מוצר גובה (1) | 5-50 קמ""ר = 65; 2020-06-07: מוצר גובה (1) | 50-500 קמ""ר = 59; 2020-06-07: מוצר גובה (1) | 500-2000 קמ""ר = 54; 2020-06-07: מוצר גובה (1) | מעל 2000 קמ""ר = 49","לא ניתן לבדוק (מחיר לקמ""ר, אין שטח בנתוני המכירות)",מוצר גובה (1) בפרוטוקול = ענן נקודות לפי זהות המחירים
1713,מפות פיזיות 1:450000 (עברית) מנוילן,מוצר מדף מוכן,מפה/פרסום מודפס מהמלאי,,מפות מודפסות ואטלסים,מחירון בלבד,13,3,520.0,0,13,0,0.0,520.0,0.0,40.0,40.0,40.0,40.0,,40.0,,1,40×13,,"עמ' 21: מפות פיזיות - קנה מידה 1:450,000 | 100X40 ס""מ (מקופלת 20X13 או שטוחה) = 24","עמ' 21: 100X40 ס""מ (מקופלת 20X13 או שטוחה) = 24",,0% מהשורות = מחיר מקושר (או כפולה שלמה שלו),
2022301,ימית-נמל אשדוד,מוצר מדף מוכן,מפה/פרסום מודפס מהמלאי,,מיפוי ימי / בתימטריה,מחירון + פרוטוקול,2,2,520.0,1,0,1,130.0,0.0,390.0,130.0,260.0,390.0,130.0,130.0,,390.0,2,130×1; 390×1,,"עמ' 27: מפה ימית (הים התיכון 1:250,000; ראש הנקרה/קיסריה/פלמחים 1:100,000; מפרץ אילת/אשדוד/חיפה/ת""א-יפו/חדרה 1:20,000; מעגנת הרצליה 1:10,000; אשקלון 1:30,000) | מפה ימית = 130",עמ' 27: מפה ימית = 130,2020-08-16: מפת נייר (ימית) | למפה = 130,100% מהשורות = מחיר מקושר (או כפולה שלמה שלו); ב-2024: 100%,
44442001,"מספרים סופיים בתצ""ר",שירות / עבודה / הוצאה ישירה,"ביקורת תצ""ר ורישום: עבודה מקצועית לכל תכנית",,מודד מבקר / אגרות מודדים,מחירון בלבד,1,1,500.0,0,1,0,0.0,500.0,0.0,500.0,500.0,500.0,500.0,,500.0,,1,500×1,,"עמ' 46: רישום מספרים סופיים בתצ""ר | תצ""ר = 500","עמ' 45: תצ""ר = 500",,100% מהשורות = מחיר מקושר (או כפולה שלמה שלו),
8004286,אורטופוטו A2-A3 40/50ממא A2-A1,שירות / עבודה / הוצאה ישירה,הדפסת אורתופוטו בגודל נייר לפי הזמנה,,אורתופוטו,מחירון בלבד,1,1,480.0,1,0,0,480.0,0.0,0.0,480.0,480.0,480.0,480.0,480.0,,,1,480×1,,"עמ' 44: מפה בהתאמה אישית | A3 (30X42 ס""מ) - עם אורתופוטו = 200; עמ' 44: מפה בהתאמה אישית | A3 (30X42 ס""מ) - ללא אורתופוטו = 170; עמ' 44: מפה בהתאמה אישית | A2 (42X59 ס""מ) - עם אורתופוטו = 245; עמ' 44: מפה בהתאמה אישית | A2 (42X59 ס""מ) - ללא אורתופוטו = 200; עמ' 44: מפה בהתאמה אישית | A1 (59X84 ס""מ) - עם אורתופוטו = 340; עמ' 44: מפה בהתאמה אישית | A1 (59X84 ס""מ) - ללא אורתופוטו = 250","עמ' 43: A3 (30X42 ס""מ) - עם אורתופוטו = 200; עמ' 43: A3 (30X42 ס""מ) - ללא אורתופוטו = 170; עמ' 43: A2 (42X59 ס""מ) - עם אורתופוטו = 245; עמ' 43: A2 (42X59 ס""מ) - ללא אורתופוטו = 200; עמ' 43: A1 (59X84 ס""מ) - עם אורתופוטו = 340; עמ' 43: A1 (59X84 ס""מ) - ללא אורתופוטו = 250",,0% מהשורות = מחיר מקושר (או כפולה שלמה שלו),
7214003,דמי משלוח מהיר,שירות / עבודה / הוצאה ישירה,"הוצאה ישירה (משלוח, דמי טיפול, ביצוע למינציה)",,משלוח ודמי טיפול,ללא קישור,7,7,455.0,1,2,4,65.0,130.0,260.0,65.0,65.0,65.0,65.0,65.0,65.0,65.0,1,65×7,,,,,,
8003911,תעודת עובד ציבור,שירות / עבודה / הוצאה ישירה,הכנה וחתימה של תעודה/תצהיר על ידי עובד,,תעודות עובד ציבור,ללא קישור,3,3,450.0,3,0,0,450.0,0.0,0.0,150.0,150.0,150.0,150.0,150.0,,,1,150×3,,,,,,
8004216,העתק שחור/לבן מפת היסטורית עד 5.0 מ',שירות / עבודה / הוצאה ישירה,"הפקה לפי הזמנה: הדפסה, הגדלה, סריקה או העתקה",,מפות היסטוריות,פרוטוקול בלבד,5,5,450.0,3,0,2,90.0,0.0,360.0,30.0,30.0,240.0,30.0,30.0,,120.0,3,30×3; 120×1; 240×1,,,,"2022-07-18: גיליונות מפות קנ""מ 1:50,000 שהודפסו לפני יוני 1967 (מהארכיון) (פטור (בקשה)); לא מצוין (ככל הנראה 28.7.2022 - לפי הפניה בפרוטוקול 14.11.22): גיליונות מפות קנ""מ 1:50,000 לפני 1967 (גבול מצרים) (פטור)",,קישור חלקי: הפרוטוקול עוסק בפטור ממחיר 90 למפה היסטורית; מחיר 90 עצמו לא נקבע בפרוטוקול שנמסר
720405,דמי משלוח בדואר רשום עד 500 גרם,שירות / עבודה / הוצאה ישירה,"הוצאה ישירה (משלוח, דמי טיפול, ביצוע למינציה)",,משלוח ודמי טיפול,ללא קישור,15,15,405.0,12,3,0,324.0,81.0,0.0,27.0,27.0,27.0,27.0,27.0,27.0,,1,27×15,,,,,,
720320,דמי משלוח מהיר,שירות / עבודה / הוצאה ישירה,"הוצאה ישירה (משלוח, דמי טיפול, ביצוע למינציה)",,משלוח ודמי טיפול,ללא קישור,6,6,390.0,5,1,0,325.0,65.0,0.0,65.0,65.0,65.0,65.0,65.0,65.0,,1,65×6,,,,,,
3230,מפת עולם מדינית,מוצר מדף מוכן,מפה/פרסום מודפס מהמלאי,,מפות מודפסות ואטלסים,מחירון בלבד,6,6,390.0,1,5,0,65.0,325.0,0.0,65.0,65.0,65.0,65.0,65.0,65.0,,1,65×6,,"עמ' 25: מפת עולם מדינית בקנה מידה 1:30,000,000 | 75X120 ס""מ = 35","עמ' 25: 75X120 ס""מ = 35",,0% מהשורות = מחיר מקושר (או כפולה שלמה שלו),
720105,דמי משלוח בדואר רשום עד 500 גרם,שירות / עבודה / הוצאה ישירה,"הוצאה ישירה (משלוח, דמי טיפול, ביצוע למינציה)",,משלוח ודמי טיפול,ללא קישור,14,14,378.0,10,4,0,270.0,108.0,0.0,27.0,27.0,27.0,27.0,27.0,27.0,,1,27×14,,,,,,
32992,מפה מס' 3 תבור וגלבוע,מוצר מדף מוכן,מפה/פרסום מודפס מהמלאי,,מפות מודפסות ואטלסים,מחירון + פרוטוקול,5,5,363.0,2,3,0,168.0,195.0,0.0,65.0,65.0,84.0,65.0,84.0,65.0,,2,65×3; 84×2,,"עמ' 28: מפות טיולים וסימון שבילים בקנה מידה 1:50,000 | מפה בודדת 100X70 ס""מ = 65",,2022-11-14: מפות סימון שבילים | מפה בודדת מנוילנת = 65; 2022-11-14: מפות סימון שבילים | מפה בודדת - מחיר בכנסים = 60,60% מהשורות = מחיר מקושר (או כפולה שלמה שלו),
2022400,סט תיור וטיול 1:250000 עברית שטוח,מוצר מדף מוכן,מפה/פרסום מודפס מהמלאי,,מפות מודפסות ואטלסים,מחירון + פרוטוקול,4,4,352.0,1,0,3,32.0,0.0,320.0,32.0,32.0,256.0,32.0,32.0,,32.0,2,32×3; 256×1,,"עמ' 18: מפות תיור וטיול - קנה מידה 1:250,000 | 100X70 ס""מ, חלק צפוני / חלק דרומי = 32","עמ' 18: 100X70 ס""מ, חלק צפוני / חלק דרומי = 32","2022-06-02: מפות אגף קרטוגרפיה המופקות במפ""י (מפות עיר, מפות טופוגרפיות בקני מידה שונים) (עדכון מחיר)",100% מהשורות = מחיר מקושר (או כפולה שלמה שלו); ב-2024: 100%,
7210009,דמי משלוח בדואר רשום עד 500 גרם,שירות / עבודה / הוצאה ישירה,"הוצאה ישירה (משלוח, דמי טיפול, ביצוע למינציה)",,משלוח ודמי טיפול,ללא קישור,13,12,351.0,7,4,2,189.0,108.0,54.0,27.0,27.0,27.0,27.0,27.0,27.0,27.0,1,27×13,,,,,,
8004250,גאולוגית צפון דרום 1:250000- ניילון,מוצר מדף מוכן,מפה/פרסום מודפס מהמלאי,,מפות מודפסות ואטלסים,מחירון בלבד,4,4,348.0,2,2,0,174.0,174.0,0.0,87.0,87.0,87.0,87.0,87.0,87.0,,1,87×4,,"עמ' 26: מפת ישראל גיאולוגית בקנה מידה 1:250,000 | 100X70 ס""מ, חלק צפוני / חלק דרומי (מקופלת 22X18 או שטוחה) = 32","עמ' 26: 100X70 ס""מ, חלק צפוני / חלק דרומי (מקופלת 22X18 או שטוחה) = 32",,0% מהשורות = מחיר מקושר (או כפולה שלמה שלו),
17532,מפה מס' 20 (הרי אילת),מוצר מדף מוכן,מפה/פרסום מודפס מהמלאי,,מפות מודפסות ואטלסים,מחירון + פרוטוקול,4,4,317.0,3,1,0,252.0,65.0,0.0,65.0,84.0,84.0,84.0,84.0,65.0,,2,84×3; 65×1,,"עמ' 28: מפות טיולים וסימון שבילים בקנה מידה 1:50,000 | מפה בודדת 100X70 ס""מ = 65",,2022-11-14: מפות סימון שבילים | מפה בודדת מנוילנת = 65; 2022-11-14: מפות סימון שבילים | מפה בודדת - מחיר בכנסים = 60,25% מהשורות = מחיר מקושר (או כפולה שלמה שלו),
17522,מפה מס' 18 (מערב הר הנגב),מוצר מדף מוכן,מפה/פרסום מודפס מהמלאי,,מפות מודפסות ואטלסים,מחירון + פרוטוקול,4,4,317.0,3,1,0,252.0,65.0,0.0,65.0,84.0,84.0,84.0,84.0,65.0,,2,84×3; 65×1,,"עמ' 28: מפות טיולים וסימון שבילים בקנה מידה 1:50,000 | מפה בודדת 100X70 ס""מ = 65",,2022-11-14: מפות סימון שבילים | מפה בודדת מנוילנת = 65; 2022-11-14: מפות סימון שבילים | מפה בודדת - מחיר בכנסים = 60,25% מהשורות = מחיר מקושר (או כפולה שלמה שלו),
8004251,מפת גוש מהממ  ג,מוצר מדף מוכן,מפה/פרסום מודפס מהמלאי,,מפות גוש/קדסטר,ללא קישור,5,5,315.0,1,2,2,45.0,135.0,135.0,45.0,45.0,90.0,45.0,45.0,45.0,45.0,2,45×3; 90×2,,,,,,
1028,"מפת תיור וטיול 1:450,000",מוצר מדף מוכן,מפה/פרסום מודפס מהמלאי,,מפות מודפסות ואטלסים,מחירון + פרוטוקול,9,8,315.0,5,4,0,175.0,140.0,0.0,35.0,35.0,35.0,35.0,35.0,35.0,,1,35×9,,"עמ' 19: מפות תיור וטיול - קנה מידה 1:450,000 | 100X40 ס""מ (מקופלת 22X10 או שטוחה) = 20","עמ' 19: 100X40 ס""מ (מקופלת 22X10 או שטוחה) = 20","2022-06-02: מפות אגף קרטוגרפיה המופקות במפ""י (מפות עיר, מפות טופוגרפיות בקני מידה שונים) (עדכון מחיר)",0% מהשורות = מחיר מקושר (או כפולה שלמה שלו),
3168,מגילת העצמאות,מוצר מדף מוכן,מפה/פרסום מודפס מהמלאי,,מפות מודפסות ואטלסים,מחירון בלבד,13,10,312.0,4,9,0,96.0,216.0,0.0,24.0,24.0,24.0,24.0,24.0,24.0,,1,24×13,,"עמ' 24: מגילת העצמאות | 90X30 ס""מ, נייר קלף איכותי = 12","עמ' 24: 90X30 ס""מ, נייר קלף איכותי = 12",,100% מהשורות = מחיר מקושר (או כפולה שלמה שלו),
8005050,תעודת עובד ציבור תחום מחקר,שירות / עבודה / הוצאה ישירה,הכנה וחתימה של תעודה/תצהיר על ידי עובד,,תעודות עובד ציבור,מחירון + פרוטוקול,1,1,300.0,0,1,0,0.0,300.0,0.0,300.0,300.0,300.0,300.0,,300.0,,1,300×1,,עמ' 51: תעודת עובד ציבור זמני שקיעה/זריחה | תעודה = 300,עמ' 50: תעודה = 300,לא מצוין (ככל הנראה 28.7.2022 - לפי הפניה בפרוטוקול 14.11.22): תעודת עובד ציבור לזריחת השמש ושקיעתה | לבית משפט = 300,100% מהשורות = מחיר מקושר (או כפולה שלמה שלו),קישור משוער: 300 = מחיר תעודת זריחה/שקיעה
17501,מפת סימון שבילים מס' 15,מוצר מדף מוכן,מפה/פרסום מודפס מהמלאי,,מפות מודפסות ואטלסים,מחירון + פרוטוקול,4,4,298.0,2,2,0,168.0,130.0,0.0,65.0,74.5,84.0,84.0,84.0,65.0,,2,84×2; 65×2,,"עמ' 28: מפות טיולים וסימון שבילים בקנה מידה 1:50,000 | מפה בודדת 100X70 ס""מ = 65",,2022-11-14: מפות סימון שבילים | מפה בודדת מנוילנת = 65; 2022-11-14: מפות סימון שבילים | מפה בודדת - מחיר בכנסים = 60,50% מהשורות = מחיר מקושר (או כפולה שלמה שלו),
720319,דמי משלוח בדואר רשום עד 500 גרם,שירות / עבודה / הוצאה ישירה,"הוצאה ישירה (משלוח, דמי טיפול, ביצוע למינציה)",,משלוח ודמי טיפול,ללא קישור,10,10,270.0,6,3,1,162.0,81.0,27.0,27.0,27.0,27.0,27.0,27.0,27.0,27.0,1,27×10,,,,,,
8004190,ישראל פיזית/אנגלית- ניילון,מוצר מדף מוכן,מפה/פרסום מודפס מהמלאי,,מפות מודפסות ואטלסים,מחירון בלבד,3,3,261.0,0,3,0,0.0,261.0,0.0,87.0,87.0,87.0,87.0,,87.0,,1,87×3,,"עמ' 20: מפות פיזיות - קנה מידה 1:250,000 | 100X70 ס""מ, כל אחד משני החלקים (צפון/דרום) = 32; עמ' 20: מפות פיזיות - קנה מידה 1:250,000 | גיליון אחד שלם - מפה ארצית (מנוילנת) = 87","עמ' 20: 100X70 ס""מ, כל אחד משני החלקים (צפון/דרום) = 32; עמ' 20: גיליון אחד שלם - מפה ארצית (מנוילנת) = 87",,100% מהשורות = מחיר מקושר (או כפולה שלמה שלו),
2022287,ימית-אשקלון,מוצר מדף מוכן,מפה/פרסום מודפס מהמלאי,,מיפוי ימי / בתימטריה,מחירון + פרוטוקול,1,1,260.0,1,0,0,260.0,0.0,0.0,260.0,260.0,260.0,260.0,260.0,,,1,260×1,,"עמ' 27: מפה ימית (הים התיכון 1:250,000; ראש הנקרה/קיסריה/פלמחים 1:100,000; מפרץ אילת/אשדוד/חיפה/ת""א-יפו/חדרה 1:20,000; מעגנת הרצליה 1:10,000; אשקלון 1:30,000) | מפה ימית = 130",עמ' 27: מפה ימית = 130,2020-08-16: מפת נייר (ימית) | למפה = 130,100% מהשורות = מחיר מקושר (או כפולה שלמה שלו),
7204,דמי משלוח,שירות / עבודה / הוצאה ישירה,"הוצאה ישירה (משלוח, דמי טיפול, ביצוע למינציה)",,משלוח ודמי טיפול,ללא קישור,4,4,260.0,4,0,0,260.0,0.0,0.0,65.0,65.0,65.0,65.0,65.0,,,1,65×4,,,,,,
7213001,דמי משלוח מהיר,שירות / עבודה / הוצאה ישירה,"הוצאה ישירה (משלוח, דמי טיפול, ביצוע למינציה)",,משלוח ודמי טיפול,ללא קישור,4,4,260.0,2,2,0,130.0,130.0,0.0,65.0,65.0,65.0,65.0,65.0,65.0,,1,65×4,,,,,,
3254,מפה ימית חיפה והצפון,מוצר מדף מוכן,מפה/פרסום מודפס מהמלאי,,מיפוי ימי / בתימטריה,מחירון + פרוטוקול,2,2,260.0,0,2,0,0.0,260.0,0.0,130.0,130.0,130.0,130.0,,130.0,,1,130×2,,"עמ' 27: מפה ימית (הים התיכון 1:250,000; ראש הנקרה/קיסריה/פלמחים 1:100,000; מפרץ אילת/אשדוד/חיפה/ת""א-יפו/חדרה 1:20,000; מעגנת הרצליה 1:10,000; אשקלון 1:30,000) | מפה ימית = 130",עמ' 27: מפה ימית = 130,2020-08-16: מפת נייר (ימית) | למפה = 130,100% מהשורות = מחיר מקושר (או כפולה שלמה שלו),
3364,מפה ימית אשקלון,מוצר מדף מוכן,מפה/פרסום מודפס מהמלאי,,מיפוי ימי / בתימטריה,מחירון + פרוטוקול,2,1,260.0,2,0,0,260.0,0.0,0.0,130.0,130.0,130.0,130.0,130.0,,,1,130×2,,"עמ' 27: מפה ימית (הים התיכון 1:250,000; ראש הנקרה/קיסריה/פלמחים 1:100,000; מפרץ אילת/אשדוד/חיפה/ת""א-יפו/חדרה 1:20,000; מעגנת הרצליה 1:10,000; אשקלון 1:30,000) | מפה ימית = 130",עמ' 27: מפה ימית = 130,2020-08-16: מפת נייר (ימית) | למפה = 130,100% מהשורות = מחיר מקושר (או כפולה שלמה שלו),
7222005,סט מפות תיור וטיול צפון - כנסים,מוצר מדף מוכן,מפה/פרסום מודפס מהמלאי,,מפות מודפסות ואטלסים,פרוטוקול בלבד,10,8,260.0,1,8,1,26.0,208.0,26.0,26.0,26.0,26.0,26.0,26.0,26.0,26.0,1,26×10,,,,"2022-11-14: מפות נייר - סט סימון שבילים, 1:25,000, 1:50,000, 1:250,000, 1:450,000, 1:700,000, מפות עיר (הנחה); 2023-05-03: מפות נייר הנמכרות בכנסים (הנחה)",,מחיר כנסים = 20% הנחה לפי הפרוטוקולים; המחיר הבסיסי עצמו לא בפרוטוקול
1002,מפת ישראל תיור וטיול באנגלית,מוצר מדף מוכן,מפה/פרסום מודפס מהמלאי,,מפות מודפסות ואטלסים,מחירון + פרוטוקול,8,6,256.0,2,6,0,64.0,192.0,0.0,32.0,32.0,32.0,32.0,32.0,32.0,,1,32×8,,"עמ' 18: מפות תיור וטיול - קנה מידה 1:250,000 | 100X70 ס""מ, חלק צפוני / חלק דרומי = 32","עמ' 18: 100X70 ס""מ, חלק צפוני / חלק דרומי = 32","2022-06-02: מפות אגף קרטוגרפיה המופקות במפ""י (מפות עיר, מפות טופוגרפיות בקני מידה שונים) (עדכון מחיר)",100% מהשורות = מחיר מקושר (או כפולה שלמה שלו),
2022261,מפת עולם מדינית,מוצר מדף מוכן,מפה/פרסום מודפס מהמלאי,,מפות מודפסות ואטלסים,מחירון בלבד,3,3,245.0,1,2,0,35.0,210.0,0.0,35.0,70.0,140.0,35.0,35.0,70.0,,3,35×1; 70×1; 140×1,,"עמ' 25: מפת עולם מדינית בקנה מידה 1:30,000,000 | 75X120 ס""מ = 35","עמ' 25: 75X120 ס""מ = 35",,100% מהשורות = מחיר מקושר (או כפולה שלמה שלו),
8004058,העתק ג.שדה-סכום בסיסי,שירות / עבודה / הוצאה ישירה,"הפקה לפי הזמנה: הדפסה, הגדלה, סריקה או העתקה",,מפות גוש/קדסטר,ללא קישור,1,1,240.0,1,0,0,240.0,0.0,0.0,240.0,240.0,240.0,240.0,240.0,,,1,240×1,,,,,,
7207,דמי משלוח,שירות / עבודה / הוצאה ישירה,"הוצאה ישירה (משלוח, דמי טיפול, ביצוע למינציה)",,משלוח ודמי טיפול,ללא קישור,6,6,234.0,5,0,1,195.0,0.0,39.0,39.0,39.0,39.0,39.0,39.0,,39.0,1,39×6,,,,,,
31512,מפה מס' 7 (השרון ומערב השרון),מוצר מדף מוכן,מפה/פרסום מודפס מהמלאי,,מפות מודפסות ואטלסים,מחירון + פרוטוקול,3,3,233.0,2,1,0,168.0,65.0,0.0,65.0,84.0,84.0,84.0,84.0,65.0,,2,84×2; 65×1,,"עמ' 28: מפות טיולים וסימון שבילים בקנה מידה 1:50,000 | מפה בודדת 100X70 ס""מ = 65",,2022-11-14: מפות סימון שבילים | מפה בודדת מנוילנת = 65; 2022-11-14: מפות סימון שבילים | מפה בודדת - מחיר בכנסים = 60,33% מהשורות = מחיר מקושר (או כפולה שלמה שלו),
32212,מפת סימון שבילים מס' 19,מוצר מדף מוכן,מפה/פרסום מודפס מהמלאי,,מפות מודפסות ואטלסים,מחירון + פרוטוקול,3,3,233.0,2,1,0,168.0,65.0,0.0,65.0,84.0,84.0,84.0,84.0,65.0,,2,84×2; 65×1,,"עמ' 28: מפות טיולים וסימון שבילים בקנה מידה 1:50,000 | מפה בודדת 100X70 ס""מ = 65",,2022-11-14: מפות סימון שבילים | מפה בודדת מנוילנת = 65; 2022-11-14: מפות סימון שבילים | מפה בודדת - מחיר בכנסים = 60,33% מהשורות = מחיר מקושר (או כפולה שלמה שלו),
8004136,עתקי-אור/תוכנ.גוש רשוםשטוח,שירות / עבודה / הוצאה ישירה,"הפקה לפי הזמנה: הדפסה, הגדלה, סריקה או העתקה",,מפות גוש/קדסטר,ללא קישור,3,3,225.0,1,1,1,135.0,45.0,45.0,45.0,45.0,135.0,45.0,135.0,45.0,45.0,2,45×2; 135×1,,,,,,
7208002,דמי משלוח,שירות / עבודה / הוצאה ישירה,"הוצאה ישירה (משלוח, דמי טיפול, ביצוע למינציה)",,משלוח ודמי טיפול,ללא קישור,8,8,216.0,5,3,0,135.0,81.0,0.0,27.0,27.0,27.0,27.0,27.0,27.0,,1,27×8,,,,,,
31972,מפה מס' 10 (גוש דן וחוף פלשתין),מוצר מדף מוכן,מפה/פרסום מודפס מהמלאי,,מפות גוש/קדסטר,מחירון + פרוטוקול,3,3,214.0,1,2,0,84.0,130.0,0.0,65.0,65.0,84.0,65.0,84.0,65.0,,2,65×2; 84×1,,"עמ' 28: מפות טיולים וסימון שבילים בקנה מידה 1:50,000 | מפה בודדת 100X70 ס""מ = 65",,2022-11-14: מפות סימון שבילים | מפה בודדת מנוילנת = 65; 2022-11-14: מפות סימון שבילים | מפה בודדת - מחיר בכנסים = 60,67% מהשורות = מחיר מקושר (או כפולה שלמה שלו),
32991,מפה מס' 5-6 בקעת הירדן,מוצר מדף מוכן,מפה/פרסום מודפס מהמלאי,,מפות מודפסות ואטלסים,מחירון + פרוטוקול,3,3,214.0,1,2,0,84.0,130.0,0.0,65.0,65.0,84.0,65.0,84.0,65.0,,2,65×2; 84×1,,"עמ' 28: מפות טיולים וסימון שבילים בקנה מידה 1:50,000 | מפה בודדת 100X70 ס""מ = 65",,2022-11-14: מפות סימון שבילים | מפה בודדת מנוילנת = 65; 2022-11-14: מפות סימון שבילים | מפה בודדת - מחיר בכנסים = 60,67% מהשורות = מחיר מקושר (או כפולה שלמה שלו),
2022190,ישראל 400000 אנגלית,מוצר מדף מוכן,מפה/פרסום מודפס מהמלאי,,מפות מודפסות ואטלסים,ללא קישור,5,5,197.0,3,2,0,160.0,37.0,0.0,17.0,20.0,80.0,20.0,20.0,17.0,,4,20×2; 80×1; 60×1; 17×1,,,,,,
7212001,דמי משלוח מהיר,שירות / עבודה / הוצאה ישירה,"הוצאה ישירה (משלוח, דמי טיפול, ביצוע למינציה)",,משלוח ודמי טיפול,ללא קישור,3,3,195.0,2,1,0,130.0,65.0,0.0,65.0,65.0,65.0,65.0,65.0,65.0,,1,65×3,,,,,,
7213,דמי משלוח,שירות / עבודה / הוצאה ישירה,"הוצאה ישירה (משלוח, דמי טיפול, ביצוע למינציה)",,משלוח ודמי טיפול,ללא קישור,5,5,195.0,3,2,0,117.0,78.0,0.0,39.0,39.0,39.0,39.0,39.0,39.0,,1,39×5,,,,,,
32532,מפה מס' 12 (דרום השפלה) עם למינציה,מוצר מדף מוכן,מפה/פרסום מודפס מהמלאי,,מפות מודפסות ואטלסים,מחירון + פרוטוקול,3,3,195.0,0,3,0,0.0,195.0,0.0,65.0,65.0,65.0,65.0,,65.0,,1,65×3,,"עמ' 28: מפות טיולים וסימון שבילים בקנה מידה 1:50,000 | מפה בודדת 100X70 ס""מ = 65",,2022-11-14: מפות סימון שבילים | מפה בודדת מנוילנת = 65; 2022-11-14: מפות סימון שבילים | מפה בודדת - מחיר בכנסים = 60,100% מהשורות = מחיר מקושר (או כפולה שלמה שלו),
7208001,דמי משלוח מהיר,שירות / עבודה / הוצאה ישירה,"הוצאה ישירה (משלוח, דמי טיפול, ביצוע למינציה)",,משלוח ודמי טיפול,ללא קישור,3,3,195.0,1,2,0,65.0,130.0,0.0,65.0,65.0,65.0,65.0,65.0,65.0,,1,65×3,,,,,,
2022172,ישראל 1:250000פיזית צפון+דרום אנגלית מקו,מוצר מדף מוכן,מפה/פרסום מודפס מהמלאי,,מפות מודפסות ואטלסים,מחירון בלבד,4,4,185.6,2,2,0,128.0,57.6,0.0,25.6,32.0,96.0,32.0,32.0,25.6,,3,32×2; 96×1; 25.6×1,,"עמ' 20: מפות פיזיות - קנה מידה 1:250,000 | 100X70 ס""מ, כל אחד משני החלקים (צפון/דרום) = 32; עמ' 20: מפות פיזיות - קנה מידה 1:250,000 | גיליון אחד שלם - מפה ארצית (מנוילנת) = 87","עמ' 20: 100X70 ס""מ, כל אחד משני החלקים (צפון/דרום) = 32; עמ' 20: גיליון אחד שלם - מפה ארצית (מנוילנת) = 87",,75% מהשורות = מחיר מקושר (או כפולה שלמה שלו),
7214,דמי משלוח,שירות / עבודה / הוצאה ישירה,"הוצאה ישירה (משלוח, דמי טיפול, ביצוע למינציה)",,משלוח ודמי טיפול,ללא קישור,4,4,156.0,1,1,2,39.0,39.0,78.0,39.0,39.0,39.0,39.0,39.0,39.0,39.0,1,39×4,,,,,,
8004235,"המזרח התיכון-פיזית,1:5000000- ניילון",מוצר מדף מוכן,מפה/פרסום מודפס מהמלאי,,מפות מודפסות ואטלסים,מחירון בלבד,3,3,153.7,0,3,0,0.0,153.7,0.0,37.7,58.0,58.0,58.0,,58.0,,2,58×2; 37.7×1,,"עמ' 23: מפות פיזיות - מפת המזרח התיכון בקנה מידה 1:2,500,000 | 110X65 ס""מ (מקופלת 25X16 או שטוחה) = 30","עמ' 23: 110X65 ס""מ (מקופלת 25X16 או שטוחה) = 30",,0% מהשורות = מחיר מקושר (או כפולה שלמה שלו),
17472,מפה מס' 13 (מישור חוף הנגב) עם למינציה,מוצר מדף מוכן,מפה/פרסום מודפס מהמלאי,,מפות מודפסות ואטלסים,מחירון + פרוטוקול,2,2,149.0,1,1,0,84.0,65.0,0.0,65.0,74.5,84.0,84.0,84.0,65.0,,2,84×1; 65×1,,"עמ' 28: מפות טיולים וסימון שבילים בקנה מידה 1:50,000 | מפה בודדת 100X70 ס""מ = 65",,2022-11-14: מפות סימון שבילים | מפה בודדת מנוילנת = 65; 2022-11-14: מפות סימון שבילים | מפה בודדת - מחיר בכנסים = 60,50% מהשורות = מחיר מקושר (או כפולה שלמה שלו),
17492,מפה מס' 14 (צפון הערבה ומזרח) עם למינציה,מוצר מדף מוכן,מפה/פרסום מודפס מהמלאי,,מפות מודפסות ואטלסים,מחירון + פרוטוקול,2,2,149.0,1,1,0,84.0,65.0,0.0,65.0,74.5,84.0,84.0,84.0,65.0,,2,84×1; 65×1,,"עמ' 28: מפות טיולים וסימון שבילים בקנה מידה 1:50,000 | מפה בודדת 100X70 ס""מ = 65",,2022-11-14: מפות סימון שבילים | מפה בודדת מנוילנת = 65; 2022-11-14: מפות סימון שבילים | מפה בודדת - מחיר בכנסים = 60,50% מהשורות = מחיר מקושר (או כפולה שלמה שלו),
17511,מפת סימון שבילים מס' 17,מוצר מדף מוכן,מפה/פרסום מודפס מהמלאי,,מפות מודפסות ואטלסים,מחירון + פרוטוקול,2,2,149.0,1,1,0,84.0,65.0,0.0,65.0,74.5,84.0,84.0,84.0,65.0,,2,84×1; 65×1,,"עמ' 28: מפות טיולים וסימון שבילים בקנה מידה 1:50,000 | מפה בודדת 100X70 ס""מ = 65",,2022-11-14: מפות סימון שבילים | מפה בודדת מנוילנת = 65; 2022-11-14: מפות סימון שבילים | מפה בודדת - מחיר בכנסים = 60,50% מהשורות = מחיר מקושר (או כפולה שלמה שלו),
8003975,"מפה סרוקה 1:400,000",מוצר מדף מוכן,מפה/פרסום מודפס מהמלאי,,מפות מודפסות ואטלסים,ללא קישור,2,2,144.0,2,0,0,144.0,0.0,0.0,72.0,72.0,72.0,72.0,72.0,,,1,72×2,,,,,,
8004155,תצ  ר - קובץ סרוק,מוצר מדף מוכן,מפה/פרסום מודפס מהמלאי,,מודד מבקר / אגרות מודדים,ללא קישור,2,2,140.0,1,1,0,70.0,70.0,0.0,70.0,70.0,70.0,70.0,70.0,70.0,,1,70×2,,,,,,
1026,"מפת תיור וטיול 1:450,000",מוצר מדף מוכן,מפה/פרסום מודפס מהמלאי,,מפות מודפסות ואטלסים,מחירון + פרוטוקול,7,6,140.0,6,1,0,120.0,20.0,0.0,20.0,20.0,20.0,20.0,20.0,20.0,,1,20×7,,"עמ' 19: מפות תיור וטיול - קנה מידה 1:450,000 | 100X40 ס""מ (מקופלת 22X10 או שטוחה) = 20","עמ' 19: 100X40 ס""מ (מקופלת 22X10 או שטוחה) = 20","2022-06-02: מפות אגף קרטוגרפיה המופקות במפ""י (מפות עיר, מפות טופוגרפיות בקני מידה שונים) (עדכון מחיר)",100% מהשורות = מחיר מקושר (או כפולה שלמה שלו),
7213002,דמי משלוח,שירות / עבודה / הוצאה ישירה,"הוצאה ישירה (משלוח, דמי טיפול, ביצוע למינציה)",,משלוח ודמי טיפול,ללא קישור,5,5,135.0,3,2,0,81.0,54.0,0.0,27.0,27.0,27.0,27.0,27.0,27.0,,1,27×5,,,,,,
17451,מפת סימון שבילים מבואות ירושלים,מוצר מדף מוכן,מפה/פרסום מודפס מהמלאי,,מפות מודפסות ואטלסים,מחירון + פרוטוקול,2,2,130.0,0,2,0,0.0,130.0,0.0,65.0,65.0,65.0,65.0,,65.0,,1,65×2,,"עמ' 28: מפות טיולים וסימון שבילים בקנה מידה 1:50,000 | מפה בודדת 100X70 ס""מ = 65",,2022-11-14: מפות סימון שבילים | מפה בודדת מנוילנת = 65; 2022-11-14: מפות סימון שבילים | מפה בודדת - מחיר בכנסים = 60,100% מהשורות = מחיר מקושר (או כפולה שלמה שלו),
720303,מפה ימית אשדוד,מוצר מדף מוכן,מפה/פרסום מודפס מהמלאי,,מיפוי ימי / בתימטריה,מחירון + פרוטוקול,1,1,130.0,1,0,0,130.0,0.0,0.0,130.0,130.0,130.0,130.0,130.0,,,1,130×1,,"עמ' 27: מפה ימית (הים התיכון 1:250,000; ראש הנקרה/קיסריה/פלמחים 1:100,000; מפרץ אילת/אשדוד/חיפה/ת""א-יפו/חדרה 1:20,000; מעגנת הרצליה 1:10,000; אשקלון 1:30,000) | מפה ימית = 130",עמ' 27: מפה ימית = 130,2020-08-16: מפת נייר (ימית) | למפה = 130,100% מהשורות = מחיר מקושר (או כפולה שלמה שלו),
3453,מדריך סימנים מוסכמים ומונחים,מוצר מדף מוכן,מפה/פרסום מודפס מהמלאי,,מפות מודפסות ואטלסים,מחירון בלבד,2,2,130.0,2,0,0,130.0,0.0,0.0,65.0,65.0,65.0,65.0,65.0,,,1,65×2,,עמ' 27: מדריך סימנים מוסכמים למפות ימיות | מדריך = 65,עמ' 27: מדריך = 65,,100% מהשורות = מחיר מקושר (או כפולה שלמה שלו),
3307,מפה ימית פלמחים וקיסריה,מוצר מדף מוכן,מפה/פרסום מודפס מהמלאי,,מיפוי ימי / בתימטריה,מחירון + פרוטוקול,1,1,130.0,0,1,0,0.0,130.0,0.0,130.0,130.0,130.0,130.0,,130.0,,1,130×1,,"עמ' 27: מפה ימית (הים התיכון 1:250,000; ראש הנקרה/קיסריה/פלמחים 1:100,000; מפרץ אילת/אשדוד/חיפה/ת""א-יפו/חדרה 1:20,000; מעגנת הרצליה 1:10,000; אשקלון 1:30,000) | מפה ימית = 130",עמ' 27: מפה ימית = 130,2020-08-16: מפת נייר (ימית) | למפה = 130,100% מהשורות = מחיר מקושר (או כפולה שלמה שלו),
720304,מפה ימית מפרץ אילת,מוצר מדף מוכן,מפה/פרסום מודפס מהמלאי,,מיפוי ימי / בתימטריה,מחירון + פרוטוקול,1,1,130.0,1,0,0,130.0,0.0,0.0,130.0,130.0,130.0,130.0,130.0,,,1,130×1,,"עמ' 27: מפה ימית (הים התיכון 1:250,000; ראש הנקרה/קיסריה/פלמחים 1:100,000; מפרץ אילת/אשדוד/חיפה/ת""א-יפו/חדרה 1:20,000; מעגנת הרצליה 1:10,000; אשקלון 1:30,000) | מפה ימית = 130",עמ' 27: מפה ימית = 130,2020-08-16: מפת נייר (ימית) | למפה = 130,100% מהשורות = מחיר מקושר (או כפולה שלמה שלו),
3403,מפה ימית חדרה,מוצר מדף מוכן,מפה/פרסום מודפס מהמלאי,,מיפוי ימי / בתימטריה,מחירון + פרוטוקול,1,1,130.0,0,1,0,0.0,130.0,0.0,130.0,130.0,130.0,130.0,,130.0,,1,130×1,,"עמ' 27: מפה ימית (הים התיכון 1:250,000; ראש הנקרה/קיסריה/פלמחים 1:100,000; מפרץ אילת/אשדוד/חיפה/ת""א-יפו/חדרה 1:20,000; מעגנת הרצליה 1:10,000; אשקלון 1:30,000) | מפה ימית = 130",עמ' 27: מפה ימית = 130,2020-08-16: מפת נייר (ימית) | למפה = 130,100% מהשורות = מחיר מקושר (או כפולה שלמה שלו),
8003957,מפת גוש ספרתית-סכום בסיסי,מוצר מדף מוכן,מפה/פרסום מודפס מהמלאי,,מפות גוש/קדסטר,ללא קישור,1,1,125.0,0,1,0,0.0,125.0,0.0,125.0,125.0,125.0,125.0,,125.0,,1,125×1,,,,,,
8004202,העיר העתיקה 1:2500עם למינציה,מוצר מדף מוכן,מפה/פרסום מודפס מהמלאי,,מפות מודפסות ואטלסים,מחירון בלבד,1,1,123.0,0,0,1,0.0,0.0,123.0,123.0,123.0,123.0,123.0,,,123.0,1,123×1,,"עמ' 20: מפות פיזיות - קנה מידה 1:250,000 | 100X70 ס""מ, כל אחד משני החלקים (צפון/דרום) = 32; עמ' 20: מפות פיזיות - קנה מידה 1:250,000 | גיליון אחד שלם - מפה ארצית (מנוילנת) = 87","עמ' 20: 100X70 ס""מ, כל אחד משני החלקים (צפון/דרום) = 32; עמ' 20: גיליון אחד שלם - מפה ארצית (מנוילנת) = 87",,0% מהשורות = מחיר מקושר (או כפולה שלמה שלו); ב-2024: 0%,
3383,דמי משלוח,שירות / עבודה / הוצאה ישירה,"הוצאה ישירה (משלוח, דמי טיפול, ביצוע למינציה)",,משלוח ודמי טיפול,ללא קישור,3,3,117.0,1,2,0,39.0,78.0,0.0,39.0,39.0,39.0,39.0,39.0,39.0,,1,39×3,,,,,,
720318,דמי משלוח,שירות / עבודה / הוצאה ישירה,"הוצאה ישירה (משלוח, דמי טיפול, ביצוע למינציה)",,משלוח ודמי טיפול,ללא קישור,3,3,117.0,2,1,0,78.0,39.0,0.0,39.0,39.0,39.0,39.0,39.0,39.0,,1,39×3,,,,,,
7212,דמי משלוח,שירות / עבודה / הוצאה ישירה,"הוצאה ישירה (משלוח, דמי טיפול, ביצוע למינציה)",,משלוח ודמי טיפול,ללא קישור,3,3,117.0,1,2,0,39.0,78.0,0.0,39.0,39.0,39.0,39.0,39.0,39.0,,1,39×3,,,,,,
7210,דמי משלוח,שירות / עבודה / הוצאה ישירה,"הוצאה ישירה (משלוח, דמי טיפול, ביצוע למינציה)",,משלוח ודמי טיפול,ללא קישור,3,3,117.0,1,2,0,39.0,78.0,0.0,39.0,39.0,39.0,39.0,39.0,39.0,,1,39×3,,,,,,
3425,דמי משלוח,שירות / עבודה / הוצאה ישירה,"הוצאה ישירה (משלוח, דמי טיפול, ביצוע למינציה)",,משלוח ודמי טיפול,ללא קישור,3,3,117.0,2,1,0,78.0,39.0,0.0,39.0,39.0,39.0,39.0,39.0,39.0,,1,39×3,,,,,,
8004154,מפת גוש - קובץ סרוק,מוצר מדף מוכן,שכבת מידע / קובץ דיגיטלי קיים,,מפות גוש/קדסטר,ללא קישור,2,2,110.0,0,1,1,0.0,55.0,55.0,55.0,55.0,55.0,55.0,,55.0,55.0,1,55×2,,,,,,
8004232,גוש ממ  ג סרוק,מוצר מדף מוכן,שכבת מידע / קובץ דיגיטלי קיים,,מפות גוש/קדסטר,ללא קישור,1,1,110.0,0,0,1,0.0,0.0,110.0,110.0,110.0,110.0,110.0,,,110.0,1,110×1,,,,,,
1719,מפת עולם מדינית 1:30000000,מוצר מדף מוכן,מפה/פרסום מודפס מהמלאי,,מפות מודפסות ואטלסים,מחירון בלבד,3,2,105.0,1,2,0,35.0,70.0,0.0,35.0,35.0,35.0,35.0,35.0,35.0,,1,35×3,,"עמ' 25: מפת עולם מדינית בקנה מידה 1:30,000,000 | 75X120 ס""מ = 35","עמ' 25: 75X120 ס""מ = 35",,100% מהשורות = מחיר מקושר (או כפולה שלמה שלו),
7222001,מפת עיר - כנסים,מוצר מדף מוכן,מפה/פרסום מודפס מהמלאי,,מפות מודפסות ואטלסים,מחירון + פרוטוקול,4,3,104.0,0,3,1,0.0,78.0,26.0,26.0,26.0,26.0,26.0,,26.0,26.0,1,26×4,,"עמ' 17: מפות יישובים (עם גושים / בלי גושים) | 100X70 ס""מ (מודפסת; ניתן מקופלת 22X12 או שטוחה) = 33","עמ' 17: 100X70 ס""מ (מודפסת; ניתן מקופלת 22X12 או שטוחה) = 33","2022-06-02: מפות אגף קרטוגרפיה המופקות במפ""י (מפות עיר, מפות טופוגרפיות בקני מידה שונים) (עדכון מחיר)",0% מהשורות = מחיר מקושר (או כפולה שלמה שלו); ב-2024: 0%,
3452,אטלס קו החוף (עברית),מוצר מדף מוכן,מפה/פרסום מודפס מהמלאי,,מפות מודפסות ואטלסים,ללא קישור,1,1,100.0,1,0,0,100.0,0.0,0.0,100.0,100.0,100.0,100.0,100.0,,,1,100×1,,,,,,
2022307,אטלס קו החוף,מוצר מדף מוכן,מפה/פרסום מודפס מהמלאי,,מפות מודפסות ואטלסים,ללא קישור,1,1,100.0,1,0,0,100.0,0.0,0.0,100.0,100.0,100.0,100.0,100.0,,,1,100×1,,,,,,
7204004,מפות פיזיות 1:450000 (עברית),מוצר מדף מוכן,מפה/פרסום מודפס מהמלאי,,מפות מודפסות ואטלסים,מחירון בלבד,4,1,96.0,0,4,0,0.0,96.0,0.0,24.0,24.0,24.0,24.0,,24.0,,1,24×4,,"עמ' 21: מפות פיזיות - קנה מידה 1:450,000 | 100X40 ס""מ (מקופלת 20X13 או שטוחה) = 24","עמ' 21: 100X40 ס""מ (מקופלת 20X13 או שטוחה) = 24",,100% מהשורות = מחיר מקושר (או כפולה שלמה שלו),
8004224,מפת היסטורית צבעונית עד 5.0 מ',מוצר מדף מוכן,מפה/פרסום מודפס מהמלאי,,מפות היסטוריות,פרוטוקול בלבד,1,1,90.0,0,1,0,0.0,90.0,0.0,90.0,90.0,90.0,90.0,,90.0,,1,90×1,,,,"2022-07-18: גיליונות מפות קנ""מ 1:50,000 שהודפסו לפני יוני 1967 (מהארכיון) (פטור (בקשה)); לא מצוין (ככל הנראה 28.7.2022 - לפי הפניה בפרוטוקול 14.11.22): גיליונות מפות קנ""מ 1:50,000 לפני 1967 (גבול מצרים) (פטור)",,קישור חלקי: הפרוטוקול עוסק בפטור ממחיר 90 למפה היסטורית; מחיר 90 עצמו לא נקבע בפרוטוקול שנמסר
7206003,דמי משלוח בדואר רשום עד 500 גרם,שירות / עבודה / הוצאה ישירה,"הוצאה ישירה (משלוח, דמי טיפול, ביצוע למינציה)",,משלוח ודמי טיפול,ללא קישור,3,3,81.0,2,1,0,54.0,27.0,0.0,27.0,27.0,27.0,27.0,27.0,27.0,,1,27×3,,,,,,
7204006,מפות פיזיות 1:450000 (עברית) מנוילן,מוצר מדף מוכן,מפה/פרסום מודפס מהמלאי,,מפות מודפסות ואטלסים,מחירון בלבד,2,1,80.0,0,2,0,0.0,80.0,0.0,40.0,40.0,40.0,40.0,,40.0,,1,40×2,,"עמ' 21: מפות פיזיות - קנה מידה 1:450,000 | 100X40 ס""מ (מקופלת 20X13 או שטוחה) = 24","עמ' 21: 100X40 ס""מ (מקופלת 20X13 או שטוחה) = 24",,0% מהשורות = מחיר מקושר (או כפולה שלמה שלו),
720404,דמי משלוח מהיר,שירות / עבודה / הוצאה ישירה,"הוצאה ישירה (משלוח, דמי טיפול, ביצוע למינציה)",,משלוח ודמי טיפול,ללא קישור,2,2,78.0,2,0,0,78.0,0.0,0.0,39.0,39.0,39.0,39.0,39.0,,,1,39×2,,,,,,
8004194,ישראל 1:400000אנגלית/למינציה,מוצר מדף מוכן,מפה/פרסום מודפס מהמלאי,,מפות מודפסות ואטלסים,ללא קישור,2,2,70.0,0,2,0,0.0,70.0,0.0,35.0,35.0,35.0,35.0,,35.0,,1,35×2,,,,,,
8005550,מגילת העצמאות,מוצר מדף מוכן,מפה/פרסום מודפס מהמלאי,,מפות מודפסות ואטלסים,מחירון בלבד,2,2,69.0,0,2,0,0.0,69.0,0.0,24.0,34.5,45.0,24.0,,24.0,,2,24×1; 45×1,,"עמ' 24: מגילת העצמאות | 90X30 ס""מ, נייר קלף איכותי = 12","עמ' 24: 90X30 ס""מ, נייר קלף איכותי = 12",,50% מהשורות = מחיר מקושר (או כפולה שלמה שלו),
17482,מפה מס' 11 (דרום מדבר יהודה),מוצר מדף מוכן,מפה/פרסום מודפס מהמלאי,,מפות מודפסות ואטלסים,מחירון + פרוטוקול,1,1,65.0,0,1,0,0.0,65.0,0.0,65.0,65.0,65.0,65.0,,65.0,,1,65×1,,"עמ' 28: מפות טיולים וסימון שבילים בקנה מידה 1:50,000 | מפה בודדת 100X70 ס""מ = 65",,2022-11-14: מפות סימון שבילים | מפה בודדת מנוילנת = 65; 2022-11-14: מפות סימון שבילים | מפה בודדת - מחיר בכנסים = 60,100% מהשורות = מחיר מקושר (או כפולה שלמה שלו),
2022227,גיאולוגית/250000ישראל/עב/שטוח צפון+דרום,מוצר מדף מוכן,מפה/פרסום מודפס מהמלאי,,מפות מודפסות ואטלסים,מחירון בלבד,1,1,64.0,0,1,0,0.0,64.0,0.0,64.0,64.0,64.0,64.0,,64.0,,1,64×1,,"עמ' 26: מפת ישראל גיאולוגית בקנה מידה 1:250,000 | 100X70 ס""מ, חלק צפוני / חלק דרומי (מקופלת 22X18 או שטוחה) = 32","עמ' 26: 100X70 ס""מ, חלק צפוני / חלק דרומי (מקופלת 22X18 או שטוחה) = 32",,100% מהשורות = מחיר מקושר (או כפולה שלמה שלו),
7222008,"מפת תיור וטיול 1:450,000 אנגלית - כנסים",מוצר מדף מוכן,מפה/פרסום מודפס מהמלאי,,מפות מודפסות ואטלסים,פרוטוקול בלבד,4,1,64.0,4,0,0,64.0,0.0,0.0,16.0,16.0,16.0,16.0,16.0,,,1,16×4,,,,"2022-11-14: מפות נייר - סט סימון שבילים, 1:25,000, 1:50,000, 1:250,000, 1:450,000, 1:700,000, מפות עיר (הנחה); 2023-05-03: מפות נייר הנמכרות בכנסים (הנחה)",,מחיר כנסים = 20% הנחה לפי הפרוטוקולים; המחיר הבסיסי עצמו לא בפרוטוקול
7222007,"מפת תיור וטיול 1:450,000 - כנסים",מוצר מדף מוכן,מפה/פרסום מודפס מהמלאי,,מפות מודפסות ואטלסים,פרוטוקול בלבד,4,3,64.0,1,3,0,16.0,48.0,0.0,16.0,16.0,16.0,16.0,16.0,16.0,,1,16×4,,,,"2022-11-14: מפות נייר - סט סימון שבילים, 1:25,000, 1:50,000, 1:250,000, 1:450,000, 1:700,000, מפות עיר (הנחה); 2023-05-03: מפות נייר הנמכרות בכנסים (הנחה)",,מחיר כנסים = 20% הנחה לפי הפרוטוקולים; המחיר הבסיסי עצמו לא בפרוטוקול
7214004,דמי משלוח,שירות / עבודה / הוצאה ישירה,"הוצאה ישירה (משלוח, דמי טיפול, ביצוע למינציה)",,משלוח ודמי טיפול,ללא קישור,2,2,54.0,0,1,1,0.0,27.0,27.0,27.0,27.0,27.0,27.0,,27.0,27.0,1,27×2,,,,,,
8004200,המזרח התיכון- ניילון,מוצר מדף מוכן,מפה/פרסום מודפס מהמלאי,,מפות מודפסות ואטלסים,מחירון בלבד,1,1,52.0,1,0,0,52.0,0.0,0.0,52.0,52.0,52.0,52.0,52.0,,,1,52×1,,"עמ' 23: מפות פיזיות - מפת המזרח התיכון בקנה מידה 1:2,500,000 | 110X65 ס""מ (מקופלת 25X16 או שטוחה) = 30","עמ' 23: 110X65 ס""מ (מקופלת 25X16 או שטוחה) = 30",,0% מהשורות = מחיר מקושר (או כפולה שלמה שלו),
1711,מפות פיזיות 1:450000 (עברית),מוצר מדף מוכן,מפה/פרסום מודפס מהמלאי,,מפות מודפסות ואטלסים,מחירון בלבד,2,2,48.0,1,1,0,24.0,24.0,0.0,24.0,24.0,24.0,24.0,24.0,24.0,,1,24×2,,"עמ' 21: מפות פיזיות - קנה מידה 1:450,000 | 100X40 ס""מ (מקופלת 20X13 או שטוחה) = 24","עמ' 21: 100X40 ס""מ (מקופלת 20X13 או שטוחה) = 24",,100% מהשורות = מחיר מקושר (או כפולה שלמה שלו),
2022553,ספר-גבולות ישראל היום,מוצר מדף מוכן,מפה/פרסום מודפס מהמלאי,,מפות גוש/קדסטר,ללא קישור,1,1,42.5,1,0,0,42.5,0.0,0.0,42.5,42.5,42.5,42.5,42.5,,,1,42.5×1,,,,,,
2022205,ירושלים 2500 העיר העתיקה אנגלית,מוצר מדף מוכן,מפה/פרסום מודפס מהמלאי,,מפות מודפסות ואטלסים,ללא קישור,1,1,40.0,1,0,0,40.0,0.0,0.0,40.0,40.0,40.0,40.0,40.0,,,1,40×1,,,,,,
7206,דמי משלוח,שירות / עבודה / הוצאה ישירה,"הוצאה ישירה (משלוח, דמי טיפול, ביצוע למינציה)",,משלוח ודמי טיפול,ללא קישור,1,1,39.0,1,0,0,39.0,0.0,0.0,39.0,39.0,39.0,39.0,39.0,,,1,39×1,,,,,,
7222033,"מפה פיזית 1:450,000 אנגלית - כנסים",מוצר מדף מוכן,מפה/פרסום מודפס מהמלאי,,מפות מודפסות ואטלסים,פרוטוקול בלבד,2,1,38.0,2,0,0,38.0,0.0,0.0,19.0,19.0,19.0,19.0,19.0,,,1,19×2,,,,"2022-11-14: מפות נייר - סט סימון שבילים, 1:25,000, 1:50,000, 1:250,000, 1:450,000, 1:700,000, מפות עיר (הנחה); 2023-05-03: מפות נייר הנמכרות בכנסים (הנחה)",,מחיר כנסים = 20% הנחה לפי הפרוטוקולים; המחיר הבסיסי עצמו לא בפרוטוקול
7204008,מפות פיזיות 1:700000 (אנגלית),מוצר מדף מוכן,מפה/פרסום מודפס מהמלאי,,מפות מודפסות ואטלסים,מחירון בלבד,4,1,36.0,0,4,0,0.0,36.0,0.0,9.0,9.0,9.0,9.0,,9.0,,1,9×4,,"עמ' 22: מפת ארץ ישראל (פיזית) לתלמיד בקנה מידה 1:700,000 | 65X25 ס""מ, שטוחה בלבד = 20","עמ' 22: 65X25 ס""מ, שטוחה בלבד = 20",,0% מהשורות = מחיר מקושר (או כפולה שלמה שלו),
1709,סט מפות פיזיות גיליונות צפון,מוצר מדף מוכן,מפה/פרסום מודפס מהמלאי,,מפות מודפסות ואטלסים,ללא קישור,1,1,32.0,1,0,0,32.0,0.0,0.0,32.0,32.0,32.0,32.0,32.0,,,1,32×1,,,,,,
2022207,העיר ירושלים 15000 עם גושים עברית,מוצר מדף מוכן,מפה/פרסום מודפס מהמלאי,,מפות גוש/קדסטר,ללא קישור,1,1,30.0,1,0,0,30.0,0.0,0.0,30.0,30.0,30.0,30.0,30.0,,,1,30×1,,,,,,
3366,מפה פיזית מדינית של המזרח התיכון,מוצר מדף מוכן,מפה/פרסום מודפס מהמלאי,,מפות מודפסות ואטלסים,מחירון בלבד,1,1,30.0,0,1,0,0.0,30.0,0.0,30.0,30.0,30.0,30.0,,30.0,,1,30×1,,"עמ' 23: מפות פיזיות - מפת המזרח התיכון בקנה מידה 1:2,500,000 | 110X65 ס""מ (מקופלת 25X16 או שטוחה) = 30","עמ' 23: 110X65 ס""מ (מקופלת 25X16 או שטוחה) = 30",,100% מהשורות = מחיר מקושר (או כפולה שלמה שלו),
7212003,דמי משלוח בדואר רשום עד 500 גרם,שירות / עבודה / הוצאה ישירה,"הוצאה ישירה (משלוח, דמי טיפול, ביצוע למינציה)",,משלוח ודמי טיפול,ללא קישור,1,1,27.0,0,1,0,0.0,27.0,0.0,27.0,27.0,27.0,27.0,,27.0,,1,27×1,,,,,,
7212002,דמי משלוח בדואר רשום עד 500 גרם,שירות / עבודה / הוצאה ישירה,"הוצאה ישירה (משלוח, דמי טיפול, ביצוע למינציה)",,משלוח ודמי טיפול,ללא קישור,1,1,27.0,1,0,0,27.0,0.0,0.0,27.0,27.0,27.0,27.0,27.0,,,1,27×1,,,,,,
722103,דמי משלוח בדואר רשום עד 500 גרם,שירות / עבודה / הוצאה ישירה,"הוצאה ישירה (משלוח, דמי טיפול, ביצוע למינציה)",,משלוח ודמי טיפול,ללא קישור,1,1,27.0,1,0,0,27.0,0.0,0.0,27.0,27.0,27.0,27.0,27.0,,,1,27×1,,,,,,
2022312,מבוטל -- חסום לרכש -מפת הדרכה לניווט ימי,מוצר מדף מוכן,מפה/פרסום מודפס מהמלאי,,מיפוי ימי / בתימטריה,מחירון בלבד,1,1,27.0,1,0,0,27.0,0.0,0.0,27.0,27.0,27.0,27.0,27.0,,,1,27×1,,"עמ' 27: מפת הדרכה לניווט ימי (מפה לתלמיד) 1:250,000 | 90X60 ס""מ = 27","עמ' 27: 90X60 ס""מ = 27",,100% מהשורות = מחיר מקושר (או כפולה שלמה שלו),
7222006,סט מפות תיור וטיול צפון ודרום - כנסים,מוצר מדף מוכן,מפה/פרסום מודפס מהמלאי,,מפות מודפסות ואטלסים,פרוטוקול בלבד,1,1,26.0,0,1,0,0.0,26.0,0.0,26.0,26.0,26.0,26.0,,26.0,,1,26×1,,,,"2022-11-14: מפות נייר - סט סימון שבילים, 1:25,000, 1:50,000, 1:250,000, 1:450,000, 1:700,000, מפות עיר (הנחה); 2023-05-03: מפות נייר הנמכרות בכנסים (הנחה)",,מחיר כנסים = 20% הנחה לפי הפרוטוקולים; המחיר הבסיסי עצמו לא בפרוטוקול
7222009,סט מפות פיזיות - כנסים,מוצר מדף מוכן,מפה/פרסום מודפס מהמלאי,,מפות מודפסות ואטלסים,פרוטוקול בלבד,1,1,26.0,0,1,0,0.0,26.0,0.0,26.0,26.0,26.0,26.0,,26.0,,1,26×1,,,,"2022-11-14: מפות נייר - סט סימון שבילים, 1:25,000, 1:50,000, 1:250,000, 1:450,000, 1:700,000, מפות עיר (הנחה); 2023-05-03: מפות נייר הנמכרות בכנסים (הנחה)",,מחיר כנסים = 20% הנחה לפי הפרוטוקולים; המחיר הבסיסי עצמו לא בפרוטוקול
7222010,סט מפות פיזיות צפון ודרום - כנסים,מוצר מדף מוכן,מפה/פרסום מודפס מהמלאי,,מפות מודפסות ואטלסים,פרוטוקול בלבד,1,1,26.0,1,0,0,26.0,0.0,0.0,26.0,26.0,26.0,26.0,26.0,,,1,26×1,,,,"2022-11-14: מפות נייר - סט סימון שבילים, 1:25,000, 1:50,000, 1:250,000, 1:450,000, 1:700,000, מפות עיר (הנחה); 2023-05-03: מפות נייר הנמכרות בכנסים (הנחה)",,מחיר כנסים = 20% הנחה לפי הפרוטוקולים; המחיר הבסיסי עצמו לא בפרוטוקול
1027,מפת ישראל פיזית,מוצר מדף מוכן,מפה/פרסום מודפס מהמלאי,,מפות מודפסות ואטלסים,מחירון בלבד,1,1,20.0,1,0,0,20.0,0.0,0.0,20.0,20.0,20.0,20.0,20.0,,,1,20×1,,"עמ' 20: מפות פיזיות - קנה מידה 1:250,000 | 100X70 ס""מ, כל אחד משני החלקים (צפון/דרום) = 32; עמ' 20: מפות פיזיות - קנה מידה 1:250,000 | גיליון אחד שלם - מפה ארצית (מנוילנת) = 87","עמ' 20: 100X70 ס""מ, כל אחד משני החלקים (צפון/דרום) = 32; עמ' 20: גיליון אחד שלם - מפה ארצית (מנוילנת) = 87",,0% מהשורות = מחיר מקושר (או כפולה שלמה שלו),
7222011,מפות פיזיות 1:450000 (עברית) - כנסים,מוצר מדף מוכן,מפה/פרסום מודפס מהמלאי,,מפות מודפסות ואטלסים,פרוטוקול בלבד,1,1,19.0,0,1,0,0.0,19.0,0.0,19.0,19.0,19.0,19.0,,19.0,,1,19×1,,,,"2022-11-14: מפות נייר - סט סימון שבילים, 1:25,000, 1:50,000, 1:250,000, 1:450,000, 1:700,000, מפות עיר (הנחה); 2023-05-03: מפות נייר הנמכרות בכנסים (הנחה)",,מחיר כנסים = 20% הנחה לפי הפרוטוקולים; המחיר הבסיסי עצמו לא בפרוטוקול
7204007,מפות פיזיות 1:700000 (עברית),מוצר מדף מוכן,מפה/פרסום מודפס מהמלאי,,מפות מודפסות ואטלסים,מחירון בלבד,1,1,9.0,0,1,0,0.0,9.0,0.0,9.0,9.0,9.0,9.0,,9.0,,1,9×1,,"עמ' 22: מפת ארץ ישראל (פיזית) לתלמיד בקנה מידה 1:700,000 | 65X25 ס""מ, שטוחה בלבד = 20","עמ' 22: 65X25 ס""מ, שטוחה בלבד = 20",,0% מהשורות = מחיר מקושר (או כפולה שלמה שלו),
