mat,year,month,amount_ils,n_sales
1001,2022,1,32,2
1001,2022,2,32,3
1001,2022,3,32,12
1001,2022,4,32,1
1001,2022,5,32,1
1001,2022,6,32,2
1001,2022,8,32,6
1001,2022,9,32,3
1001,2022,10,32,3
1001,2022,11,32,6
1001,2022,12,32,2
1001,2023,1,32,1
1001,2023,2,32,1
1001,2023,3,32,2
1001,2023,5,32,2
1001,2023,7,32,1
1001,2023,8,32,2
1001,2023,9,32,10
1001,2023,12,32,5
1001,2024,1,32,1
1002,2022,9,32,1
1002,2022,11,32,1
1002,2023,1,32,3
1002,2023,10,32,3
1026,2022,3,20,1
1026,2022,6,20,2
1026,2022,7,20,1
1026,2022,8,20,2
1026,2023,7,20,1
1027,2022,8,20,1
1028,2022,2,35,1
1028,2022,3,35,1
1028,2022,6,35,2
1028,2022,11,35,1
1028,2023,2,35,2
1028,2023,8,35,1
1028,2023,11,35,1
1708,2022,3,32,1
1708,2022,8,32,11
1708,2022,9,32,3
1708,2022,11,32,2
1708,2023,12,32,1
1709,2022,5,32,1
1710,2022,2,87,1
1710,2022,4,87,2
1710,2022,5,87,1
1710,2022,9,87,1
1710,2023,1,87,1
1710,2023,3,87,2
1710,2023,4,87,1
1710,2023,7,87,3
1711,2022,8,24,1
1711,2023,6,24,1
1713,2023,1,40,1
1713,2023,4,40,10
1713,2023,5,40,2
1719,2022,8,35,1
1719,2023,4,35,2
3168,2022,2,24,1
3168,2022,5,24,1
3168,2022,11,24,1
3168,2022,12,24,1
3168,2023,1,24,1
3168,2023,2,24,2
3168,2023,3,24,2
3168,2023,4,24,4
3180,2022,1,87,1
3180,2022,2,87,3
3180,2022,3,87,2
3180,2022,6,87,2
3180,2022,9,87,1
3180,2022,10,87,1
3180,2022,11,87,2
3180,2022,12,87,2
3180,2023,1,87,1
3180,2023,2,87,3
3180,2023,3,87,1
3180,2023,4,87,2
3180,2023,5,87,1
3180,2023,6,87,4
3180,2023,7,87,1
3181,2022,1,87,1
3181,2022,8,87,1
3181,2022,11,87,2
3181,2023,2,87,1
3181,2023,3,87,1
3181,2023,4,87,1
3181,2023,5,87,1
3181,2023,11,87,2
3181,2023,12,87,1
3182,2022,1,87,4
3182,2022,2,87,3
3182,2022,3,87,5
3182,2022,5,87,2
3182,2022,6,87,1
3182,2022,7,87,1
3182,2022,8,87,4
3182,2022,10,87,5
3182,2022,11,87,1
3182,2023,4,87,2
3182,2023,5,87,1
3182,2023,7,87,8
3182,2023,8,87,1
3182,2023,12,87,1
3210,2022,4,1360,1
3210,2023,2,1000,1
3230,2022,6,65,1
3230,2023,1,65,1
3230,2023,5,65,1
3230,2023,7,65,2
3230,2023,11,65,1
3254,2023,7,130,1
3254,2023,11,130,1
3307,2023,11,130,1
3311,2022,1,65,1
3311,2022,3,65,1
3311,2022,5,65,1
3311,2022,7,65,10
3311,2022,9,65,26
3311,2022,11,65,16
3311,2023,1,65,1
3311,2023,3,65,14
3311,2023,4,65,4
3311,2023,7,65,1
3311,2023,9,65,3
3311,2024,1,65,1
3342,2022,7,130,1
3342,2022,12,130,6
3342,2023,9,130,2
3342,2023,11,130,1
3364,2022,8,130,2
3366,2023,4,30,1
3374,2022,2,87,3
3374,2022,7,87,2
3374,2022,9,87,1
3374,2023,1,87,1
3374,2023,2,87,1
3374,2023,7,87,1
3382,2022,10,12,1
3382,2023,2,12,1
3382,2023,3,12,95
3382,2023,4,12,3
3383,2022,11,39,1
3383,2023,2,39,1
3383,2023,3,39,1
3403,2023,7,130,1
3419,2022,3,130,2
3419,2022,9,130,4
3419,2022,10,130,1
3419,2023,3,130,1
3419,2023,11,130,1
3419,2023,12,130,1
3425,2022,3,39,2
3425,2023,2,39,1
3449,2022,1,27,1
3449,2022,2,27,41
3449,2022,3,27,1
3449,2022,4,27,10
3449,2022,6,27,4
3449,2022,7,27,1
3449,2022,8,27,1
3449,2022,9,27,40
3449,2022,10,27,1
3449,2022,11,27,20
3449,2022,12,27,4
3449,2023,1,27,1
3449,2023,2,27,2
3449,2023,4,27,20
3449,2023,6,27,1
3449,2023,7,27,10
3449,2023,9,27,23
3449,2023,11,27,7
3449,2024,2,27,10
3449,2024,10,27,10
3452,2022,12,100,1
3453,2022,6,65,1
3453,2022,11,65,1
7204,2022,2,65,1
7204,2022,7,65,1
7204,2022,8,65,1
7204,2022,9,65,1
7206,2022,1,39,1
7207,2022,2,39,1
7207,2022,3,39,2
7207,2022,8,39,1
7207,2022,9,39,1
7207,2024,1,39,1
7210,2022,1,39,1
7210,2023,3,39,1
7210,2023,7,39,1
7212,2022,5,39,1
7212,2023,3,39,2
7213,2022,2,39,1
7213,2022,9,39,1
7213,2022,11,39,1
7213,2023,3,39,1
7213,2023,6,39,1
7214,2022,11,39,1
7214,2023,2,39,1
7214,2024,5,39,1
7214,2024,8,39,1
17412,2022,2,84,2
17412,2022,3,84,1
17412,2022,6,84,1
17412,2022,9,84,2
17412,2022,12,84,1
17412,2023,5,65,1
17412,2023,6,65,2
17422,2022,2,84,1
17422,2022,4,84,2
17422,2022,9,84,2
17422,2023,3,65,1
17422,2023,7,65,1
17442,2022,1,84,1
17442,2022,4,84,2
17442,2022,6,84,1
17442,2022,9,84,1
17442,2022,11,84,6
17442,2023,6,65,3
17442,2023,7,65,1
17442,2023,10,65,1
17442,2023,12,65,1
17451,2023,6,65,1
17451,2023,10,65,1
17472,2022,10,84,1
17472,2023,10,65,1
17482,2023,10,65,1
17492,2022,10,84,1
17492,2023,10,65,1
17501,2022,5,84,1
17501,2022,10,84,1
17501,2023,2,65,1
17501,2023,10,65,1
17511,2022,10,84,1
17511,2023,3,65,1
17522,2022,10,84,2
17522,2022,11,84,1
17522,2023,3,65,1
17532,2022,4,84,1
17532,2022,10,84,1
17532,2022,11,84,1
17532,2023,2,65,1
31512,2022,9,84,1
31512,2022,10,84,1
31512,2023,10,65,1
31972,2022,10,84,1
31972,2023,6,65,1
31972,2023,10,65,1
32212,2022,5,84,1
32212,2022,10,84,1
32212,2023,3,65,1
32532,2023,6,65,1
32532,2023,10,65,2
32991,2022,9,84,1
32991,2023,10,65,2
32992,2022,2,84,1
32992,2022,9,84,1
32992,2023,6,65,1
32992,2023,7,65,1
32992,2023,10,65,1
720101,2022,1,50,3
720101,2022,3,50,4
720101,2022,4,50,1
720101,2022,5,50,7
720101,2022,7,33,1
720101,2022,8,33,5
720101,2022,10,33,1
720101,2022,11,33,5
720101,2022,12,33,2
720101,2023,1,33,4
720101,2023,4,33,1
720101,2023,5,33,2
720101,2023,6,33,3
720101,2023,7,33,3
720101,2023,8,33,5
720101,2023,10,33,12
720102,2022,9,33,2
720102,2022,10,33,3
720102,2022,11,33,3
720102,2023,1,33,4
720102,2023,2,33,2
720102,2023,4,33,2
720102,2023,7,33,2
720102,2023,12,33,1
720103,2022,1,72,1
720103,2022,3,72,4
720103,2022,5,72,7
720103,2022,6,72,2
720103,2022,9,72,3
720103,2023,5,72,1
720103,2023,6,72,7
720103,2023,8,72,2
720103,2023,9,72,1
720103,2023,10,72,55
720103,2023,12,72,1
720104,2022,3,65,1
720104,2022,5,65,4
720104,2022,8,65,1
720104,2023,1,65,2
720104,2023,6,65,1
720104,2023,7,65,2
720104,2023,8,65,2
720104,2023,10,65,3
720105,2022,1,27,2
720105,2022,3,27,2
720105,2022,6,27,1
720105,2022,7,27,1
720105,2022,8,27,1
720105,2022,9,27,1
720105,2022,10,27,1
720105,2022,11,27,1
720105,2023,4,27,1
720105,2023,5,27,1
720105,2023,10,27,1
720105,2023,12,27,1
720301,2022,7,130,1
720301,2022,11,130,1
720301,2022,12,130,3
720301,2023,11,130,2
720302,2022,11,130,1
720302,2022,12,130,3
720302,2023,5,130,1
720302,2023,7,130,1
720302,2023,11,130,1
720303,2022,11,130,1
720304,2022,8,130,1
720318,2022,7,39,1
720318,2022,8,39,1
720318,2023,7,39,1
720319,2022,1,27,1
720319,2022,3,27,1
720319,2022,6,27,1
720319,2022,7,27,1
720319,2022,8,27,1
720319,2022,12,27,1
720319,2023,1,27,1
720319,2023,2,27,1
720319,2023,9,27,1
720319,2024,2,27,1
720320,2022,2,65,1
720320,2022,6,65,1
720320,2022,9,65,1
720320,2022,11,65,1
720320,2022,12,65,1
720320,2023,9,65,1
720401,2022,3,50,3
720401,2022,4,50,1
720401,2022,5,50,1
720401,2022,7,35,2
720401,2022,8,35,6
720401,2022,10,35,3
720401,2022,11,35,4
720401,2023,2,35,2
720401,2023,3,35,4
720401,2023,4,35,1
720401,2023,5,35,1
720401,2023,8,35,8
720401,2023,10,35,1
720401,2023,11,35,6
720401,2023,12,35,1
720402,2022,1,50,6
720402,2022,2,50,1
720402,2022,3,50,7
720402,2022,4,50,1
720402,2022,5,50,7
720402,2022,7,36,5
720402,2022,8,36,9
720402,2022,9,36,4
720402,2022,11,36,3
720402,2023,1,50,10
720402,2023,2,36,3
720402,2023,3,36,3
720402,2023,5,36,1
720402,2023,8,36,1
720402,2023,9,36,1
720402,2024,1,36,1
720403,2022,2,50,4
720403,2023,1,50,12
720403,2023,5,50,1
720403,2023,10,50,2
720404,2022,1,39,1
720404,2022,4,39,1
720405,2022,3,27,3
720405,2022,4,27,1
720405,2022,5,27,2
720405,2022,8,27,2
720405,2022,9,27,1
720405,2022,11,27,3
720405,2023,2,27,1
720405,2023,10,27,2
721703,2022,1,230,2
721703,2022,1,460,1
721703,2022,1,1380,1
721703,2022,1,1610,1
721703,2022,2,230,9
721703,2022,2,460,1
721703,2022,2,1380,1
721703,2022,3,230,3
721703,2022,3,690,3
721703,2022,4,230,3
721703,2022,4,460,2
721703,2022,5,230,4
721703,2022,5,690,2
721703,2022,5,920,1
721703,2022,6,230,7
721703,2022,6,460,6
721703,2022,6,1150,2
721703,2022,7,230,6
721703,2022,7,690,2
721703,2022,7,460,1
721703,2022,7,1150,1
721703,2022,8,230,10
721703,2022,8,460,5
721703,2022,8,690,1
721703,2022,8,920,1
721703,2022,8,1150,1
721703,2022,8,1380,1
721703,2022,9,230,3
721703,2022,9,460,3
721703,2022,9,920,1
721703,2022,10,230,5
721703,2022,10,920,1
721703,2022,10,2760,1
721703,2022,11,230,5
721703,2022,11,460,1
721703,2022,11,920,1
721703,2022,11,1150,1
721703,2022,12,230,5
721703,2022,12,460,2
721703,2022,12,690,1
721703,2023,1,230,3
721703,2023,1,460,3
721703,2023,1,690,1
721703,2023,2,460,2
721703,2023,2,690,2
721703,2023,2,920,2
721703,2023,2,230,1
721703,2023,2,1380,1
721703,2023,2,2990,1
721703,2023,2,5290,1
721703,2023,3,230,3
721703,2023,3,460,2
721703,2023,3,690,1
721703,2023,4,230,5
721703,2023,4,460,1
721703,2023,4,2760,1
721703,2023,5,230,2
721703,2023,5,460,2
721703,2023,5,1150,1
721703,2023,5,1380,1
721703,2023,6,230,4
721703,2023,6,690,2
721703,2023,6,460,1
721704,2022,1,180,16
721704,2022,1,360,2
721704,2022,1,540,2
721704,2022,1,720,1
721704,2022,2,180,30
721704,2022,2,360,7
721704,2022,2,540,2
721704,2022,2,720,2
721704,2022,2,1080,1
721704,2022,2,1800,1
721704,2022,2,3600,1
721704,2022,3,180,29
721704,2022,3,360,8
721704,2022,3,540,4
721704,2022,3,720,3
721704,2022,3,900,2
721704,2022,3,1080,1
721704,2022,3,1440,1
721704,2022,3,6300,1
721704,2022,4,180,17
721704,2022,4,540,5
721704,2022,4,360,1
721704,2022,4,900,1
721704,2022,4,1620,1
721704,2022,4,1800,1
721704,2022,4,2700,1
721704,2022,5,180,14
721704,2022,5,360,6
721704,2022,5,540,3
721704,2022,5,900,2
721704,2022,5,1260,2
721704,2022,5,720,1
721704,2022,5,2160,1
721704,2022,6,180,5
721704,2022,6,360,5
721704,2022,6,540,3
721704,2022,6,720,1
721704,2022,6,1260,1
721704,2022,6,2340,1
721704,2022,6,2700,1
721704,2022,7,180,11
721704,2022,7,360,4
721704,2022,7,540,3
721704,2022,7,900,3
721704,2022,7,720,1
721704,2022,8,180,22
721704,2022,8,360,5
721704,2022,8,540,2
721704,2022,8,720,2
721704,2022,8,900,1
721704,2022,8,1260,1
721704,2022,9,180,16
721704,2022,9,720,7
721704,2022,9,540,3
721704,2022,9,360,2
721704,2022,9,900,1
721704,2022,10,180,11
721704,2022,10,360,3
721704,2022,10,540,2
721704,2022,10,720,1
721704,2022,10,1440,1
721704,2022,11,180,11
721704,2022,11,360,3
721704,2022,11,540,3
721704,2022,11,900,3
721704,2022,11,720,1
721704,2022,12,180,11
721704,2022,12,360,7
721704,2022,12,540,5
721704,2022,12,720,1
721704,2022,12,900,1
721704,2023,1,180,10
721704,2023,1,540,7
721704,2023,1,720,6
721704,2023,1,360,4
721704,2023,1,900,1
721704,2023,1,1080,1
721704,2023,1,5040,1
721704,2023,2,180,9
721704,2023,2,540,5
721704,2023,2,360,4
721704,2023,2,720,3
721704,2023,2,900,3
721704,2023,2,1080,1
721704,2023,3,180,11
721704,2023,3,540,4
721704,2023,3,720,4
721704,2023,3,360,3
721704,2023,3,900,2
721704,2023,3,1440,1
721704,2023,3,1800,1
721704,2023,4,180,4
721704,2023,4,360,2
721704,2023,4,540,1
721704,2023,5,180,21
721704,2023,5,360,7
721704,2023,5,540,2
721704,2023,5,720,2
721704,2023,5,900,2
721704,2023,5,1080,1
721704,2023,5,1440,1
721704,2023,6,180,11
721704,2023,6,360,8
721704,2023,6,540,3
721704,2023,6,720,2
721705,2022,1,15,75
721705,2022,2,15,116
721705,2022,2,30,1
721705,2022,3,15,148
721705,2022,3,30,1
721705,2022,4,15,98
721705,2022,4,30,1
721705,2022,5,15,131
721705,2022,6,15,126
721705,2022,6,30,3
721705,2022,7,15,131
721705,2022,7,45,1
721705,2022,8,15,139
721705,2022,8,45,1
721705,2022,9,15,106
721705,2022,9,30,1
721705,2022,10,15,92
721705,2022,10,30,1
721705,2022,11,15,128
721705,2022,12,15,116
721705,2023,1,15,143
721705,2023,2,15,140
721705,2023,3,15,114
721705,2023,3,30,3
721705,2023,4,15,81
721705,2023,5,15,146
721705,2023,6,15,138
721706,2022,1,86,7
721706,2022,2,86,4
721706,2022,2,172,1
721706,2022,3,86,10
721706,2022,3,344,1
721706,2022,4,172,2
721706,2022,4,86,1
721706,2022,5,86,6
721706,2022,5,258,2
721706,2022,6,86,6
721706,2022,6,172,2
721706,2022,6,344,1
721706,2022,6,430,1
721706,2022,7,86,5
721706,2022,7,258,1
721706,2022,8,86,5
721706,2022,8,172,1
721706,2022,9,86,3
721706,2022,10,86,4
721706,2022,11,86,2
721706,2022,12,86,1
721706,2022,12,172,1
721706,2023,1,86,6
721706,2023,2,86,4
721706,2023,3,86,9
721706,2023,3,172,1
721706,2023,4,86,2
721706,2023,5,86,3
721706,2023,6,86,1
721706,2023,6,172,1
721709,2022,1,270,8
721709,2022,1,540,4
721709,2022,1,810,2
721709,2022,1,1080,2
721709,2022,1,2160,2
721709,2022,1,1350,1
721709,2022,1,1620,1
721709,2022,1,1890,1
721709,2022,2,270,10
721709,2022,2,540,8
721709,2022,2,810,3
721709,2022,2,1350,2
721709,2022,2,1620,2
721709,2022,2,2430,1
721709,2022,3,270,25
721709,2022,3,540,4
721709,2022,3,810,4
721709,2022,3,1080,3
721709,2022,3,1620,1
721709,2022,3,1890,1
721709,2022,4,270,11
721709,2022,4,540,6
721709,2022,4,1080,3
721709,2022,4,810,2
721709,2022,4,1890,1
721709,2022,4,2160,1
721709,2022,4,2430,1
721709,2022,4,4320,1
721709,2022,5,270,24
721709,2022,5,540,9
721709,2022,5,1080,3
721709,2022,5,810,2
721709,2022,5,1890,1
721709,2022,5,2160,1
721709,2022,6,270,13
721709,2022,6,810,7
721709,2022,6,540,6
721709,2022,6,1080,3
721709,2022,6,1350,1
721709,2022,6,1890,1
721709,2022,6,2160,1
721709,2022,7,270,17
721709,2022,7,540,8
721709,2022,7,1080,3
721709,2022,7,810,2
721709,2022,7,1350,2
721709,2022,7,1620,1
721709,2022,7,2430,1
721709,2022,7,2970,1
721709,2022,8,270,14
721709,2022,8,540,5
721709,2022,8,1080,5
721709,2022,8,810,4
721709,2022,8,1350,1
721709,2022,8,2430,1
721709,2022,8,2970,1
721709,2022,8,5130,1
721709,2022,8,6480,1
721709,2022,9,270,14
721709,2022,9,540,6
721709,2022,9,1350,2
721709,2022,9,1890,1
721709,2022,10,270,15
721709,2022,10,810,6
721709,2022,10,540,2
721709,2022,10,1080,2
721709,2022,10,1620,1
721709,2022,10,2160,1
721709,2022,11,270,13
721709,2022,11,540,4
721709,2022,11,810,4
721709,2022,11,1080,3
721709,2022,11,1350,2
721709,2022,11,1620,1
721709,2022,11,2160,1
721709,2022,12,270,11
721709,2022,12,540,8
721709,2022,12,810,1
721709,2022,12,1080,1
721709,2022,12,2160,1
721709,2022,12,2700,1
721709,2023,1,270,18
721709,2023,1,540,5
721709,2023,1,810,2
721709,2023,1,1080,1
721709,2023,1,1350,1
721709,2023,1,1620,1
721709,2023,2,270,11
721709,2023,2,540,7
721709,2023,2,810,3
721709,2023,2,1620,1
721709,2023,2,5130,1
721709,2023,3,270,23
721709,2023,3,810,2
721709,2023,3,1350,2
721709,2023,3,540,1
721709,2023,3,1620,1
721709,2023,3,2160,1
721709,2023,3,2970,1
721709,2023,4,270,15
721709,2023,4,810,4
721709,2023,4,1080,3
721709,2023,4,1350,2
721709,2023,4,540,1
721709,2023,4,1890,1
721709,2023,5,270,20
721709,2023,5,810,7
721709,2023,5,540,6
721709,2023,5,1080,2
721709,2023,5,1890,2
721709,2023,5,3780,1
721709,2023,6,270,14
721709,2023,6,540,5
721709,2023,6,1080,4
721709,2023,6,810,3
721709,2023,6,1350,1
721709,2023,6,2160,1
721710,2022,1,380,5
721710,2022,1,760,1
721710,2022,1,1140,1
721710,2022,2,380,10
721710,2022,2,760,3
721710,2022,3,380,20
721710,2022,3,760,5
721710,2022,3,1140,1
721710,2022,3,1520,1
721710,2022,4,380,7
721710,2022,4,760,5
721710,2022,4,1140,2
721710,2022,4,1520,1
721710,2022,4,2280,1
721710,2022,5,380,11
721710,2022,5,760,3
721710,2022,5,1520,1
721710,2022,6,380,3
721710,2022,6,1140,1
721710,2022,7,380,7
721710,2022,7,760,2
721710,2022,8,380,4
721710,2022,8,760,1
721710,2022,8,1900,1
721710,2022,9,380,3
721710,2022,9,760,1
721710,2022,9,1140,1
721710,2022,10,380,5
721710,2022,11,380,5
721710,2022,11,760,1
721710,2022,11,1900,1
721710,2022,11,3420,1
721710,2022,12,380,6
721710,2022,12,760,1
721710,2023,1,380,4
721710,2023,1,1140,4
721710,2023,1,760,2
721710,2023,2,380,4
721710,2023,3,380,7
721710,2023,3,1140,1
721710,2023,4,380,5
721710,2023,5,380,3
721710,2023,5,1900,1
721710,2023,5,2280,1
721710,2023,6,380,6
721710,2023,6,760,1
721710,2023,6,1140,1
721710,2023,6,1900,1
721711,2022,3,420,3
721711,2022,3,840,1
721711,2022,4,420,3
721711,2022,5,420,2
721711,2022,7,420,1
721711,2022,12,420,1
721711,2022,12,1680,1
721711,2022,12,2100,1
721711,2023,1,420,1
721711,2023,1,840,1
721711,2023,2,420,1
721711,2023,5,420,1
721711,2023,5,840,1
721713,2022,1,27,1
721713,2022,2,27,5
721713,2022,3,27,3
721713,2022,4,27,3
721713,2022,5,27,2
721713,2022,6,27,6
721713,2022,7,27,2
721713,2022,8,27,4
721713,2022,8,54,1
721713,2022,9,27,3
721713,2022,10,27,1
721713,2022,11,27,1
721713,2022,12,27,1
721713,2023,1,27,3
721713,2023,2,27,1
721713,2023,3,27,1
721713,2023,4,27,2
721713,2023,5,27,2
721713,2023,6,27,1
721714,2022,1,39,3
721714,2022,2,39,4
721714,2022,3,39,18
721714,2022,4,39,10
721714,2022,5,39,8
721714,2022,6,39,4
721714,2022,7,39,3
721714,2022,7,78,1
721714,2022,8,39,2
721714,2022,9,39,2
721714,2022,10,39,2
721714,2022,11,39,3
721714,2022,12,39,5
721714,2023,1,39,2
721714,2023,2,39,1
721714,2023,3,39,2
721714,2023,4,39,1
721714,2023,5,39,1
721714,2023,6,39,1
721715,2022,1,340,25
721715,2022,1,680,5
721715,2022,1,1360,2
721715,2022,1,1020,1
721715,2022,1,2380,1
721715,2022,2,340,32
721715,2022,2,680,5
721715,2022,2,1020,2
721715,2022,2,1360,2
721715,2022,3,340,38
721715,2022,3,680,9
721715,2022,3,1700,1
721715,2022,4,340,29
721715,2022,4,680,4
721715,2022,4,1020,3
721715,2022,4,1360,2
721715,2022,5,340,57
721715,2022,5,680,3
721715,2022,5,1020,3
721715,2022,5,1360,1
721715,2022,6,340,57
721715,2022,6,680,10
721715,2022,6,1700,4
721715,2022,6,1020,2
721715,2022,6,1360,2
721715,2022,7,340,61
721715,2022,7,1020,3
721715,2022,7,680,2
721715,2022,8,340,58
721715,2022,8,680,7
721715,2022,8,1020,5
721715,2022,8,1360,2
721715,2022,9,340,52
721715,2022,9,680,3
721715,2022,9,1360,1
721715,2022,9,2720,1
721715,2022,10,340,38
721715,2022,10,680,7
721715,2022,10,1020,1
721715,2022,10,1360,1
721715,2022,10,1700,1
721715,2022,10,3060,1
721715,2022,11,340,54
721715,2022,11,680,7
721715,2022,11,1020,1
721715,2022,11,1360,1
721715,2022,11,1700,1
721715,2022,11,2040,1
721715,2022,12,340,47
721715,2022,12,680,2
721715,2022,12,1020,2
721715,2022,12,1360,2
721715,2023,1,340,64
721715,2023,1,680,5
721715,2023,1,1020,3
721715,2023,1,1360,1
721715,2023,1,1700,1
721715,2023,1,2040,1
721715,2023,1,2380,1
721715,2023,1,2720,1
721715,2023,2,340,76
721715,2023,2,680,6
721715,2023,2,1020,2
721715,2023,2,1700,2
721715,2023,3,340,47
721715,2023,3,680,5
721715,2023,3,1020,4
721715,2023,3,1700,3
721715,2023,3,2040,1
721715,2023,4,340,41
721715,2023,4,680,1
721715,2023,4,1360,1
721715,2023,4,3740,1
721715,2023,5,340,59
721715,2023,5,680,9
721715,2023,5,1360,2
721715,2023,5,1020,1
721715,2023,5,2040,1
721715,2023,6,340,65
721715,2023,6,680,10
721715,2023,6,1020,1
721715,2023,6,1360,1
721715,2023,6,1700,1
721716,2022,1,1560,1
721716,2022,4,520,2
721716,2022,5,520,2
721716,2022,6,520,2
721716,2022,6,1040,1
721716,2022,7,520,4
721716,2022,10,520,1
721716,2022,11,520,3
721716,2022,12,520,2
721716,2023,1,520,1
721716,2023,1,1560,1
721716,2023,2,520,1
721716,2023,3,520,1
721716,2023,4,520,1
721716,2023,5,520,3
721716,2023,6,520,1
721716,2023,6,1040,1
721716,2023,6,3120,1
721717,2022,3,465,4
721717,2022,3,930,1
721717,2022,4,465,1
721717,2022,5,465,3
721717,2022,6,465,1
721717,2022,7,465,1
721717,2022,8,465,1
721717,2022,11,465,1
721717,2023,1,465,1
721717,2023,2,465,1
721717,2023,3,930,1
721717,2023,5,465,1
721717,2023,6,1395,2
721718,2022,2,480,1
721718,2022,4,480,1
721718,2022,9,480,2
721718,2022,11,960,1
721719,2022,1,395,2
721719,2022,2,395,4
721719,2022,2,790,2
721719,2022,3,395,3
721719,2022,3,790,2
721719,2022,4,395,4
721719,2022,5,395,3
721719,2022,6,395,7
721719,2022,6,1975,1
721719,2022,7,395,8
721719,2022,8,395,3
721719,2022,9,395,3
721719,2022,10,395,2
721719,2022,11,395,5
721719,2022,12,395,10
721719,2022,12,1185,1
721719,2023,1,395,4
721719,2023,1,790,1
721719,2023,1,1975,1
721719,2023,2,395,1
721719,2023,2,790,1
721719,2023,3,395,2
721719,2023,3,1185,1
721719,2023,3,1580,1
721719,2023,4,1185,1
721719,2023,5,395,5
721719,2023,5,790,1
721719,2023,5,1580,1
721719,2023,6,395,2
721719,2023,6,790,1
721720,2022,4,590,1
721720,2022,5,590,1
721720,2022,6,590,2
721720,2022,11,590,1
721720,2023,1,1180,1
721720,2023,3,590,1
721720,2023,5,590,1
721720,2023,6,590,1
721721,2022,1,65,2
721721,2022,2,65,8
721721,2022,3,65,2
721721,2022,4,65,6
721721,2022,5,65,4
721721,2022,6,65,3
721721,2022,7,65,3
721721,2022,8,65,4
721721,2022,9,65,1
721721,2022,10,65,1
721721,2022,12,65,1
721721,2023,2,65,2
721721,2023,3,65,1
721721,2023,4,65,2
721721,2023,5,65,2
721721,2023,6,65,1
721722,2022,1,210,1
721722,2022,2,210,2
721722,2022,2,420,1
721722,2022,2,630,1
721722,2022,3,210,2
721722,2022,4,210,2
721722,2022,5,210,8
721722,2022,6,210,5
721722,2022,6,420,1
721722,2022,7,210,8
721722,2022,7,420,1
721722,2022,8,210,2
721722,2022,9,210,3
721722,2022,10,210,1
721722,2022,10,420,1
721722,2022,11,210,5
721722,2022,12,210,6
721722,2022,12,630,1
721722,2023,1,210,13
721722,2023,1,420,1
721722,2023,2,210,5
721722,2023,3,210,5
721722,2023,3,1050,1
721722,2023,4,210,4
721722,2023,5,210,4
721722,2023,6,210,2
721722,2023,6,420,1
721801,2022,1,1500,9
721801,2022,2,1500,12
721801,2022,3,1500,14
721801,2022,4,1500,7
721801,2022,5,1500,8
721801,2022,6,1500,19
721801,2022,7,1500,13
721801,2022,8,1500,11
721801,2022,9,1500,10
721801,2022,10,1500,15
721801,2022,11,1500,19
721801,2022,12,1500,18
721801,2023,1,1500,20
721801,2023,2,1500,25
721801,2023,3,1500,20
721801,2023,4,1500,6
721801,2023,5,1500,13
721801,2023,6,1500,11
721802,2022,1,600,8
721802,2022,2,600,6
721802,2022,3,600,20
721802,2022,5,600,12
721802,2022,6,600,9
721802,2022,7,600,7
721802,2022,8,600,5
721802,2022,9,600,7
721802,2022,10,600,15
721802,2022,11,600,22
721802,2022,12,600,37
721802,2023,1,600,20
721802,2023,2,600,6
721802,2023,3,600,11
721802,2023,4,600,1
721802,2023,5,600,2
721802,2023,6,600,5
721803,2022,1,27,5
721803,2022,2,27,3
721803,2022,3,27,6
721803,2022,4,27,2
721803,2022,5,27,4
721803,2022,6,27,8
721803,2022,7,27,5
721803,2022,8,27,8
721803,2022,9,27,5
721803,2022,10,27,3
721803,2022,11,27,10
721803,2022,12,27,9
721803,2023,1,27,9
721803,2023,2,27,8
721803,2023,3,27,7
721803,2023,4,27,3
721803,2023,5,27,5
721803,2023,6,27,5
722101,2023,4,150,1
722101,2023,7,150,1
722101,2024,2,500,1
722101,2024,12,500,1
722102,2022,9,96.24,1
722102,2022,11,96.24,2
722102,2022,12,103.28,1
722102,2023,1,103.28,5
722102,2023,2,103.28,1
722102,2023,3,103.28,1
722102,2023,4,104,3
722102,2023,7,104,1
722102,2023,9,104,2
722102,2024,1,107,2
722102,2024,2,107,4
722102,2024,4,107,2
722102,2024,5,107,6
722102,2024,6,107,5
722102,2024,7,107,6
722102,2024,8,107,3
722102,2024,9,243,2
722102,2024,11,243,2
722102,2024,12,243,1
722103,2022,9,27,1
2022162,2022,8,432,1
2022162,2022,11,432,1
2022162,2024,6,432,1
2022163,2022,1,32,3
2022163,2022,1,568,1
2022163,2022,1,960,1
2022163,2022,1,1272,1
2022163,2022,2,32,3
2022163,2022,3,32,2
2022163,2022,3,24,1
2022163,2022,3,27.2,1
2022163,2022,3,96,1
2022163,2022,3,256,1
2022163,2022,4,32,1
2022163,2022,4,272,1
2022163,2022,5,32,2
2022163,2022,5,27.2,1
2022163,2022,5,864,1
2022163,2022,5,2400,1
2022163,2022,6,32,6
2022163,2022,6,10.88,1
2022163,2022,6,27.2,1
2022163,2022,6,272,1
2022163,2022,8,32,1
2022163,2022,8,160,1
2022163,2022,9,32,4
2022163,2022,9,48,1
2022163,2022,9,296,1
2022163,2022,10,32,2
2022163,2022,10,64,1
2022163,2022,11,32,3
2022163,2022,11,64,2
2022163,2022,11,2040,1
2022163,2022,12,32,4
2022163,2022,12,592,1
2022163,2023,1,32,2
2022163,2023,1,25.6,1
2022163,2023,1,64,1
2022163,2023,1,320,1
2022163,2023,1,945.6,1
2022163,2023,1,3091.2,1
2022163,2023,2,25.6,4
2022163,2023,2,32,1
2022163,2023,2,51.2,1
2022163,2023,3,32,5
2022163,2023,3,25.6,1
2022163,2023,5,10.88,1
2022163,2023,5,64,1
2022163,2023,6,384,1
2022163,2023,6,4872,1
2022163,2023,7,32,1
2022163,2023,8,32,3
2022163,2023,8,272,1
2022163,2023,8,1088,1
2022163,2023,9,320,1
2022163,2023,9,680,1
2022163,2023,9,1088,1
2022163,2023,10,1024,1
2022163,2023,11,32,3
2022163,2023,11,27.2,1
2022163,2023,11,768,1
2022163,2023,12,32,1
2022163,2023,12,160,1
2022163,2023,12,2040,1
2022163,2024,1,32,2
2022163,2024,2,27.2,1
2022163,2024,3,32,2
2022163,2024,3,64,2
2022163,2024,4,32,2
2022163,2024,4,256,1
2022163,2024,5,16,1
2022163,2024,5,32,1
2022163,2024,7,32,1
2022163,2024,8,1536,1
2022163,2024,9,26,1
2022163,2024,9,32,1
2022164,2022,1,32,1
2022164,2022,1,64,1
2022164,2022,1,960,1
2022164,2022,6,160,1
2022164,2022,10,32,1
2022164,2022,11,32,1
2022164,2022,11,120,1
2022164,2023,1,2016,1
2022164,2023,3,25.92,1
2022164,2023,5,64,1
2022164,2023,6,3200,1
2022164,2023,10,32,1
2022164,2023,10,64,1
2022164,2023,10,384,1
2022164,2023,12,32,1
2022164,2024,1,20.8,1
2022164,2024,1,96,1
2022164,2024,1,947.2,1
2022164,2024,2,27.2,1
2022164,2024,3,32,1
2022164,2024,4,96,1
2022164,2024,6,128,1
2022164,2024,7,32,1
2022164,2024,7,320,1
2022164,2024,8,256,2
2022164,2024,8,32,1
2022164,2024,11,128,1
2022171,2022,1,179.2,1
2022171,2022,3,32,1
2022171,2022,5,32,1
2022171,2022,7,64,1
2022171,2022,8,32,1
2022171,2022,8,320,1
2022171,2022,8,1632,1
2022171,2022,8,3456,1
2022171,2022,9,32,1
2022171,2022,9,96,1
2022171,2022,10,64,1
2022171,2022,11,27.2,1
2022171,2022,11,64,1
2022171,2023,2,27.2,1
2022171,2023,3,25.95,1
2022171,2023,7,1088,1
2022171,2023,11,5120,1
2022171,2024,3,32,1
2022171,2024,7,32,1
2022171,2024,8,32,1
2022171,2024,8,816,1
2022171,2024,9,2560,1
2022172,2022,6,96,1
2022172,2022,9,32,1
2022172,2023,1,25.6,1
2022172,2023,10,32,1
2022189,2022,1,20,1
2022189,2022,1,450,1
2022189,2022,1,600,1
2022189,2022,2,13.6,1
2022189,2022,3,20,1
2022189,2022,5,200,1
2022189,2022,6,20,4
2022189,2022,7,20,1
2022189,2022,7,260,1
2022189,2022,9,40,1
2022189,2023,1,80,1
2022189,2023,2,16,1
2022189,2023,5,17,1
2022189,2023,7,20,1
2022189,2024,3,20,2
2022189,2024,3,10,1
2022190,2022,1,80,1
2022190,2022,6,60,1
2022190,2022,9,20,1
2022190,2023,5,17,1
2022190,2023,10,20,1
2022204,2022,11,24,1
2022204,2023,3,550.8,1
2022205,2022,6,40,1
2022207,2022,6,30,1
2022226,2022,1,64,1
2022226,2022,1,240,1
2022226,2022,1,486.4,1
2022226,2022,5,96,1
2022226,2022,11,32,2
2022226,2023,5,64,1
2022226,2024,5,51.2,1
2022226,2024,6,32,1
2022226,2024,11,32,1
2022226,2024,11,1152,1
2022227,2023,5,64,1
2022231,2022,1,186,1
2022231,2023,5,65,1
2022231,2023,6,65,2
2022231,2023,6,130,1
2022231,2023,12,65,1
2022231,2024,1,104,1
2022231,2024,4,260,1
2022231,2024,6,65,1
2022231,2024,11,42.25,1
2022231,2024,12,65,1
2022231,2024,12,800.01,1
2022232,2022,1,124,1
2022232,2022,1,186,1
2022232,2023,6,65,1
2022232,2023,7,65,1
2022232,2023,10,110.5,1
2022232,2024,3,130,1
2022232,2024,6,65,1
2022232,2024,11,42.25,1
2022232,2024,12,65,1
2022232,2024,12,800.01,1
2022233,2022,1,186,1
2022233,2023,6,65,1
2022233,2023,7,65,1
2022233,2023,10,65,1
2022233,2024,3,195,1
2022233,2024,6,65,1
2022233,2024,11,42.25,1
2022233,2024,11,718.25,1
2022233,2024,12,65,1
2022233,2024,12,1425.02,1
2022234,2022,1,186,1
2022234,2023,5,650,1
2022234,2023,6,65,3
2022234,2023,7,65,1
2022234,2023,10,65,2
2022234,2023,12,65,1
2022234,2024,1,52,1
2022234,2024,1,156,1
2022234,2024,3,195,1
2022234,2024,6,52,1
2022234,2024,6,65,1
2022234,2024,7,65,1
2022234,2024,11,42.25,1
2022234,2024,12,65,1
2022234,2024,12,1075.01,1
2022235,2022,1,124,1
2022235,2022,4,124,1
2022235,2023,6,65,1
2022235,2023,10,65,1
2022235,2024,1,104,2
2022235,2024,1,65,1
2022235,2024,4,364,1
2022235,2024,6,65,1
2022235,2024,11,42.25,1
2022235,2024,12,65,1
2022235,2024,12,400,1
2022237,2023,10,65,1
2022237,2023,10,110.5,1
2022237,2023,11,55.25,1
2022237,2023,11,65,1
2022237,2024,1,65,1
2022237,2024,6,65,1
2022237,2024,11,42.25,1
2022237,2024,12,65,1
2022237,2024,12,1325.02,1
2022238,2022,1,124,1
2022238,2023,10,65,1
2022238,2024,1,52,1
2022238,2024,4,52,1
2022238,2024,11,42.25,1
2022238,2024,12,65,1
2022238,2024,12,2400.03,1
2022239,2023,6,65,1
2022239,2023,10,65,1
2022239,2023,11,55.25,1
2022239,2024,11,42.25,1
2022239,2024,12,65,1
2022239,2024,12,1775.02,1
2022240,2023,10,65,1
2022240,2024,1,42.25,1
2022240,2024,1,52,1
2022240,2024,11,42.25,1
2022240,2024,12,65,1
2022240,2024,12,2150.03,1
2022241,2023,11,55.25,1
2022241,2024,11,42.25,1
2022241,2024,12,925.01,1
2022242,2024,1,104,1
2022242,2024,11,42.25,1
2022242,2024,12,65,1
2022242,2024,12,750.01,1
2022243,2024,4,65,1
2022243,2024,11,42.25,1
2022243,2024,12,1350.02,1
2022252,2022,1,186,1
2022252,2023,10,65,1
2022252,2024,1,208,1
2022252,2024,4,208,1
2022252,2024,6,65,1
2022252,2024,11,42.25,1
2022252,2024,12,725.01,1
2022258,2022,1,124,1
2022258,2023,6,65,2
2022258,2023,10,65,1
2022258,2023,10,110.5,1
2022258,2023,11,55.25,1
2022258,2023,11,65,1
2022258,2024,1,65,1
2022258,2024,11,42.25,1
2022258,2024,12,65,1
2022258,2024,12,1100.01,1
2022259,2023,11,55.25,1
2022259,2024,11,42.25,1
2022259,2024,12,2250.03,1
2022261,2022,8,35,1
2022261,2023,4,70,1
2022261,2023,6,140,1
2022266,2023,6,65,1
2022266,2023,10,65,2
2022266,2023,11,55.25,1
2022266,2024,1,156,1
2022266,2024,11,42.25,1
2022266,2024,12,65,1
2022266,2024,12,1900.02,1
2022267,2022,3,65,1
2022267,2022,11,130,1
2022267,2022,12,390,1
2022267,2023,5,130,1
2022267,2023,7,130,1
2022267,2023,11,104,1
2022267,2023,11,130,1
2022267,2024,3,130,1
2022267,2024,6,416,1
2022267,2024,8,390,1
2022270,2023,10,65,1
2022270,2023,11,55.25,1
2022270,2024,7,55.25,1
2022270,2024,11,42.25,1
2022270,2024,12,450.01,1
2022273,2022,7,5395,1
2022273,2023,11,130,1
2022274,2022,7,130,1
2022274,2022,11,130,1
2022274,2022,12,390,1
2022274,2023,3,130,1
2022274,2023,11,130,2
2022274,2024,8,390,1
2022275,2022,7,3452.8,1
2022276,2022,1,65,1
2022276,2022,3,65,1
2022276,2022,5,65,1
2022276,2022,7,65,1
2022276,2022,7,650,1
2022276,2022,9,65,2
2022276,2022,9,650,2
2022276,2022,9,260,1
2022276,2022,11,585,1
2022276,2022,11,1040,1
2022276,2023,1,65,1
2022276,2023,3,910,1
2022276,2023,4,260,1
2022276,2023,6,65,1
2022276,2023,7,65,1
2022276,2023,8,65,1
2022276,2023,9,195,1
2022276,2024,1,65,1
2022276,2024,3,65,1
2022277,2022,5,4500,1
2022277,2022,10,900,1
2022277,2022,10,2250,1
2022277,2022,11,900,1
2022277,2022,12,900,2
2022277,2023,1,675,1
2022277,2023,2,900,1
2022277,2023,5,4500,1
2022277,2023,6,360,1
2022277,2023,7,900,1
2022277,2023,8,135,1
2022277,2023,10,270,1
2022277,2024,1,180,1
2022277,2024,3,270,1
2022277,2024,4,225,1
2022277,2024,5,225,1
2022277,2024,5,675,1
2022281,2022,7,130,1
2022281,2022,7,260,1
2022281,2022,7,1079,1
2022281,2022,12,780,1
2022281,2023,9,260,1
2022281,2023,11,130,1
2022281,2024,6,44.2,1
2022286,2022,1,90,1
2022286,2022,1,225,1
2022286,2022,9,510.75,1
2022286,2023,1,45,1
2022286,2023,8,630,1
2022286,2023,11,144,1
2022287,2022,8,260,1
2022288,2022,5,30,1
2022288,2022,10,30,1
2022288,2023,10,255,1
2022288,2024,4,120,1
2022288,2024,9,120,1
2022288,2024,12,192,1
2022295,2022,1,163.2,1
2022295,2022,6,24,1
2022295,2022,8,24,1
2022295,2022,9,1860,1
2022295,2022,11,48,1
2022295,2022,11,168,1
2022295,2022,11,240,1
2022295,2023,1,38.4,1
2022295,2023,1,96,1
2022295,2023,1,240,1
2022295,2023,2,19.2,1
2022295,2023,2,20.4,1
2022295,2023,4,48,1
2022295,2023,5,24,1
2022295,2023,6,24,1
2022295,2023,6,336,1
2022295,2023,6,420,1
2022295,2023,7,24,1
2022295,2023,8,24,2
2022295,2023,8,204,1
2022295,2023,9,1860,1
2022295,2023,10,192,1
2022295,2023,12,540,1
2022295,2024,3,24,1
2022295,2024,3,1536,1
2022295,2024,4,48,1
2022295,2024,8,756,1
2022298,2022,4,650,1
2022298,2023,3,1040,1
2022298,2023,7,130,1
2022301,2022,11,130,1
2022301,2024,8,390,1
2022304,2022,3,260,1
2022304,2022,6,130,1
2022304,2022,8,260,1
2022304,2022,9,520,1
2022304,2022,10,130,1
2022304,2022,12,221,1
2022304,2023,3,130,1
2022304,2023,6,520,1
2022304,2023,7,110.5,1
2022304,2023,11,130,1
2022304,2023,12,130,1
2022304,2024,8,1040,1
2022307,2022,12,100,1
2022311,2022,7,5395,1
2022311,2023,3,130,1
2022311,2023,7,130,1
2022311,2023,11,130,1
2022311,2024,8,390,1
2022312,2022,10,27,1
2022315,2022,1,55.25,1
2022315,2022,3,65,1
2022315,2022,6,65,1
2022315,2022,8,65,1
2022315,2022,11,65,1
2022315,2024,3,65,1
2022315,2024,3,260,1
2022315,2024,8,1040,1
2022316,2022,1,27,1
2022316,2022,1,1188,1
2022316,2022,2,27,1
2022316,2022,2,270,1
2022316,2022,2,810,1
2022316,2022,3,27,2
2022316,2022,3,499.5,1
2022316,2022,3,1188,1
2022316,2022,4,270,1
2022316,2022,5,499.5,2
2022316,2022,5,729,1
2022316,2022,5,1134,1
2022316,2022,6,27,2
2022316,2022,6,54,1
2022316,2022,6,688.5,1
2022316,2022,6,1210.95,1
2022316,2022,6,4117.5,1
2022316,2022,7,27,1
2022316,2022,7,1134,1
2022316,2022,8,27,1
2022316,2022,8,499.5,1
2022316,2022,8,958.5,1
2022316,2022,9,384.75,1
2022316,2022,9,1080,1
2022316,2022,9,2092.5,1
2022316,2022,10,499.5,3
2022316,2022,10,384.75,1
2022316,2022,10,1188,1
2022316,2022,10,3105,1
2022316,2022,11,499.5,1
2022316,2022,11,540,1
2022316,2022,11,729,1
2022316,2022,12,499.5,1
2022316,2022,12,729,1
2022316,2022,12,958.5,1
2022316,2023,1,27,1
2022316,2023,1,108,1
2022316,2023,2,54,1
2022316,2023,2,499.5,1
2022316,2023,2,729,1
2022316,2023,2,958.5,1
2022316,2023,3,729,1
2022316,2023,4,540,1
2022316,2023,4,4117.5,1
2022316,2023,5,729,1
2022316,2023,5,1134,1
2022316,2023,5,1188,1
2022316,2023,6,27,1
2022316,2023,6,270,1
2022316,2023,6,499.5,1
2022316,2023,6,729,1
2022316,2023,6,810,1
2022316,2023,7,270,1
2022316,2023,7,459,1
2022316,2023,8,459,1
2022316,2023,8,1350,1
2022316,2023,9,27,1
2022316,2023,9,54,1
2022316,2023,9,81,1
2022316,2023,9,459,1
2022316,2023,9,540,1
2022316,2023,10,344.25,1
2022316,2023,10,2700,1
2022316,2023,11,54,1
2022316,2023,11,135,1
2022316,2023,11,688.5,1
2022316,2023,12,27,1
2022316,2023,12,459,1
2022316,2023,12,2160,1
2022316,2024,1,459,1
2022316,2024,1,1080,1
2022316,2024,1,3240,1
2022316,2024,2,648,2
2022316,2024,2,17.55,1
2022316,2024,2,270,1
2022316,2024,2,540,1
2022316,2024,3,270,1
2022316,2024,4,270,1
2022316,2024,4,432,1
2022316,2024,5,432,1
2022316,2024,6,27,1
2022316,2024,6,648,1
2022316,2024,6,1080,1
2022316,2024,6,2160,1
2022316,2024,8,540,1
2022316,2024,8,648,1
2022316,2024,8,1080,1
2022316,2024,9,432,1
2022316,2024,10,270,1
2022316,2024,10,3672,1
2022316,2024,11,648,2
2022316,2024,11,1080,1
2022316,2024,12,648,1
2022316,2024,12,2160,1
2022398,2022,1,960,1
2022398,2023,4,64,1
2022398,2023,6,240,1
2022398,2023,8,136,1
2022398,2023,10,512,1
2022398,2023,11,256,1
2022398,2024,1,307.2,1
2022398,2024,5,32,1
2022400,2022,5,32,1
2022400,2024,2,32,1
2022400,2024,5,32,1
2022400,2024,6,256,1
2022553,2022,12,42.5,1
2027700,2022,7,2158,1
2027700,2022,8,130,1
2027700,2024,6,130,1
7204004,2023,1,24,4
7204006,2023,1,40,2
7204007,2023,1,9,1
7204008,2023,1,9,4
7206002,2022,5,65,1
7206002,2022,11,65,10
7206002,2022,12,65,1
7206002,2023,3,65,1
7206002,2023,4,65,1
7206002,2023,9,65,1
7206002,2024,1,65,1
7206003,2022,3,27,1
7206003,2022,9,27,1
7206003,2023,1,27,1
7207001,2022,1,65,2
7207001,2022,2,65,1
7207001,2022,3,65,1
7207001,2022,6,65,2
7207001,2022,8,65,1
7207001,2022,10,65,3
7207001,2022,11,65,1
7207001,2023,2,65,1
7207001,2023,3,65,2
7207001,2023,5,65,2
7207001,2023,7,65,1
7207001,2023,12,65,2
7207002,2022,1,27,1
7207002,2022,2,27,2
7207002,2022,3,27,2
7207002,2022,4,27,2
7207002,2022,5,27,2
7207002,2022,6,27,2
7207002,2022,7,27,1
7207002,2022,8,27,4
7207002,2022,9,27,2
7207002,2022,11,27,6
7207002,2022,12,27,1
7207002,2023,2,27,1
7207002,2023,3,27,1
7207002,2023,4,27,1
7207002,2023,6,27,1
7207002,2023,8,27,1
7207002,2023,9,27,1
7207002,2023,12,27,1
7208001,2022,5,65,1
7208001,2023,4,65,1
7208001,2023,7,65,1
7208002,2022,2,27,2
7208002,2022,7,27,1
7208002,2022,10,27,1
7208002,2022,12,27,1
7208002,2023,1,27,2
7208002,2023,7,27,1
7210001,2022,1,45,4
7210001,2022,2,45,3
7210001,2022,3,45,12
7210001,2022,4,45,3
7210001,2022,5,45,2
7210001,2022,6,45,7
7210001,2022,7,45,2
7210001,2022,8,45,3
7210001,2022,9,45,1
7210001,2022,10,45,5
7210001,2022,11,45,2
7210001,2022,12,45,1
7210001,2023,1,45,3
7210001,2023,2,45,1
7210001,2023,3,45,5
7210001,2023,4,45,2
7210001,2023,5,45,3
7210001,2023,6,45,1
7210001,2023,7,45,1
7210001,2023,8,45,6
7210001,2023,10,45,2
7210001,2024,2,45,7
7210001,2024,4,45,3
7210001,2024,5,45,4
7210001,2024,8,45,1
7210001,2024,9,45,1
7210001,2024,12,45,3
7210002,2022,1,55,19
7210002,2022,2,55,4
7210002,2022,3,55,12
7210002,2022,4,55,7
7210002,2022,5,55,24
7210002,2022,6,55,25
7210002,2022,7,55,8
7210002,2022,8,55,58
7210002,2022,9,55,8
7210002,2022,10,55,13
7210002,2022,11,55,17
7210002,2022,12,55,28
7210002,2023,1,55,23
7210002,2023,2,55,12
7210002,2023,3,55,22
7210002,2023,4,55,37
7210002,2023,5,55,9
7210002,2023,6,55,12
7210002,2023,7,55,31
7210002,2023,8,55,11
7210002,2023,9,55,52
7210002,2023,10,55,32
7210002,2023,11,55,19
7210002,2023,12,55,10
7210002,2024,1,55,22
7210002,2024,2,55,78
7210002,2024,3,55,30
7210002,2024,4,55,4
7210002,2024,5,55,3
7210002,2024,6,55,2
7210002,2024,7,55,18
7210002,2024,8,55,7
7210002,2024,9,55,5
7210002,2024,10,55,2
7210002,2024,11,55,5
7210002,2024,12,55,1
7210003,2022,1,70,2
7210003,2022,4,70,1
7210003,2022,5,70,5
7210003,2022,6,70,1
7210003,2022,7,70,4
7210003,2022,8,70,1
7210003,2022,10,70,1
7210003,2023,1,70,2
7210003,2023,2,70,2
7210003,2023,3,70,1
7210003,2023,4,70,1
7210003,2023,8,70,2
7210003,2024,5,70,3
7210003,2024,6,70,1
7210004,2022,1,60,1
7210004,2022,2,60,7
7210004,2022,4,60,1
7210004,2022,6,60,1
7210004,2022,7,60,1
7210004,2022,8,60,1
7210004,2022,9,60,1
7210004,2022,10,60,1
7210004,2023,1,60,1
7210004,2023,4,60,2
7210004,2023,5,60,10
7210004,2023,8,60,5
7210004,2023,11,60,1
7210004,2023,12,60,1
7210004,2024,1,60,1
7210004,2024,4,60,2
7210004,2024,5,60,3
7210004,2024,7,60,4
7210004,2024,11,60,1
7210004,2024,12,60,1
7210005,2022,2,70,1
7210005,2022,5,70,1
7210005,2022,7,70,1
7210005,2022,12,70,2
7210005,2023,3,70,1
7210005,2023,4,70,1
7210005,2023,5,70,1
7210005,2023,6,70,1
7210005,2023,7,70,1
7210005,2023,8,70,1
7210005,2023,9,70,1
7210005,2023,12,70,2
7210005,2024,1,70,1
7210005,2024,3,70,4
7210005,2024,4,70,1
7210005,2024,6,70,1
7210005,2024,9,70,1
7210005,2024,10,70,1
7210005,2024,11,70,4
7210005,2024,12,70,2
7210006,2022,1,90,2
7210006,2022,9,90,1
7210006,2022,11,90,1
7210006,2022,12,90,1
7210006,2024,4,90,2
7210006,2024,7,90,1
7210007,2022,2,80,1
7210007,2022,3,80,1
7210007,2023,2,80,1
7210007,2023,5,80,2
7210007,2023,12,80,1
7210007,2024,12,80,1
7210008,2022,1,65,3
7210008,2022,3,65,1
7210008,2022,4,65,1
7210008,2022,6,65,1
7210008,2022,7,65,1
7210008,2022,9,65,1
7210008,2022,11,65,1
7210008,2023,1,65,3
7210008,2024,2,65,2
7210009,2022,2,27,1
7210009,2022,3,27,3
7210009,2022,7,27,1
7210009,2022,10,27,1
7210009,2022,12,27,1
7210009,2023,1,27,2
7210009,2023,2,27,1
7210009,2023,5,27,1
7210009,2024,7,27,1
7210009,2024,12,27,1
7212001,2022,3,65,1
7212001,2022,11,65,1
7212001,2023,5,65,1
7212002,2022,8,27,1
7212003,2023,1,27,1
7213001,2022,4,65,1
7213001,2022,6,65,1
7213001,2023,10,65,2
7213002,2022,4,27,1
7213002,2022,9,27,2
7213002,2023,3,27,1
7213002,2023,10,27,1
7214001,2022,1,90,2
7214001,2022,2,90,2
7214001,2022,5,90,9
7214001,2022,7,90,7
7214001,2022,8,90,2
7214001,2022,10,90,3
7214001,2022,11,90,6
7214001,2022,12,90,7
7214001,2023,1,90,14
7214001,2023,2,90,6
7214001,2023,3,90,6
7214001,2023,4,90,10
7214001,2023,5,90,2
7214001,2023,6,90,2
7214001,2023,7,90,12
7214001,2023,8,90,11
7214001,2023,9,90,3
7214001,2023,10,90,1
7214001,2023,11,90,9
7214001,2023,12,90,1
7214001,2024,1,90,14
7214001,2024,2,90,1
7214001,2024,3,90,1
7214001,2024,4,90,4
7214001,2024,5,90,5
7214001,2024,6,90,3
7214001,2024,7,90,7
7214001,2024,8,90,4
7214001,2024,9,90,1
7214001,2024,10,90,12
7214001,2024,11,90,13
7214002,2022,1,40,3
7214002,2022,2,40,6
7214002,2022,3,40,4
7214002,2022,4,40,4
7214002,2022,7,40,3
7214002,2022,8,40,4
7214002,2022,11,40,6
7214002,2023,1,40,20
7214002,2023,2,40,22
7214002,2023,3,40,1
7214002,2023,4,40,1
7214002,2023,5,40,3
7214002,2023,6,40,6
7214002,2023,7,40,2
7214002,2023,8,40,7
7214002,2023,9,40,2
7214002,2023,10,40,2
7214002,2023,11,40,5
7214002,2023,12,40,10
7214002,2024,1,40,2
7214002,2024,2,40,4
7214002,2024,3,40,20
7214002,2024,4,40,1
7214002,2024,5,40,1
7214002,2024,6,40,8
7214002,2024,7,40,1
7214002,2024,9,40,2
7214002,2024,10,40,3
7214003,2022,10,65,1
7214003,2023,1,65,1
7214003,2023,7,65,1
7214003,2024,3,65,1
7214003,2024,4,65,1
7214003,2024,8,65,1
7214003,2024,9,65,1
7214004,2023,11,27,1
7214004,2024,3,27,1
7220001,2022,1,400,11
7220001,2022,1,800,8
7220001,2022,1,1200,3
7220001,2022,1,1600,2
7220001,2022,1,2000,2
7220001,2022,1,190,1
7220001,2022,1,386,1
7220001,2022,1,404,1
7220001,2022,1,516,1
7220001,2022,1,600,1
7220001,2022,1,774,1
7220001,2022,1,784,1
7220001,2022,1,1000,1
7220001,2022,1,1300,1
7220001,2022,1,4000,1
7220001,2022,2,400,6
7220001,2022,2,800,6
7220001,2022,2,1200,2
7220001,2022,2,120,1
7220001,2022,2,300,1
7220001,2022,2,500,1
7220001,2022,2,504,1
7220001,2022,2,600,1
7220001,2022,2,880,1
7220001,2022,2,924,1
7220001,2022,2,1000,1
7220001,2022,2,1600,1
7220001,2022,2,1716,1
7220001,2022,2,2000,1
7220001,2022,2,2400,1
7220001,2022,2,2776,1
7220001,2022,2,3000,1
7220001,2022,3,400,6
7220001,2022,3,600,4
7220001,2022,3,300,2
7220001,2022,3,800,2
7220001,2022,3,200,1
7220001,2022,3,420,1
7220001,2022,3,560,1
7220001,2022,3,1026,1
7220001,2022,3,1200,1
7220001,2022,3,1600,1
7220001,2022,3,1742,1
7220001,2022,3,2200,1
7220001,2022,3,3200,1
7220001,2022,4,400,4
7220001,2022,4,800,3
7220001,2022,4,200,2
7220001,2022,4,600,2
7220001,2022,4,1200,2
7220001,2022,4,2,1
7220001,2022,4,220,1
7220001,2022,4,324,1
7220001,2022,4,500,1
7220001,2022,4,686,1
7220001,2022,4,1178,1
7220001,2022,4,1348,1
7220001,2022,4,1600,1
7220001,2022,4,1800,1
7220001,2022,4,1998,1
7220001,2022,4,2000,1
7220001,2022,4,2386,1
7220001,2022,4,4000,1
7220001,2022,5,400,8
7220001,2022,5,2000,3
7220001,2022,5,500,2
7220001,2022,5,1000,2
7220001,2022,5,1200,2
7220001,2022,5,60,1
7220001,2022,5,100,1
7220001,2022,5,120,1
7220001,2022,5,200,1
7220001,2022,5,600,1
7220001,2022,5,708,1
7220001,2022,5,800,1
7220001,2022,5,1554,1
7220001,2022,5,1580,1
7220001,2022,5,1600,1
7220001,2022,5,1652,1
7220001,2022,6,400,9
7220001,2022,6,800,5
7220001,2022,6,200,3
7220001,2022,6,1200,3
7220001,2022,6,146,1
7220001,2022,6,216,1
7220001,2022,6,220,1
7220001,2022,6,280,1
7220001,2022,6,500,1
7220001,2022,6,1000,1
7220001,2022,6,1066,1
7220001,2022,6,1278,1
7220001,2022,6,2200,1
7220001,2022,6,3000,1
7220001,2022,6,4358,1
7220001,2022,6,6000,1
7220001,2022,7,400,10
7220001,2022,7,200,2
7220001,2022,7,600,2
7220001,2022,7,700,2
7220001,2022,7,1200,2
7220001,2022,7,20,1
7220001,2022,7,40,1
7220001,2022,7,140,1
7220001,2022,7,380,1
7220001,2022,7,800,1
7220001,2022,7,880,1
7220001,2022,7,1000,1
7220001,2022,7,1020,1
7220001,2022,7,1600,1
7220001,2022,7,2000,1
7220001,2022,7,2850,1
7220001,2022,7,4000,1
7220001,2022,8,400,7
7220001,2022,8,800,6
7220001,2022,8,200,2
7220001,2022,8,600,2
7220001,2022,8,700,2
7220001,2022,8,1000,2
7220001,2022,8,1200,2
7220001,2022,8,34,1
7220001,2022,8,54,1
7220001,2022,8,140,1
7220001,2022,8,624,1
7220001,2022,8,1600,1
7220001,2022,8,1630,1
7220001,2022,8,2082,1
7220001,2022,8,4000,1
7220001,2022,9,1600,6
7220001,2022,9,400,5
7220001,2022,9,800,2
7220001,2022,9,200,1
7220001,2022,9,340,1
7220001,2022,9,500,1
7220001,2022,9,584,1
7220001,2022,9,1914,1
7220001,2022,9,2000,1
7220001,2022,9,2400,1
7220001,2022,10,400,10
7220001,2022,10,800,7
7220001,2022,10,1600,3
7220001,2022,10,60,1
7220001,2022,10,110,1
7220001,2022,10,258,1
7220001,2022,10,414,1
7220001,2022,10,500,1
7220001,2022,10,602,1
7220001,2022,10,1200,1
7220001,2022,10,1500,1
7220001,2022,10,2000,1
7220001,2022,10,2082,1
7220001,2022,10,2400,1
7220001,2022,11,400,8
7220001,2022,11,800,3
7220001,2022,11,60,1
7220001,2022,11,134,1
7220001,2022,11,340,1
7220001,2022,11,402,1
7220001,2022,11,500,1
7220001,2022,11,742,1
7220001,2022,11,1200,1
7220001,2022,11,1240,1
7220001,2022,11,1600,1
7220001,2022,11,2000,1
7220001,2022,11,2180,1
7220001,2022,12,400,9
7220001,2022,12,800,6
7220001,2022,12,4000,2
7220001,2022,12,4,1
7220001,2022,12,300,1
7220001,2022,12,402,1
7220001,2022,12,468,1
7220001,2022,12,638,1
7220001,2022,12,686,1
7220001,2022,12,864,1
7220001,2022,12,900,1
7220001,2022,12,1000,1
7220001,2022,12,1200,1
7220001,2022,12,1330,1
7220001,2022,12,1500,1
7220001,2022,12,1600,1
7220001,2022,12,1674,1
7220001,2022,12,1800,1
7220001,2022,12,3000,1
7220001,2023,1,400,8
7220001,2023,1,1600,3
7220001,2023,1,500,2
7220001,2023,1,1200,2
7220001,2023,1,1400,2
7220001,2023,1,60,1
7220001,2023,1,250,1
7220001,2023,1,448,1
7220001,2023,1,600,1
7220001,2023,1,700,1
7220001,2023,1,800,1
7220001,2023,1,840,1
7220001,2023,1,1000,1
7220001,2023,1,1134,1
7220001,2023,1,1500,1
7220001,2023,1,2000,1
7220001,2023,1,2030,1
7220001,2023,1,2400,1
7220001,2023,1,4800,1
7220001,2023,2,400,4
7220001,2023,2,2000,4
7220001,2023,2,800,3
7220001,2023,2,220,1
7220001,2023,2,300,1
7220001,2023,2,404,1
7220001,2023,2,440,1
7220001,2023,2,460,1
7220001,2023,2,500,1
7220001,2023,2,560,1
7220001,2023,2,1426,1
7220001,2023,2,1450,1
7220001,2023,2,1600,1
7220001,2023,2,4000,1
7220001,2023,3,400,8
7220001,2023,3,800,4
7220001,2023,3,1600,3
7220001,2023,3,600,2
7220001,2023,3,1000,2
7220001,2023,3,1200,2
7220001,2023,3,2000,2
7220001,2023,3,2,1
7220001,2023,3,100,1
7220001,2023,3,160,1
7220001,2023,3,220,1
7220001,2023,3,272,1
7220001,2023,3,700,1
7220001,2023,3,710,1
7220001,2023,3,948,1
7220001,2023,3,950,1
7220001,2023,3,1050,1
7220001,2023,3,1926,1
7220001,2023,3,2400,1
7220001,2023,3,2466,1
7220001,2023,4,400,7
7220001,2023,4,800,4
7220001,2023,4,2000,2
7220001,2023,4,444,1
7220001,2023,4,500,1
7220001,2023,4,600,1
7220001,2023,4,680,1
7220001,2023,4,1000,1
7220001,2023,4,1100,1
7220001,2023,4,1200,1
7220001,2023,4,1242,1
7220001,2023,4,2400,1
7220001,2023,4,3004,1
7220001,2023,4,4000,1
7220001,2023,5,400,6
7220001,2023,5,800,4
7220001,2023,5,350,2
7220001,2023,5,546,2
7220001,2023,5,200,1
7220001,2023,5,234,1
7220001,2023,5,340,1
7220001,2023,5,416,1
7220001,2023,5,450,1
7220001,2023,5,500,1
7220001,2023,5,700,1
7220001,2023,5,804,1
7220001,2023,5,860,1
7220001,2023,5,1050,1
7220001,2023,5,1500,1
7220001,2023,5,1928,1
7220001,2023,5,2400,1
7220001,2023,6,400,11
7220001,2023,6,800,2
7220001,2023,6,2400,2
7220001,2023,6,300,1
7220001,2023,6,360,1
7220001,2023,6,584,1
7220001,2023,6,600,1
7220001,2023,6,880,1
7220001,2023,6,916,1
7220001,2023,6,1054,1
7220001,2023,6,1700,1
7220001,2023,6,2156,1
7220001,2023,6,2880,1
7220001,2023,6,4000,1
7220002,2023,7,300,3
7220002,2023,7,600,2
7220002,2023,7,900,2
7220002,2023,8,300,13
7220002,2023,8,900,5
7220002,2023,8,600,2
7220002,2023,8,1200,2
7220002,2023,8,1500,1
7220002,2023,8,1800,1
7220002,2023,8,2100,1
7220002,2023,8,2400,1
7220002,2023,9,300,6
7220002,2023,9,600,6
7220002,2023,9,900,2
7220002,2023,9,1500,2
7220002,2023,9,3000,1
7220002,2023,10,300,1
7220002,2023,10,600,1
7220002,2023,11,300,15
7220002,2023,11,900,6
7220002,2023,11,600,4
7220002,2023,11,1200,2
7220002,2023,11,1800,2
7220002,2023,11,1500,1
7220002,2023,11,2400,1
7220002,2023,11,3000,1
7220002,2023,11,4500,1
7220002,2023,12,300,8
7220002,2023,12,1800,2
7220002,2023,12,600,1
7220002,2023,12,900,1
7220002,2023,12,4200,1
7220002,2024,1,300,9
7220002,2024,1,900,5
7220002,2024,1,600,2
7220002,2024,1,1200,1
7220002,2024,1,1500,1
7220002,2024,1,3300,1
7220002,2024,1,4500,1
7220002,2024,1,4800,1
7220002,2024,2,300,5
7220002,2024,2,900,5
7220002,2024,2,600,2
7220002,2024,2,1200,1
7220002,2024,2,4500,1
7220002,2024,3,300,9
7220002,2024,3,900,2
7220002,2024,3,600,1
7220002,2024,3,1200,1
7220002,2024,3,1800,1
7220002,2024,4,300,8
7220002,2024,4,900,5
7220002,2024,4,600,1
7220002,2024,4,1200,1
7220002,2024,4,10500,1
7220002,2024,5,300,6
7220002,2024,5,900,3
7220002,2024,5,600,2
7220002,2024,5,1200,1
7220002,2024,5,1800,1
7220002,2024,5,2700,1
7220002,2024,6,300,7
7220002,2024,6,600,5
7220002,2024,6,1500,1
7220002,2024,6,1800,1
7220002,2024,6,2400,1
7220002,2024,7,300,5
7220002,2024,7,600,2
7220002,2024,7,900,2
7220002,2024,7,1500,2
7220002,2024,7,1200,1
7220002,2024,7,7500,1
7220002,2024,8,300,6
7220002,2024,8,600,5
7220002,2024,8,1800,1
7220002,2024,8,2100,1
7220002,2024,9,300,7
7220002,2024,9,900,4
7220002,2024,9,600,1
7220002,2024,9,1200,1
7220002,2024,9,1500,1
7220002,2024,9,3000,1
7220002,2024,9,3900,1
7220002,2024,10,300,4
7220002,2024,10,900,2
7220002,2024,10,600,1
7220002,2024,11,300,6
7220002,2024,11,600,2
7220002,2024,11,900,1
7220002,2024,11,1200,1
7220002,2024,11,2700,1
7220002,2024,11,3000,1
7220002,2024,12,300,4
7220002,2024,12,600,2
7220002,2024,12,900,1
7220002,2024,12,1500,1
7220002,2024,12,4800,1
7222001,2023,2,26,2
7222001,2023,3,26,1
7222001,2024,12,26,1
7222005,2022,12,26,1
7222005,2023,2,26,8
7222005,2024,9,26,1
7222006,2023,3,26,1
7222007,2022,12,16,1
7222007,2023,2,16,3
7222008,2022,12,16,4
7222009,2023,3,26,1
7222010,2022,12,26,1
7222011,2023,2,19,1
7222026,2023,2,800,2
7222033,2022,12,19,2
7223001,2022,12,150,3
7223001,2023,2,150,1
7223001,2023,11,150,1
8003444,2022,1,800,11
8003444,2022,2,800,4
8003444,2022,3,800,6
8003444,2022,4,800,5
8003444,2022,4,2400,1
8003444,2022,5,800,2
8003444,2022,6,800,8
8003444,2022,7,800,30
8003444,2022,8,800,5
8003444,2022,9,800,4
8003444,2022,10,800,6
8003444,2022,10,950,1
8003444,2022,10,1900,1
8003444,2022,11,950,4
8003444,2022,11,800,3
8003444,2022,12,950,5
8003444,2023,1,950,3
8003444,2023,1,2850,1
8003444,2023,2,950,7
8003444,2023,3,950,5
8003444,2023,4,950,2
8003445,2022,1,900,32
8003445,2022,1,1800,2
8003445,2022,1,5400,1
8003445,2022,2,900,24
8003445,2022,2,1800,1
8003445,2022,3,900,31
8003445,2022,3,1800,3
8003445,2022,4,900,19
8003445,2022,4,2700,1
8003445,2022,5,900,23
8003445,2022,5,1800,1
8003445,2022,6,900,22
8003445,2022,6,1800,3
8003445,2022,6,218.21,1
8003445,2022,6,4500,1
8003445,2022,7,900,34
8003445,2022,7,681.79,1
8003445,2022,8,900,23
8003445,2022,8,2700,3
8003445,2022,8,1800,2
8003445,2022,9,900,21
8003445,2022,9,1100,1
8003445,2022,9,1800,1
8003445,2022,9,5400,1
8003445,2022,10,900,10
8003445,2022,10,1100,6
8003445,2022,10,2200,1
8003445,2022,10,3300,1
8003445,2022,11,1100,13
8003445,2022,11,2200,3
8003445,2022,11,4400,2
8003445,2022,11,1800,1
8003445,2022,11,3300,1
8003445,2022,11,5500,1
8003445,2022,12,1100,32
8003445,2022,12,2200,8
8003445,2023,1,1100,32
8003445,2023,1,2200,3
8003445,2023,1,3300,2
8003445,2023,1,4400,1
8003445,2023,1,5500,1
8003445,2023,2,1100,27
8003445,2023,2,3300,3
8003445,2023,2,2200,2
8003445,2023,2,4400,1
8003445,2023,3,1100,30
8003445,2023,3,2200,1
8003445,2023,3,3300,1
8003445,2023,3,5500,1
8003445,2023,3,7700,1
8003445,2023,4,1100,14
8003445,2023,4,2200,1
8003445,2023,4,4400,1
8003445,2024,2,1100,1
8003445,2024,5,2300,1
8003446,2022,1,1345,6
8003446,2022,1,4035,2
8003446,2022,2,1345,2
8003446,2022,2,4035,1
8003446,2022,3,1345,5
8003446,2022,4,1345,7
8003446,2022,4,2690,2
8003446,2022,4,4035,1
8003446,2022,5,1345,3
8003446,2022,5,2690,2
8003446,2022,5,4035,1
8003446,2022,6,1345,10
8003446,2022,6,326.1,1
8003446,2022,6,2690,1
8003446,2022,6,4035,1
8003446,2022,6,5380,1
8003446,2022,7,1345,10
8003446,2022,7,1018.9,1
8003446,2022,7,2690,1
8003446,2022,7,4035,1
8003446,2022,8,1345,5
8003446,2022,8,2690,5
8003446,2022,9,1345,8
8003446,2022,9,2690,1
8003446,2022,9,4035,1
8003446,2022,9,5380,1
8003446,2022,10,1345,5
8003446,2022,10,1600,1
8003446,2022,10,2690,1
8003446,2022,11,3200,4
8003446,2022,11,1345,1
8003446,2022,11,1600,1
8003446,2022,11,4800,1
8003446,2022,12,1600,9
8003446,2022,12,3200,3
8003446,2022,12,4800,1
8003446,2023,1,1600,6
8003446,2023,1,3200,2
8003446,2023,2,1600,8
8003446,2023,2,3200,3
8003446,2023,2,4800,1
8003446,2023,3,1600,10
8003446,2023,4,1600,5
8003446,2023,4,4800,1
8003446,2023,6,3200,1
8003446,2024,2,4800,1
8003447,2022,1,1790,4
8003447,2022,2,1790,2
8003447,2022,4,1790,2
8003447,2022,5,1790,2
8003447,2022,6,1790,2
8003447,2022,6,867.98,1
8003447,2022,6,3580,1
8003447,2022,7,1790,1
8003447,2022,7,2712.02,1
8003447,2022,8,1790,2
8003447,2022,10,2100,1
8003447,2022,11,4200,1
8003447,2022,12,2100,2
8003447,2022,12,6300,1
8003447,2023,1,2100,1
8003447,2023,1,8400,1
8003447,2023,2,2100,1
8003447,2023,3,2100,1
8003447,2023,4,2100,2
8003447,2023,6,2100,1
8003447,2024,2,2100,1
8003448,2022,1,1684.2,1
8003448,2022,1,2887.2,1
8003448,2022,1,2983.44,1
8003448,2022,1,7987.04,1
8003448,2022,2,1010.52,1
8003448,2022,2,3031.56,1
8003448,2022,3,962.4,1
8003448,2022,3,5870.64,1
8003448,2022,3,8805.96,1
8003448,2022,4,962.4,1
8003448,2022,4,2550.36,1
8003448,2022,4,4523.28,1
8003448,2022,4,5581.92,1
8003448,2022,4,7169.88,1
8003448,2022,5,1539.84,1
8003448,2022,5,2021.04,1
8003448,2022,5,2502.24,1
8003448,2022,5,3945.84,1
8003448,2022,6,1443.6,2
8003448,2022,6,1010.52,1
8003448,2022,6,1058.64,1
8003448,2022,6,1203,1
8003448,2022,6,1347.36,1
8003448,2022,6,1454.71,1
8003448,2022,7,1010.52,1
8003448,2022,7,1058.64,1
8003448,2022,7,1299.24,1
8003448,2022,7,2000,1
8003448,2022,7,4545.29,1
8003448,2022,8,1058.64,1
8003448,2022,8,1539.84,1
8003448,2022,9,900,1
8003448,2022,9,1972.92,1
8003448,2022,10,900,1
8003448,2022,10,1058.64,1
8003448,2022,11,900,1
8003448,2022,11,1924.8,1
8003448,2022,12,1342.64,1
8003448,2022,12,1445.92,1
8003448,2022,12,2220.52,1
8003448,2022,12,5009.98,1
8003448,2022,12,5215.64,1
8003448,2023,1,1239.36,1
8003448,2023,1,1807.4,1
8003448,2023,1,1859.04,1
8003448,2023,2,1755.76,1
8003448,2023,2,2300,1
8003448,2023,3,671.32,1
8003448,2023,3,2300,1
8003448,2023,3,4595.96,1
8003448,2023,5,604,1
8003879,2022,1,180,3
8003879,2022,1,900,1
8003879,2022,1,3960,1
8003879,2022,2,180,5
8003879,2022,2,1080,2
8003879,2022,2,540,1
8003879,2022,3,180,2
8003879,2022,3,450,1
8003879,2022,4,180,3
8003879,2022,4,360,2
8003879,2022,5,180,1
8003879,2022,5,360,1
8003879,2022,6,180,3
8003879,2022,6,360,1
8003879,2022,6,540,1
8003879,2022,6,720,1
8003879,2022,7,180,2
8003879,2022,7,720,1
8003879,2022,7,900,1
8003879,2022,7,1080,1
8003879,2022,7,1440,1
8003879,2022,8,180,6
8003879,2022,8,360,1
8003879,2022,9,360,1
8003879,2022,10,180,3
8003879,2022,10,540,2
8003879,2022,10,360,1
8003879,2022,10,1080,1
8003879,2022,10,1800,1
8003879,2022,11,180,3
8003879,2022,11,360,1
8003879,2022,11,540,1
8003879,2022,11,2160,1
8003879,2022,12,180,1
8003879,2023,1,540,1
8003879,2023,1,720,1
8003879,2023,1,1800,1
8003879,2023,2,180,1
8003879,2023,2,720,1
8003879,2023,3,180,2
8003879,2023,3,900,1
8003879,2023,3,2880,1
8003879,2023,3,7560,1
8003879,2023,3,10620,1
8003879,2023,4,180,3
8003879,2023,4,1080,1
8003879,2023,5,540,2
8003879,2023,5,360,1
8003879,2023,5,720,1
8003879,2023,6,180,2
8003879,2023,6,360,1
8003879,2023,6,990,1
8003879,2023,7,180,4
8003879,2023,7,235,2
8003879,2023,7,360,1
8003879,2023,7,705,1
8003879,2023,7,900,1
8003879,2023,7,1080,1
8003879,2023,7,1440,1
8003879,2023,8,235,2
8003879,2023,8,470,1
8003879,2023,8,705,1
8003879,2023,8,900,1
8003879,2023,8,7740,1
8003879,2023,8,9635,1
8003879,2023,9,705,1
8003879,2023,9,1620,1
8003879,2023,9,1980,1
8003879,2023,9,2115,1
8003879,2023,10,470,1
8003879,2023,11,470,3
8003879,2023,11,235,1
8003879,2023,11,705,1
8003879,2023,11,1440,1
8003879,2023,11,1800,1
8003879,2023,11,2350,1
8003879,2023,11,11985,1
8003879,2023,12,470,2
8003879,2023,12,940,1
8003879,2024,1,235,2
8003879,2024,1,5640,1
8003879,2024,2,470,1
8003879,2024,2,705,1
8003879,2024,2,1175,1
8003879,2024,2,1645,1
8003879,2024,3,117.5,1
8003879,2024,3,352.5,1
8003879,2024,3,470,1
8003879,2024,3,705,1
8003879,2024,4,235,2
8003879,2024,4,705,2
8003879,2024,4,470,1
8003879,2024,4,1645,1
8003879,2024,4,6345,1
8003879,2024,5,235,3
8003879,2024,5,470,3
8003879,2024,6,470,1
8003879,2024,6,705,1
8003879,2024,6,1175,1
8003879,2024,7,705,2
8003879,2024,7,235,1
8003879,2024,7,940,1
8003879,2024,7,1645,1
8003879,2024,7,1880,1
8003879,2024,7,4465,1
8003879,2024,8,235,3
8003879,2024,8,2585,1
8003879,2024,8,4935,1
8003879,2024,9,470,1
8003879,2024,10,235,2
8003879,2024,10,470,2
8003879,2024,10,1645,1
8003879,2024,11,470,2
8003879,2024,11,235,1
8003879,2024,11,940,1
8003879,2024,12,1410,2
8003879,2024,12,235,1
8003884,2022,1,15,20
8003884,2022,2,15,21
8003884,2022,3,15,20
8003884,2022,4,15,24
8003884,2022,4,17.97,1
8003884,2022,5,15,11
8003884,2022,6,15,20
8003884,2022,7,15,25
8003884,2022,7,30,2
8003884,2022,7,45,2
8003884,2022,7,60,1
8003884,2022,8,15,19
8003884,2022,9,15,10
8003884,2022,10,15,16
8003884,2022,11,15,22
8003884,2022,11,150,1
8003884,2022,12,15,20
8003884,2022,12,30,1
8003884,2023,1,15,16
8003884,2023,2,15,17
8003884,2023,3,15,18
8003884,2023,4,15,15
8003884,2023,5,15,20
8003884,2023,6,15,13
8003884,2023,6,5.18,1
8003884,2023,6,30,1
8003884,2023,7,15,16
8003884,2023,7,9.82,1
8003884,2023,8,15,3
8003884,2023,8,90,1
8003884,2023,9,15,2
8003884,2023,11,15,3
8003886,2022,1,171,1
8003886,2022,6,85.5,1
8003886,2023,6,86,1
8003886,2023,8,172,1
8003886,2024,1,125,1
8003886,2024,3,125,2
8003886,2024,4,125,1
8003886,2024,5,250,1
8003886,2024,8,250,1
8003891,2022,1,270,1
8003891,2022,1,810,1
8003891,2022,1,1620,1
8003891,2022,1,1890,1
8003891,2022,1,4320,1
8003891,2022,2,540,3
8003891,2022,2,1890,2
8003891,2022,2,270,1
8003891,2022,2,810,1
8003891,2022,2,1350,1
8003891,2022,2,2430,1
8003891,2022,2,2700,1
8003891,2022,2,3510,1
8003891,2022,2,4860,1
8003891,2022,2,7560,1
8003891,2022,3,540,4
8003891,2022,3,270,3
8003891,2022,3,1080,2
8003891,2022,3,810,1
8003891,2022,3,1350,1
8003891,2022,3,2160,1
8003891,2022,3,3240,1
8003891,2022,4,540,2
8003891,2022,4,1350,1
8003891,2022,4,1617.03,1
8003891,2022,4,2160,1
8003891,2022,4,5940,1
8003891,2022,5,540,3
8003891,2022,5,1080,2
8003891,2022,5,810,1
8003891,2022,6,810,5
8003891,2022,6,270,2
8003891,2022,6,540,2
8003891,2022,6,1080,1
8003891,2022,6,3510,1
8003891,2022,7,540,4
8003891,2022,7,270,2
8003891,2022,7,810,2
8003891,2022,7,1080,2
8003891,2022,7,1200,1
8003891,2022,7,1350,1
8003891,2022,7,1620,1
8003891,2022,7,1890,1
8003891,2022,7,1920,1
8003891,2022,7,2160,1
8003891,2022,7,4050,1
8003891,2022,8,270,6
8003891,2022,8,540,2
8003891,2022,8,1080,1
8003891,2022,8,1890,1
8003891,2022,9,270,4
8003891,2022,9,810,1
8003891,2022,10,540,4
8003891,2022,10,810,1
8003891,2022,10,1080,1
8003891,2022,10,2700,1
8003891,2022,11,540,2
8003891,2022,11,1080,2
8003891,2022,11,810,1
8003891,2022,11,2160,1
8003891,2022,11,2700,1
8003891,2022,11,4050,1
8003891,2022,11,20790,1
8003891,2022,12,270,4
8003891,2022,12,540,1
8003891,2022,12,810,1
8003891,2022,12,1350,1
8003891,2022,12,1890,1
8003891,2023,1,270,1
8003891,2023,1,810,1
8003891,2023,2,270,4
8003891,2023,2,1080,2
8003891,2023,2,540,1
8003891,2023,2,2160,1
8003891,2023,2,3240,1
8003891,2023,2,3780,1
8003891,2023,2,7290,1
8003891,2023,3,540,1
8003891,2023,3,810,1
8003891,2023,3,1620,1
8003891,2023,3,2430,1
8003891,2023,3,2700,1
8003891,2023,3,4590,1
8003891,2023,4,270,2
8003891,2023,4,540,2
8003891,2023,4,1350,1
8003891,2023,5,270,5
8003891,2023,5,1620,3
8003891,2023,5,1080,2
8003891,2023,5,540,1
8003891,2023,5,810,1
8003891,2023,5,2970,1
8003891,2023,5,5670,1
8003891,2023,6,270,3
8003891,2023,6,810,2
8003891,2023,6,279.82,1
8003891,2023,6,1080,1
8003891,2023,6,1350,1
8003891,2023,6,2430,1
8003891,2023,7,270,3
8003891,2023,7,540,2
8003891,2023,7,530.18,1
8003891,2023,7,1400,1
8003891,2023,7,2970,1
8003891,2023,7,4200,1
8003891,2023,7,5250,1
8003891,2023,8,1050,4
8003891,2023,8,700,2
8003891,2023,8,810,1
8003891,2023,8,1350,1
8003891,2023,8,2700,1
8003891,2023,9,350,2
8003891,2023,9,700,1
8003891,2023,10,1050,2
8003891,2023,10,350,1
8003891,2023,10,1400,1
8003891,2023,11,350,4
8003891,2023,11,1050,1
8003891,2023,11,1400,1
8003891,2023,11,1890,1
8003891,2023,11,3150,1
8003891,2023,11,3510,1
8003891,2023,11,4200,1
8003891,2023,11,13230,1
8003891,2023,12,350,3
8003891,2023,12,1050,2
8003891,2023,12,1400,2
8003891,2023,12,700,1
8003891,2023,12,2450,1
8003891,2023,12,3500,1
8003891,2024,1,700,2
8003891,2024,1,350,1
8003891,2024,1,1750,1
8003891,2024,1,3150,1
8003891,2024,2,700,2
8003891,2024,2,175,1
8003891,2024,2,350,1
8003891,2024,2,1750,1
8003891,2024,2,2100,1
8003891,2024,3,700,3
8003891,2024,3,350,2
8003891,2024,3,175,1
8003891,2024,3,1050,1
8003891,2024,4,1400,3
8003891,2024,4,1050,2
8003891,2024,4,1750,1
8003891,2024,4,2800,1
8003891,2024,5,350,4
8003891,2024,5,700,1
8003891,2024,5,1400,1
8003891,2024,5,2450,1
8003891,2024,5,4200,1
8003891,2024,5,4900,1
8003891,2024,6,350,3
8003891,2024,6,700,1
8003891,2024,6,1050,1
8003891,2024,7,1400,2
8003891,2024,7,350,1
8003891,2024,7,700,1
8003891,2024,7,1050,1
8003891,2024,7,4200,1
8003891,2024,8,350,2
8003891,2024,8,2100,2
8003891,2024,8,700,1
8003891,2024,8,1750,1
8003891,2024,8,3150,1
8003891,2024,8,3500.12,1
8003891,2024,8,14000,1
8003891,2024,9,350,4
8003891,2024,9,700,2
8003891,2024,9,2450,1
8003891,2024,10,700,2
8003891,2024,10,1050,1
8003891,2024,10,1750,1
8003891,2024,10,3850,1
8003891,2024,11,700,3
8003891,2024,11,350,2
8003891,2024,11,1050,1
8003891,2024,12,700,1
8003891,2024,12,2100,1
8003891,2024,12,2450,1
8003891,2024,12,4200,1
8003891,2024,12,5950,1
8003892,2022,1,760,1
8003892,2022,2,3040,1
8003892,2022,3,380,1
8003892,2022,3,760,1
8003892,2022,5,1140,1
8003892,2022,6,380,4
8003892,2022,6,760,2
8003892,2022,6,1140,1
8003892,2022,7,380,1
8003892,2022,8,380,2
8003892,2022,8,760,1
8003892,2022,9,380,2
8003892,2022,9,1520,1
8003892,2022,11,380,3
8003892,2022,11,760,1
8003892,2022,11,1900,1
8003892,2022,12,380,2
8003892,2023,1,380,4
8003892,2023,2,380,2
8003892,2023,2,1140,1
8003892,2023,2,1520,1
8003892,2023,3,380,2
8003892,2023,3,760,2
8003892,2023,6,380,1
8003892,2023,6,1900,1
8003892,2023,7,500,1
8003892,2023,7,1500,1
8003892,2023,10,500,1
8003892,2024,3,4000,1
8003892,2024,6,500,1
8003892,2024,8,500,1
8003892,2024,8,1000,1
8003892,2024,9,500,1
8003893,2022,4,420,1
8003893,2022,7,840,2
8003893,2023,1,420,1
8003893,2024,8,1650,1
8003893,2024,11,550,1
8003893,2024,12,4200,1
8003911,2022,2,150,1
8003911,2022,3,150,1
8003911,2022,5,150,1
8003951,2022,1,44,1
8003951,2022,2,860.2,1
8003951,2022,3,22,1
8003951,2022,4,22,2
8003951,2022,5,44,1
8003951,2022,6,44,1
8003951,2022,7,88,1
8003951,2023,5,88,1
8003951,2023,5,198,1
8003951,2023,5,2225.3,1
8003951,2023,6,22,1
8003951,2023,7,66,1
8003951,2023,7,88,1
8003951,2023,8,66,1
8003951,2023,11,22,2
8003951,2023,11,33,1
8003951,2023,12,22,1
8003951,2024,3,22,1
8003951,2024,3,132,1
8003951,2024,3,286,1
8003951,2024,3,1848,1
8003951,2024,5,22,1
8003951,2024,5,66,1
8003951,2024,10,22,1
8003951,2024,10,44,1
8003951,2024,11,88,1
8003957,2023,8,125,1
8003963,2022,3,520,1
8003963,2022,5,2957.5,1
8003963,2022,6,3285,1
8003963,2022,7,3947.5,2
8003963,2022,8,547.5,1
8003963,2022,8,1625,1
8003963,2022,8,2250,1
8003963,2022,9,15767.5,1
8003963,2022,12,8500,1
8003963,2023,4,6905,1
8003963,2023,11,1025,1
8003963,2024,2,3405,1
8003963,2024,3,2437.5,1
8003963,2024,4,31330,1
8003963,2024,6,325,1
8003963,2024,7,1400,1
8003963,2024,10,2700,1
8003963,2024,11,7205,1
8003963,2024,12,4127.5,1
8003963,2024,12,4687.5,1
8003966,2022,3,1000,1
8003966,2022,10,192,1
8003966,2022,12,96,1
8003973,2022,1,600,1
8003973,2022,1,10250,1
8003973,2022,1,19125,1
8003973,2022,2,25,1
8003973,2022,3,146815.35,1
8003973,2022,4,560.5,1
8003973,2022,11,500,1
8003973,2022,11,960,1
8003973,2022,11,1310,1
8003973,2022,12,150,1
8003973,2022,12,2500,1
8003973,2022,12,2800,1
8003973,2022,12,3425,1
8003973,2022,12,8975,1
8003973,2022,12,14425,1
8003973,2022,12,16000,1
8003973,2022,12,18612.5,1
8003973,2022,12,23625,1
8003973,2023,1,113.27,1
8003973,2023,6,200,1
8003973,2023,6,510,1
8003973,2023,6,1880,1
8003973,2023,6,2500,1
8003973,2023,8,28.4,1
8003973,2023,8,480,1
8003973,2023,8,20600,1
8003973,2023,9,18975,1
8003973,2023,10,22000,1
8003973,2023,11,44125,1
8003973,2023,12,50,1
8003973,2024,1,50,1
8003973,2024,1,630,1
8003973,2024,1,2070,1
8003973,2024,3,9725.14,1
8003973,2024,5,1650,1
8003973,2024,6,17300,1
8003973,2024,7,730,1
8003973,2024,9,10175,1
8003973,2024,10,620,1
8003973,2024,11,30200,1
8003974,2023,10,106000,1
8003974,2024,1,318000,1
8003974,2024,6,106000,1
8003975,2022,12,72,2
8003977,2022,1,400,1
8003977,2022,2,400,3
8003977,2022,3,400,5
8003977,2022,4,400,3
8003977,2022,6,400,1
8003977,2022,6,440.28,1
8003977,2022,10,400,1
8003977,2022,11,800,1
8003977,2022,11,3600,1
8003977,2023,1,2219,1
8003977,2023,2,8532,1
8003977,2023,5,2400,1
8003977,2023,6,3450,1
8003977,2024,7,16890,1
8003977,2024,11,9435,1
8003977,2024,12,400,1
8003980,2024,7,80154.12,1
8003980,2024,8,265801.85,1
8003981,2022,1,588.8,1
8003981,2022,5,1372.16,1
8003981,2022,6,400,1
8003981,2022,6,10240,1
8003981,2022,9,4480,1
8003981,2022,12,2176,1
8003983,2022,3,376,1
8003983,2023,3,47,1
8003983,2023,9,141,1
8003987,2022,2,2023.5,1
8003987,2022,5,643.2,1
8003989,2022,12,5910,1
8003989,2024,11,8058,1
8003991,2022,1,1104,1
8003991,2022,2,571.2,1
8003991,2022,2,10503.6,1
8003991,2022,3,9840,1
8003991,2022,8,399.96,1
8003991,2022,9,8400,1
8003991,2023,2,2100,1
8003991,2023,4,1846.8,1
8003991,2023,5,972,1
8003991,2023,9,954,1
8003991,2023,9,4584,1
8003991,2024,12,660,1
8003992,2022,3,1918.35,1
8003992,2022,6,591.3,1
8003992,2022,6,7200,1
8003992,2023,9,1272.15,1
8003996,2022,5,45000,1
8003999,2022,1,20000,1
8004003,2022,1,8935.2,1
8004003,2022,2,4539.6,1
8004003,2022,2,7743.6,1
8004003,2022,4,622.8,1
8004003,2022,4,3193.2,1
8004003,2022,4,10533.6,1
8004003,2022,5,7722,1
8004003,2022,5,11145.6,1
8004003,2022,6,1440,1
8004003,2022,7,432,1
8004003,2022,7,720,1
8004003,2022,8,1846.8,1
8004003,2022,9,3960,1
8004003,2022,11,5122.8,1
8004003,2023,4,486,1
8004003,2023,5,1440,1
8004003,2023,6,828,1
8004003,2023,8,399.96,1
8004003,2023,12,1144.8,1
8004003,2024,1,1152,1
8004003,2024,3,1152,1
8004003,2024,3,2484,1
8004003,2024,3,3510,1
8004003,2024,4,2880,1
8004003,2024,5,515.88,1
8004003,2024,5,936,1
8004003,2024,5,4561.2,1
8004003,2024,6,900,1
8004003,2024,6,1080,1
8004003,2024,7,1508.4,1
8004003,2024,8,622.8,1
8004003,2024,10,3888,1
8004003,2024,11,1508.4,1
8004004,2022,1,400,2
8004004,2022,6,400,1
8004004,2022,6,3947.5,1
8004004,2022,9,3200,1
8004004,2022,11,200,1
8004004,2022,12,400,1
8004015,2023,5,1800,1
8004032,2022,6,150,1
8004032,2022,7,150,1
8004032,2022,10,150,1
8004032,2022,11,150,1
8004032,2023,1,450,1
8004037,2022,1,288.72,16
8004037,2022,1,2887.2,3
8004037,2022,1,577.44,2
8004037,2022,1,1587.96,2
8004037,2022,1,2598.48,2
8004037,2022,1,2646.6,2
8004037,2022,1,2694.72,2
8004037,2022,1,2935.32,2
8004037,2022,1,3079.68,2
8004037,2022,1,3175.92,2
8004037,2022,1,3464.64,2
8004037,2022,1,4234.56,2
8004037,2022,1,4330.8,2
8004037,2022,1,4475.16,2
8004037,2022,1,4715.76,2
8004037,2022,1,866.16,1
8004037,2022,1,1347.36,1
8004037,2022,1,1732.32,1
8004037,2022,1,1899.74,1
8004037,2022,1,2165.4,1
8004037,2022,1,2357.88,1
8004037,2022,1,2502.24,1
8004037,2022,1,2790.96,1
8004037,2022,1,2839.08,1
8004037,2022,1,2983.44,1
8004037,2022,1,3031.56,1
8004037,2022,1,3224.04,1
8004037,2022,1,3272.16,1
8004037,2022,1,3320.28,1
8004037,2022,1,3416.52,1
8004037,2022,1,3849.04,1
8004037,2022,1,3849.6,1
8004037,2022,1,3852.31,1
8004037,2022,1,3945.84,1
8004037,2022,1,4042.08,1
8004037,2022,1,4138.32,1
8004037,2022,1,4186.44,1
8004037,2022,1,4282.68,1
8004037,2022,1,4427.04,1
8004037,2022,1,4523.28,1
8004037,2022,1,4619.52,1
8004037,2022,1,4812,1
8004037,2022,1,4860.12,1
8004037,2022,1,5148.84,1
8004037,2022,1,5918.76,1
8004037,2022,1,6111.24,1
8004037,2022,1,6736.8,1
8004037,2022,1,8036.04,1
8004037,2022,1,8084.16,1
8004037,2022,1,8180.4,1
8004037,2022,1,8757.84,1
8004037,2022,1,8805.96,1
8004037,2022,1,12944.28,1
8004037,2022,1,27091.56,1
8004037,2022,1,52787.64,1
8004037,2022,2,288.72,5
8004037,2022,2,2213.52,3
8004037,2022,2,1924.8,2
8004037,2022,2,2502.24,2
8004037,2022,2,2646.6,2
8004037,2022,2,2983.44,2
8004037,2022,2,3079.68,2
8004037,2022,2,4330.8,2
8004037,2022,2,0.56,1
8004037,2022,2,96,1
8004037,2022,2,577.44,1
8004037,2022,2,673.68,1
8004037,2022,2,1106.76,1
8004037,2022,2,1443.6,1
8004037,2022,2,1539.84,1
8004037,2022,2,1587.96,1
8004037,2022,2,1636.08,1
8004037,2022,2,1732.32,1
8004037,2022,2,1876.68,1
8004037,2022,2,1972.92,1
8004037,2022,2,2069.16,1
8004037,2022,2,2117.28,1
8004037,2022,2,2165.4,1
8004037,2022,2,2598.48,1
8004037,2022,2,2742.84,1
8004037,2022,2,2790.96,1
8004037,2022,2,3031.56,1
8004037,2022,2,3224.04,1
8004037,2022,2,3416.52,1
8004037,2022,2,3464.64,1
8004037,2022,2,3560.88,1
8004037,2022,2,3897.72,1
8004037,2022,2,4042.08,1
8004037,2022,2,4138.32,1
8004037,2022,2,4186.44,1
8004037,2022,2,4378.92,1
8004037,2022,2,4427.04,1
8004037,2022,2,4475.16,1
8004037,2022,2,4667.64,1
8004037,2022,2,4763.88,1
8004037,2022,2,4908.24,1
8004037,2022,2,5196.96,1
8004037,2022,2,5822.52,1
8004037,2022,2,5918.76,1
8004037,2022,2,6015,1
8004037,2022,2,6688.68,1
8004037,2022,2,6736.8,1
8004037,2022,2,6977.4,1
8004037,2022,2,7795.44,1
8004037,2022,2,8469.12,1
8004037,2022,2,9190.92,1
8004037,2022,2,9720.24,1
8004037,2022,2,13906.68,1
8004037,2022,2,15975.84,1
8004037,2022,2,23097.6,1
8004037,2022,2,35271.96,1
8004037,2022,3,288.72,5
8004037,2022,3,2983.44,5
8004037,2022,3,2117.28,4
8004037,2022,3,3031.56,4
8004037,2022,3,577.44,3
8004037,2022,3,2598.48,3
8004037,2022,3,384.96,2
8004037,2022,3,2502.24,2
8004037,2022,3,2935.32,2
8004037,2022,3,3609,2
8004037,2022,3,3657.12,2
8004037,2022,3,3897.72,2
8004037,2022,3,4090.2,2
8004037,2022,3,96.24,1
8004037,2022,3,433.08,1
8004037,2022,3,769.92,1
8004037,2022,3,818.04,1
8004037,2022,3,866.16,1
8004037,2022,3,1491.72,1
8004037,2022,3,1780.44,1
8004037,2022,3,2069.16,1
8004037,2022,3,2213.52,1
8004037,2022,3,2261.64,1
8004037,2022,3,2550.36,1
8004037,2022,3,2646.6,1
8004037,2022,3,2839.08,1
8004037,2022,3,3416.52,1
8004037,2022,3,3464.64,1
8004037,2022,3,3801.48,1
8004037,2022,3,3849.6,1
8004037,2022,3,3945.84,1
8004037,2022,3,4042.08,1
8004037,2022,3,4475.16,1
8004037,2022,3,4571.4,1
8004037,2022,3,4667.64,1
8004037,2022,3,4763.88,1
8004037,2022,3,4956.36,1
8004037,2022,3,5389.44,1
8004037,2022,3,5437.56,1
8004037,2022,3,5485.68,1
8004037,2022,3,6448.08,1
8004037,2022,3,6496.2,1
8004037,2022,3,6881.16,1
8004037,2022,3,8180.4,1
8004037,2022,3,8517.24,1
8004037,2022,3,9672.12,1
8004037,2022,3,10249.56,1
8004037,2022,3,10345.8,1
8004037,2022,3,10827,1
8004037,2022,3,10923.24,1
8004037,2022,3,11500.68,1
8004037,2022,3,11741.28,1
8004037,2022,3,12414.96,1
8004037,2022,3,13377.36,1
8004037,2022,3,13714.2,1
8004037,2022,3,13954.8,1
8004037,2022,3,14532.24,1
8004037,2022,3,16360.8,1
8004037,2022,3,16793.88,1
8004037,2022,3,17948.76,1
8004037,2022,3,18670.56,1
8004037,2022,3,25407.36,1
8004037,2022,3,26032.92,1
8004037,2022,3,36234.36,1
8004037,2022,4,2887.2,5
8004037,2022,4,2935.32,4
8004037,2022,4,4138.32,3
8004037,2022,4,2117.28,2
8004037,2022,4,2983.44,2
8004037,2022,4,3657.12,2
8004037,2022,4,4330.8,2
8004037,2022,4,5774.4,2
8004037,2022,4,9624,2
8004037,2022,4,144.36,1
8004037,2022,4,192.48,1
8004037,2022,4,288.72,1
8004037,2022,4,336.84,1
8004037,2022,4,384.96,1
8004037,2022,4,962.4,1
8004037,2022,4,1347.36,1
8004037,2022,4,1732.32,1
8004037,2022,4,1780.44,1
8004037,2022,4,1876.68,1
8004037,2022,4,2309.76,1
8004037,2022,4,2646.6,1
8004037,2022,4,2790.96,1
8004037,2022,4,3127.8,1
8004037,2022,4,3175.92,1
8004037,2022,4,3272.16,1
8004037,2022,4,3320.28,1
8004037,2022,4,3512.76,1
8004037,2022,4,3560.88,1
8004037,2022,4,3801.48,1
8004037,2022,4,3849.6,1
8004037,2022,4,3945.84,1
8004037,2022,4,4042.08,1
8004037,2022,4,4186.44,1
8004037,2022,4,4763.88,1
8004037,2022,4,4812,1
8004037,2022,4,5918.76,1
8004037,2022,4,5966.88,1
8004037,2022,4,6688.68,1
8004037,2022,4,6736.8,1
8004037,2022,4,6977.4,1
8004037,2022,4,7747.32,1
8004037,2022,4,8517.24,1
8004037,2022,4,9383.4,1
8004037,2022,4,10586.4,1
8004037,2022,4,12030,1
8004037,2022,4,16000,1
8004037,2022,4,16457.04,1
8004037,2022,4,17563.8,1
8004037,2022,4,18863.04,1
8004037,2022,4,120000,1
8004037,2022,5,2117.28,4
8004037,2022,5,2887.2,4
8004037,2022,5,2935.32,4
8004037,2022,5,2790.96,3
8004037,2022,5,2839.08,3
8004037,2022,5,4234.56,3
8004037,2022,5,9624,3
8004037,2022,5,96.24,2
8004037,2022,5,384.96,2
8004037,2022,5,433.08,2
8004037,2022,5,1347.36,2
8004037,2022,5,2021.04,2
8004037,2022,5,2309.76,2
8004037,2022,5,2598.48,2
8004037,2022,5,2742.84,2
8004037,2022,5,3512.76,2
8004037,2022,5,3753.36,2
8004037,2022,5,4427.04,2
8004037,2022,5,4475.16,2
8004037,2022,5,4667.64,2
8004037,2022,5,38.77,1
8004037,2022,5,144.36,1
8004037,2022,5,192.48,1
8004037,2022,5,288.72,1
8004037,2022,5,721.8,1
8004037,2022,5,769.92,1
8004037,2022,5,1058.64,1
8004037,2022,5,1106.76,1
8004037,2022,5,1251.12,1
8004037,2022,5,1395.48,1
8004037,2022,5,1636.08,1
8004037,2022,5,1924.8,1
8004037,2022,5,2069.16,1
8004037,2022,5,2165.4,1
8004037,2022,5,2213.52,1
8004037,2022,5,2646.6,1
8004037,2022,5,2694.72,1
8004037,2022,5,2983.44,1
8004037,2022,5,3127.8,1
8004037,2022,5,3175.92,1
8004037,2022,5,3224.04,1
8004037,2022,5,3272.16,1
8004037,2022,5,3464.64,1
8004037,2022,5,3849.6,1
8004037,2022,5,3945.84,1
8004037,2022,5,3993.96,1
8004037,2022,5,4138.32,1
8004037,2022,5,4186.44,1
8004037,2022,5,4330.8,1
8004037,2022,5,4715.76,1
8004037,2022,5,4729.01,1
8004037,2022,5,4860.12,1
8004037,2022,5,4956.36,1
8004037,2022,5,5100.72,1
8004037,2022,5,5148.84,1
8004037,2022,5,5581.92,1
8004037,2022,5,5822.52,1
8004037,2022,5,5870.64,1
8004037,2022,5,5966.88,1
8004037,2022,5,6881.16,1
8004037,2022,5,7891.68,1
8004037,2022,5,9046.56,1
8004037,2022,5,12270.6,1
8004037,2022,5,15711.28,1
8004037,2022,5,18285.6,1
8004037,2022,5,24348.72,1
8004037,2022,5,63229.68,1
8004037,2022,6,288.72,4
8004037,2022,6,1106.76,4
8004037,2022,6,3031.56,4
8004037,2022,6,3079.68,4
8004037,2022,6,2983.44,3
8004037,2022,6,192.48,2
8004037,2022,6,1154.88,2
8004037,2022,6,1203,2
8004037,2022,6,1299.24,2
8004037,2022,6,1587.96,2
8004037,2022,6,2261.64,2
8004037,2022,6,2790.96,2
8004037,2022,6,2839.08,2
8004037,2022,6,2887.2,2
8004037,2022,6,2935.32,2
8004037,2022,6,3897.72,2
8004037,2022,6,4090.2,2
8004037,2022,6,4427.04,2
8004037,2022,6,7169.88,2
8004037,2022,6,96.24,1
8004037,2022,6,481.2,1
8004037,2022,6,673.68,1
8004037,2022,6,769.92,1
8004037,2022,6,866.16,1
8004037,2022,6,962.4,1
8004037,2022,6,1205.82,1
8004037,2022,6,1636.08,1
8004037,2022,6,1684.2,1
8004037,2022,6,1924.8,1
8004037,2022,6,2069.16,1
8004037,2022,6,2117.28,1
8004037,2022,6,2165.4,1
8004037,2022,6,2454.12,1
8004037,2022,6,2502.24,1
8004037,2022,6,2550.36,1
8004037,2022,6,2598.48,1
8004037,2022,6,2742.84,1
8004037,2022,6,3272.16,1
8004037,2022,6,3320.28,1
8004037,2022,6,3368.4,1
8004037,2022,6,3464.64,1
8004037,2022,6,4042.08,1
8004037,2022,6,4186.44,1
8004037,2022,6,4282.68,1
8004037,2022,6,4475.16,1
8004037,2022,6,4523.28,1
8004037,2022,6,4667.64,1
8004037,2022,6,4812,1
8004037,2022,6,4860.12,1
8004037,2022,6,4908.24,1
8004037,2022,6,4956.36,1
8004037,2022,6,6015,1
8004037,2022,6,7458.6,1
8004037,2022,6,7602.96,1
8004037,2022,6,7747.32,1
8004037,2022,6,8228.52,1
8004037,2022,6,8517.24,1
8004037,2022,6,8998.44,1
8004037,2022,6,11356.32,1
8004037,2022,6,11404.44,1
8004037,2022,6,13040.52,1
8004037,2022,6,14436,1
8004037,2022,7,288.72,4
8004037,2022,7,2983.44,4
8004037,2022,7,9624,4
8004037,2022,7,3031.56,3
8004037,2022,7,4042.08,3
8004037,2022,7,4090.2,3
8004037,2022,7,1924.8,2
8004037,2022,7,2165.4,2
8004037,2022,7,2790.96,2
8004037,2022,7,2839.08,2
8004037,2022,7,2887.2,2
8004037,2022,7,2935.32,2
8004037,2022,7,3079.68,2
8004037,2022,7,4330.8,2
8004037,2022,7,96.24,1
8004037,2022,7,144.36,1
8004037,2022,7,192.48,1
8004037,2022,7,240.6,1
8004037,2022,7,769.92,1
8004037,2022,7,1106.76,1
8004037,2022,7,1443.6,1
8004037,2022,7,1539.84,1
8004037,2022,7,1636.08,1
8004037,2022,7,1681.38,1
8004037,2022,7,1684.2,1
8004037,2022,7,1732.32,1
8004037,2022,7,1828.56,1
8004037,2022,7,2117.28,1
8004037,2022,7,2261.64,1
8004037,2022,7,2502.24,1
8004037,2022,7,2646.6,1
8004037,2022,7,3175.92,1
8004037,2022,7,3560.88,1
8004037,2022,7,4282.68,1
8004037,2022,7,4378.92,1
8004037,2022,7,4523.28,1
8004037,2022,7,4667.64,1
8004037,2022,7,4715.76,1
8004037,2022,7,4745.59,1
8004037,2022,7,5004.48,1
8004037,2022,7,5293.2,1
8004037,2022,7,5485.68,1
8004037,2022,7,5630.04,1
8004037,2022,7,5678.16,1
8004037,2022,7,5774.4,1
8004037,2022,7,5966.88,1
8004037,2022,7,6207.48,1
8004037,2022,7,7939.8,1
8004037,2022,7,8084.16,1
8004037,2022,7,9647.7,1
8004037,2022,7,10249.56,1
8004037,2022,7,11067.6,1
8004037,2022,7,12126.24,1
8004037,2022,7,14628.48,1
8004037,2022,7,15013.44,1
8004037,2022,7,15639,1
8004037,2022,7,17611.92,1
8004037,2022,7,28872,1
8004037,2022,7,40444.5,1
8004037,2022,8,2935.32,10
8004037,2022,8,2887.2,7
8004037,2022,8,1828.56,4
8004037,2022,8,2983.44,3
8004037,2022,8,3801.48,3
8004037,2022,8,4090.2,3
8004037,2022,8,5774.4,3
8004037,2022,8,288.72,2
8004037,2022,8,384.96,2
8004037,2022,8,769.92,2
8004037,2022,8,1924.8,2
8004037,2022,8,3657.12,2
8004037,2022,8,4282.68,2
8004037,2022,8,4812,2
8004037,2022,8,4908.24,2
8004037,2022,8,5341.32,2
8004037,2022,8,8324.76,2
8004037,2022,8,48.12,1
8004037,2022,8,481.2,1
8004037,2022,8,962.4,1
8004037,2022,8,1972.92,1
8004037,2022,8,2646.6,1
8004037,2022,8,2839.08,1
8004037,2022,8,3320.28,1
8004037,2022,8,3512.76,1
8004037,2022,8,3945.84,1
8004037,2022,8,4042.08,1
8004037,2022,8,4186.44,1
8004037,2022,8,4378.92,1
8004037,2022,8,4523.28,1
8004037,2022,8,4667.64,1
8004037,2022,8,4860.12,1
8004037,2022,8,5100.72,1
8004037,2022,8,5966.88,1
8004037,2022,8,6015,1
8004037,2022,8,6640.56,1
8004037,2022,8,6833.04,1
8004037,2022,8,7410.48,1
8004037,2022,8,7506.72,1
8004037,2022,8,12030,1
8004037,2022,8,13521.72,1
8004037,2022,8,17948.76,1
8004037,2022,8,20980.32,1
8004037,2022,8,26369.76,1
8004037,2022,9,2935.32,6
8004037,2022,9,3031.56,4
8004037,2022,9,384.96,3
8004037,2022,9,3079.68,3
8004037,2022,9,3849.6,3
8004037,2022,9,769.92,2
8004037,2022,9,2117.28,2
8004037,2022,9,2839.08,2
8004037,2022,9,2983.44,2
8004037,2022,9,4138.32,2
8004037,2022,9,4619.52,2
8004037,2022,9,4908.24,2
8004037,2022,9,192.48,1
8004037,2022,9,577.44,1
8004037,2022,9,938.7,1
8004037,2022,9,962.4,1
8004037,2022,9,1010.52,1
8004037,2022,9,1347.36,1
8004037,2022,9,1443.6,1
8004037,2022,9,1732.32,1
8004037,2022,9,2021.04,1
8004037,2022,9,2069.16,1
8004037,2022,9,2165.4,1
8004037,2022,9,2213.52,1
8004037,2022,9,2454.12,1
8004037,2022,9,2646.6,1
8004037,2022,9,2790.96,1
8004037,2022,9,2887.2,1
8004037,2022,9,2983.02,1
8004037,2022,9,3175.92,1
8004037,2022,9,3224.04,1
8004037,2022,9,3320.28,1
8004037,2022,9,3609,1
8004037,2022,9,3657.12,1
8004037,2022,9,3705.24,1
8004037,2022,9,3897.72,1
8004037,2022,9,3945.84,1
8004037,2022,9,3993.96,1
8004037,2022,9,4330.98,1
8004037,2022,9,4475.16,1
8004037,2022,9,4571.4,1
8004037,2022,9,4763.88,1
8004037,2022,9,5245.08,1
8004037,2022,9,5437.56,1
8004037,2022,9,5774.4,1
8004037,2022,9,8469.12,1
8004037,2022,9,9094.68,1
8004037,2022,9,9479.64,1
8004037,2022,9,9575.88,1
8004037,2022,9,9624,1
8004037,2022,9,10008.96,1
8004037,2022,9,10778.88,1
8004037,2022,9,11115.72,1
8004037,2022,9,12222.48,1
8004037,2022,9,16023.96,1
8004037,2022,9,20595.36,1
8004037,2022,9,26321.64,1
8004037,2022,10,1972.92,2
8004037,2022,10,2065.6,2
8004037,2022,10,2213.52,2
8004037,2022,10,2220.52,2
8004037,2022,10,2983.44,2
8004037,2022,10,3031.56,2
8004037,2022,10,3201.68,2
8004037,2022,10,3253.32,2
8004037,2022,10,3304.96,2
8004037,2022,10,3356.6,2
8004037,2022,10,3563.16,2
8004037,2022,10,9624,2
8004037,2022,10,413.12,1
8004037,2022,10,1032.8,1
8004037,2022,10,1058.64,1
8004037,2022,10,1394.28,1
8004037,2022,10,1924.8,1
8004037,2022,10,2069.16,1
8004037,2022,10,2117.24,1
8004037,2022,10,2117.28,1
8004037,2022,10,2309.76,1
8004037,2022,10,2323.8,1
8004037,2022,10,2550.36,1
8004037,2022,10,2790.96,1
8004037,2022,10,2887.2,1
8004037,2022,10,3046.76,1
8004037,2022,10,3079.68,1
8004037,2022,10,3098.4,1
8004037,2022,10,3150.04,1
8004037,2022,10,3175.92,1
8004037,2022,10,3614.8,1
8004037,2022,10,3666.44,1
8004037,2022,10,3924.64,1
8004037,2022,10,3945.84,1
8004037,2022,10,3993.96,1
8004037,2022,10,4138.32,1
8004037,2022,10,4234.56,1
8004037,2022,10,4282.68,1
8004037,2022,10,4378.92,1
8004037,2022,10,4389.4,1
8004037,2022,10,4441.04,1
8004037,2022,10,4544.32,1
8004037,2022,10,4595.96,1
8004037,2022,10,4715.76,1
8004037,2022,10,4750.88,1
8004037,2022,10,5267.28,1
8004037,2022,10,5938.6,1
8004037,2022,10,6063.12,1
8004037,2022,10,7177.96,1
8004037,2022,10,7746,1
8004037,2022,10,9914.88,1
8004037,2022,10,10105.2,1
8004037,2022,10,10328,1
8004037,2022,10,10706.8,1
8004037,2022,10,11500.68,1
8004037,2022,10,11877.2,1
8004037,2022,10,12078.12,1
8004037,2022,10,13040.52,1
8004037,2022,10,14436,1
8004037,2022,10,14965.32,1
8004037,2022,10,17299.4,1
8004037,2022,10,29744.64,1
8004037,2022,10,47663.72,1
8004037,2022,11,3098.4,5
8004037,2022,11,3304.96,4
8004037,2022,11,3459.88,4
8004037,2022,11,288.72,3
8004037,2022,11,1032.8,3
8004037,2022,11,3718.08,3
8004037,2022,11,2021.04,2
8004037,2022,11,2168.88,2
8004037,2022,11,2375.44,2
8004037,2022,11,3150.04,2
8004037,2022,11,3356.6,2
8004037,2022,11,3408.24,2
8004037,2022,11,4182.84,2
8004037,2022,11,6196.8,2
8004037,2022,11,10069.8,2
8004037,2022,11,309.84,1
8004037,2022,11,481.2,1
8004037,2022,11,774.6,1
8004037,2022,11,818.04,1
8004037,2022,11,1239.36,1
8004037,2022,11,1291,1
8004037,2022,11,1342.64,1
8004037,2022,11,1394.28,1
8004037,2022,11,1828.56,1
8004037,2022,11,1910.68,1
8004037,2022,11,1924.8,1
8004037,2022,11,2117.24,1
8004037,2022,11,2220.52,1
8004037,2022,11,2309.76,1
8004037,2022,11,2427.08,1
8004037,2022,11,2502.24,1
8004037,2022,11,2550.36,1
8004037,2022,11,2582,1
8004037,2022,11,2633.64,1
8004037,2022,11,2685.28,1
8004037,2022,11,2790.96,1
8004037,2022,11,2887.2,1
8004037,2022,11,2983.44,1
8004037,2022,11,2995.12,1
8004037,2022,11,3046.76,1
8004037,2022,11,3127.8,1
8004037,2022,11,3201.68,1
8004037,2022,11,3253.32,1
8004037,2022,11,3512.76,1
8004037,2022,11,3560.88,1
8004037,2022,11,3614.8,1
8004037,2022,11,3873,1
8004037,2022,11,3924.64,1
8004037,2022,11,4131.2,1
8004037,2022,11,4234.56,1
8004037,2022,11,4337.76,1
8004037,2022,11,4378.92,1
8004037,2022,11,4389.4,1
8004037,2022,11,4427.04,1
8004037,2022,11,4475.16,1
8004037,2022,11,5164,1
8004037,2022,11,5525.48,1
8004037,2022,11,5628.76,1
8004037,2022,11,5726.28,1
8004037,2022,11,5774.4,1
8004037,2022,11,6063.12,1
8004037,2022,11,6764.84,1
8004037,2022,11,7694.36,1
8004037,2022,11,7952.56,1
8004037,2022,11,8107.48,1
8004037,2022,11,8262.4,1
8004037,2022,11,8314.04,1
8004037,2022,11,9398.48,1
8004037,2022,11,10018.16,1
8004037,2022,11,10249.56,1
8004037,2022,11,11515.72,1
8004037,2022,11,11693.16,1
8004037,2022,11,11980.48,1
8004037,2022,11,12703.44,1
8004037,2022,11,13736.24,1
8004037,2022,11,14407.56,1
8004037,2022,11,15337.08,1
8004037,2022,11,17351.04,1
8004037,2022,11,21365.28,1
8004037,2022,11,32384.76,1
8004037,2022,11,34960.28,1
8004037,2022,11,45030.08,1
8004037,2022,12,3304.96,6
8004037,2022,12,3356.6,4
8004037,2022,12,3511.52,4
8004037,2022,12,962.4,3
8004037,2022,12,2375.44,3
8004037,2022,12,2427.08,3
8004037,2022,12,2891.84,3
8004037,2022,12,3718.08,3
8004037,2022,12,1539.84,2
8004037,2022,12,2272.16,2
8004037,2022,12,2323.8,2
8004037,2022,12,2840.2,2
8004037,2022,12,2943.48,2
8004037,2022,12,2995.12,2
8004037,2022,12,4131.2,2
8004037,2022,12,4234.48,2
8004037,2022,12,4286.12,2
8004037,2022,12,154.92,1
8004037,2022,12,192.48,1
8004037,2022,12,240.6,1
8004037,2022,12,288.72,1
8004037,2022,12,577.44,1
8004037,2022,12,1032.8,1
8004037,2022,12,1058.64,1
8004037,2022,12,1251.12,1
8004037,2022,12,1443.6,1
8004037,2022,12,1755.76,1
8004037,2022,12,1924.8,1
8004037,2022,12,1962.32,1
8004037,2022,12,2065.6,1
8004037,2022,12,2117.24,1
8004037,2022,12,2168.88,1
8004037,2022,12,2261.64,1
8004037,2022,12,2309.76,1
8004037,2022,12,2582,1
8004037,2022,12,2633.64,1
8004037,2022,12,2685.28,1
8004037,2022,12,2788.56,1
8004037,2022,12,3046.76,1
8004037,2022,12,3079.68,1
8004037,2022,12,3150.04,1
8004037,2022,12,3201.68,1
8004037,2022,12,3459.88,1
8004037,2022,12,3666.44,1
8004037,2022,12,3821.36,1
8004037,2022,12,3849.6,1
8004037,2022,12,3976.28,1
8004037,2022,12,4090.2,1
8004037,2022,12,4296.45,1
8004037,2022,12,4337.76,1
8004037,2022,12,4441.04,1
8004037,2022,12,4475.16,1
8004037,2022,12,4562.4,1
8004037,2022,12,4595.96,1
8004037,2022,12,5060.72,1
8004037,2022,12,5112.36,1
8004037,2022,12,5164,1
8004037,2022,12,5215.64,1
8004037,2022,12,5680.4,1
8004037,2022,12,5732.04,1
8004037,2022,12,5774.4,1
8004037,2022,12,5783.68,1
8004037,2022,12,5822.52,1
8004037,2022,12,5886.96,1
8004037,2022,12,5990.24,1
8004037,2022,12,6196.8,1
8004037,2022,12,6496.2,1
8004037,2022,12,7487.8,1
8004037,2022,12,7900.92,1
8004037,2022,12,8468.96,1
8004037,2022,12,8830.44,1
8004037,2022,12,8933.72,1
8004037,2022,12,9295.2,1
8004037,2022,12,9398.48,1
8004037,2022,12,9624,1
8004037,2022,12,10057.08,1
8004037,2022,12,10153.32,1
8004037,2022,12,11360.8,1
8004037,2022,12,11437.6,1
8004037,2022,12,11619,1
8004037,2022,12,11825.56,1
8004037,2022,12,17196.12,1
8004037,2022,12,19248,1
8004037,2022,12,19536.72,1
8004037,2022,12,19674.84,1
8004037,2022,12,21846.48,1
8004037,2022,12,24060,1
8004037,2022,12,44616.96,1
8004037,2022,12,118556.4,1
8004037,2023,1,3201.68,4
8004037,2023,1,2685.28,3
8004037,2023,1,3356.6,3
8004037,2023,1,3304.96,2
8004037,2023,1,3666.44,2
8004037,2023,1,4286.12,2
8004037,2023,1,4441.04,2
8004037,2023,1,4492.68,2
8004037,2023,1,6145.16,2
8004037,2023,1,516.4,1
8004037,2023,1,568.04,1
8004037,2023,1,1032.8,1
8004037,2023,1,1187.72,1
8004037,2023,1,1342.64,1
8004037,2023,1,1445.92,1
8004037,2023,1,1859.04,1
8004037,2023,1,1962.32,1
8004037,2023,1,2069.16,1
8004037,2023,1,2117.24,1
8004037,2023,1,2168.88,1
8004037,2023,1,2220.52,1
8004037,2023,1,2261.64,1
8004037,2023,1,2375.44,1
8004037,2023,1,2427.08,1
8004037,2023,1,2530.36,1
8004037,2023,1,2633.64,1
8004037,2023,1,2736.92,1
8004037,2023,1,2995.12,1
8004037,2023,1,3150.04,1
8004037,2023,1,3253.32,1
8004037,2023,1,3459.88,1
8004037,2023,1,3614.8,1
8004037,2023,1,3873,1
8004037,2023,1,3924.64,1
8004037,2023,1,3976.28,1
8004037,2023,1,4337.76,1
8004037,2023,1,4595.96,1
8004037,2023,1,4647.6,1
8004037,2023,1,4802.52,1
8004037,2023,1,4957.44,1
8004037,2023,1,5267.28,1
8004037,2023,1,5783.68,1
8004037,2023,1,5938.6,1
8004037,2023,1,6093.52,1
8004037,2023,1,6609.92,1
8004037,2023,1,6713.2,1
8004037,2023,1,7746,1
8004037,2023,1,7952.56,1
8004037,2023,1,8004.2,1
8004037,2023,1,8468.96,1
8004037,2023,1,9553.4,1
8004037,2023,1,10482.92,1
8004037,2023,1,11670.64,1
8004037,2023,1,12187.04,1
8004037,2023,1,12238.68,1
8004037,2023,1,12961.64,1
8004037,2023,1,13787.88,1
8004037,2023,1,13891.16,1
8004037,2023,1,14304.28,1
8004037,2023,1,14436,1
8004037,2023,1,17660.88,1
8004037,2023,1,21017.48,1
8004037,2023,1,22411.76,1
8004037,2023,1,25303.6,1
8004037,2023,1,40847.24,1
8004037,2023,1,56132.68,1
8004037,2023,2,3356.6,5
8004037,2023,2,929.52,4
8004037,2023,2,2065.6,4
8004037,2023,2,2478.72,4
8004037,2023,2,1239.36,3
8004037,2023,2,2427.08,3
8004037,2023,2,2685.28,3
8004037,2023,2,3098.4,3
8004037,2023,2,3511.52,3
8004037,2023,2,3614.8,3
8004037,2023,2,6196.8,3
8004037,2023,2,6506.64,3
8004037,2023,2,1652.48,2
8004037,2023,2,1755.76,2
8004037,2023,2,2272.16,2
8004037,2023,2,2530.36,2
8004037,2023,2,2995.12,2
8004037,2023,2,3408.24,2
8004037,2023,2,3563.16,2
8004037,2023,2,4079.56,2
8004037,2023,2,4492.68,2
8004037,2023,2,4750.88,2
8004037,2023,2,4812,2
8004037,2023,2,5164,2
8004037,2023,2,309.84,1
8004037,2023,2,384.96,1
8004037,2023,2,413.12,1
8004037,2023,2,516.4,1
8004037,2023,2,577.44,1
8004037,2023,2,826.24,1
8004037,2023,2,1032.8,1
8004037,2023,2,1549.2,1
8004037,2023,2,1732.32,1
8004037,2023,2,2375.44,1
8004037,2023,2,2788.56,1
8004037,2023,2,2887.2,1
8004037,2023,2,2891.84,1
8004037,2023,2,3150.04,1
8004037,2023,2,3253.32,1
8004037,2023,2,3272.16,1
8004037,2023,2,3304.96,1
8004037,2023,2,3666.44,1
8004037,2023,2,3849.6,1
8004037,2023,2,3924.64,1
8004037,2023,2,4182.84,1
8004037,2023,2,4234.48,1
8004037,2023,2,4234.56,1
8004037,2023,2,4286.12,1
8004037,2023,2,4337.76,1
8004037,2023,2,4389.4,1
8004037,2023,2,4427.04,1
8004037,2023,2,4544.32,1
8004037,2023,2,4957.44,1
8004037,2023,2,5009.08,1
8004037,2023,2,5060.72,1
8004037,2023,2,5112.36,1
8004037,2023,2,5267.28,1
8004037,2023,2,5318.92,1
8004037,2023,2,5525.48,1
8004037,2023,2,5628.76,1
8004037,2023,2,5783.68,1
8004037,2023,2,5990.24,1
8004037,2023,2,6041.88,1
8004037,2023,2,6093.52,1
8004037,2023,2,6455,1
8004037,2023,2,6736.8,1
8004037,2023,2,6929.28,1
8004037,2023,2,7023.04,1
8004037,2023,2,7797.64,1
8004037,2023,2,8520.6,1
8004037,2023,2,8675.52,1
8004037,2023,2,8830.44,1
8004037,2023,2,9450.12,1
8004037,2023,2,10069.8,1
8004037,2023,2,10999.32,1
8004037,2023,2,11067.6,1
8004037,2023,2,11205.88,1
8004037,2023,2,11360.8,1
8004037,2023,2,12083.76,1
8004037,2023,2,13064.92,1
8004037,2023,2,14355.92,1
8004037,2023,2,14436,1
8004037,2023,2,15027.24,1
8004037,2023,2,18590.4,1
8004037,2023,2,45236.64,1
8004037,2023,3,3356.6,4
8004037,2023,3,1032.8,3
8004037,2023,3,4905.8,3
8004037,2023,3,5009.08,3
8004037,2023,3,5577.12,3
8004037,2023,3,103.28,2
8004037,2023,3,413.12,2
8004037,2023,3,2117.24,2
8004037,2023,3,2788.56,2
8004037,2023,3,2840.2,2
8004037,2023,3,2995.12,2
8004037,2023,3,3201.68,2
8004037,2023,3,3511.52,2
8004037,2023,3,3769.72,2
8004037,2023,3,3873,2
8004037,2023,3,4131.2,2
8004037,2023,3,4802.52,2
8004037,2023,3,9140.28,2
8004037,2023,3,309.84,1
8004037,2023,3,464.76,1
8004037,2023,3,619.68,1
8004037,2023,3,757.5,1
8004037,2023,3,826.24,1
8004037,2023,3,929.52,1
8004037,2023,3,981.16,1
8004037,2023,3,1239.36,1
8004037,2023,3,1342.64,1
8004037,2023,3,1652.48,1
8004037,2023,3,1962.32,1
8004037,2023,3,2065.6,1
8004037,2023,3,2168.88,1
8004037,2023,3,2323.8,1
8004037,2023,3,2427.08,1
8004037,2023,3,2633.64,1
8004037,2023,3,2891.84,1
8004037,2023,3,2943.48,1
8004037,2023,3,3150.04,1
8004037,2023,3,3266.56,1
8004037,2023,3,3408.24,1
8004037,2023,3,3459.88,1
8004037,2023,3,3614.8,1
8004037,2023,3,3666.44,1
8004037,2023,3,3718.08,1
8004037,2023,3,4389.4,1
8004037,2023,3,4441.04,1
8004037,2023,3,4854.16,1
8004037,2023,3,5267.28,1
8004037,2023,3,6351.72,1
8004037,2023,3,6403.36,1
8004037,2023,3,6558.28,1
8004037,2023,3,7177.96,1
8004037,2023,3,7314.24,1
8004037,2023,3,7849.28,1
8004037,2023,3,7900.92,1
8004037,2023,3,8159.12,1
8004037,2023,3,8365.68,1
8004037,2023,3,9450.12,1
8004037,2023,3,10328,1
8004037,2023,3,13787.88,1
8004037,2023,3,20139.6,1
8004037,2023,3,63310.64,1
8004037,2023,3,224427.44,1
8004037,2023,3,442658.08,1
8004037,2023,4,3356.6,3
8004037,2023,4,2340,2
8004037,2023,4,2392,2
8004037,2023,4,2478.72,2
8004037,2023,4,3046.76,2
8004037,2023,4,3253.32,2
8004037,2023,4,3276,2
8004037,2023,4,3304.96,2
8004037,2023,4,3432,2
8004037,2023,4,5577.12,2
8004037,2023,4,309.84,1
8004037,2023,4,520,1
8004037,2023,4,988,1
8004037,2023,4,2065.6,1
8004037,2023,4,2132,1
8004037,2023,4,2272.16,1
8004037,2023,4,2323.8,1
8004037,2023,4,2912,1
8004037,2023,4,2935.32,1
8004037,2023,4,3068,1
8004037,2023,4,3120,1
8004037,2023,4,3150.04,1
8004037,2023,4,3201.68,1
8004037,2023,4,3224,1
8004037,2023,4,3380,1
8004037,2023,4,3459.88,1
8004037,2023,4,3575.26,1
8004037,2023,4,3614.8,1
8004037,2023,4,3640,1
8004037,2023,4,3692,1
8004037,2023,4,3744,1
8004037,2023,4,3821.36,1
8004037,2023,4,4234.48,1
8004037,2023,4,4286.12,1
8004037,2023,4,4316,1
8004037,2023,4,4337.76,1
8004037,2023,4,4368,1
8004037,2023,4,4544.32,1
8004037,2023,4,4595.96,1
8004037,2023,4,4750.88,1
8004037,2023,4,4784,1
8004037,2023,4,4905.8,1
8004037,2023,4,5096,1
8004037,2023,4,5200,1
8004037,2023,4,5267.28,1
8004037,2023,4,5304,1
8004037,2023,4,5356,1
8004037,2023,4,5408,1
8004037,2023,4,5564,1
8004037,2023,4,5835.32,1
8004037,2023,4,6136,1
8004037,2023,4,6760,1
8004037,2023,4,7384,1
8004037,2023,4,7436.16,1
8004037,2023,4,7748,1
8004037,2023,4,8210.76,1
8004037,2023,4,9398.48,1
8004037,2023,4,12290.32,1
8004037,2023,4,13305.28,1
8004037,2023,4,20191.24,1
8004037,2023,4,20965.84,1
8004037,2023,4,22928.16,1
8004037,2023,4,30680,1
8004037,2023,4,45959.6,1
8004037,2023,5,2496,7
8004037,2023,5,2548,6
8004037,2023,5,1872,5
8004037,2023,5,3380,4
8004037,2023,5,3432,4
8004037,2023,5,2080,3
8004037,2023,5,2236,3
8004037,2023,5,5200,3
8004037,2023,5,5460,3
8004037,2023,5,520,2
8004037,2023,5,832,2
8004037,2023,5,1040,2
8004037,2023,5,2065.6,2
8004037,2023,5,2184,2
8004037,2023,5,2444,2
8004037,2023,5,2582,2
8004037,2023,5,2600,2
8004037,2023,5,3016,2
8004037,2023,5,3172,2
8004037,2023,5,3276,2
8004037,2023,5,3328,2
8004037,2023,5,3484,2
8004037,2023,5,3536,2
8004037,2023,5,3640,2
8004037,2023,5,3692,2
8004037,2023,5,3744,2
8004037,2023,5,3900,2
8004037,2023,5,4056,2
8004037,2023,5,4108,2
8004037,2023,5,4732,2
8004037,2023,5,6240,2
8004037,2023,5,6506.64,2
8004037,2023,5,7072,2
8004037,2023,5,7176,2
8004037,2023,5,12480,2
8004037,2023,5,104,1
8004037,2023,5,156,1
8004037,2023,5,312,1
8004037,2023,5,624,1
8004037,2023,5,728,1
8004037,2023,5,936,1
8004037,2023,5,1084.44,1
8004037,2023,5,1092,1
8004037,2023,5,1300,1
8004037,2023,5,1352,1
8004037,2023,5,1404,1
8004037,2023,5,1468.74,1
8004037,2023,5,1976,1
8004037,2023,5,2028,1
8004037,2023,5,2220.52,1
8004037,2023,5,2288,1
8004037,2023,5,2375.44,1
8004037,2023,5,2652,1
8004037,2023,5,2964,1
8004037,2023,5,3098.4,1
8004037,2023,5,3120,1
8004037,2023,5,3253.32,1
8004037,2023,5,3459.88,1
8004037,2023,5,3753.36,1
8004037,2023,5,3848,1
8004037,2023,5,3952,1
8004037,2023,5,4160,1
8004037,2023,5,4182.84,1
8004037,2023,5,4264,1
8004037,2023,5,4368,1
8004037,2023,5,4524,1
8004037,2023,5,4784,1
8004037,2023,5,4836,1
8004037,2023,5,4992,1
8004037,2023,5,5060.72,1
8004037,2023,5,5096,1
8004037,2023,5,5112.36,1
8004037,2023,5,5148,1
8004037,2023,5,5267.28,1
8004037,2023,5,5304,1
8004037,2023,5,5356,1
8004037,2023,5,5408,1
8004037,2023,5,5564,1
8004037,2023,5,5616,1
8004037,2023,5,5876,1
8004037,2023,5,5886.96,1
8004037,2023,5,5928,1
8004037,2023,5,6084,1
8004037,2023,5,6136,1
8004037,2023,5,6344,1
8004037,2023,5,7177.96,1
8004037,2023,5,8112,1
8004037,2023,5,8528,1
8004037,2023,5,8996,1
8004037,2023,5,9346.84,1
8004037,2023,5,10224.72,1
8004037,2023,5,10504,1
8004037,2023,5,11877.2,1
8004037,2023,5,12792,1
8004037,2023,5,13323.12,1
8004037,2023,5,16276,1
8004037,2023,5,17764.16,1
8004037,2023,5,17992,1
8004037,2023,5,18564,1
8004037,2023,6,2860,4
8004037,2023,6,3640,4
8004037,2023,6,3536,3
8004037,2023,6,3588,3
8004037,2023,6,3692,3
8004037,2023,6,2704,2
8004037,2023,6,3224,2
8004037,2023,6,3276,2
8004037,2023,6,3328,2
8004037,2023,6,3380,2
8004037,2023,6,3432,2
8004037,2023,6,3484,2
8004037,2023,6,4420,2
8004037,2023,6,5824,2
8004037,2023,6,6968,2
8004037,2023,6,52,1
8004037,2023,6,312,1
8004037,2023,6,416,1
8004037,2023,6,624,1
8004037,2023,6,832,1
8004037,2023,6,1456,1
8004037,2023,6,1612,1
8004037,2023,6,1768,1
8004037,2023,6,1872,1
8004037,2023,6,2340,1
8004037,2023,6,2444,1
8004037,2023,6,2548,1
8004037,2023,6,2736.92,1
8004037,2023,6,2943.48,1
8004037,2023,6,2964,1
8004037,2023,6,3016,1
8004037,2023,6,3172,1
8004037,2023,6,3848,1
8004037,2023,6,3952,1
8004037,2023,6,4056,1
8004037,2023,6,4108,1
8004037,2023,6,4160,1
8004037,2023,6,4264,1
8004037,2023,6,4316,1
8004037,2023,6,4472,1
8004037,2023,6,4524,1
8004037,2023,6,4576,1
8004037,2023,6,4732,1
8004037,2023,6,4888,1
8004037,2023,6,5096,1
8004037,2023,6,5148,1
8004037,2023,6,5460,1
8004037,2023,6,5512,1
8004037,2023,6,5564,1
8004037,2023,6,5668,1
8004037,2023,6,5928,1
8004037,2023,6,6764.84,1
8004037,2023,6,7332,1
8004037,2023,6,7436,1
8004037,2023,6,7852,1
8004037,2023,6,8675.52,1
8004037,2023,6,8944,1
8004037,2023,6,9204,1
8004037,2023,6,9412,1
8004037,2023,6,10920,1
8004037,2023,6,11050.96,1
8004037,2023,6,12948,1
8004037,2023,6,15912,1
8004037,2023,6,16057.6,1
8004037,2023,7,2496,5
8004037,2023,7,2548,4
8004037,2023,7,1976,3
8004037,2023,7,3016,3
8004037,2023,7,3380,3
8004037,2023,7,3484,3
8004037,2023,7,3744,3
8004037,2023,7,6448,3
8004037,2023,7,312,2
8004037,2023,7,2444,2
8004037,2023,7,2652,2
8004037,2023,7,2912,2
8004037,2023,7,3692,2
8004037,2023,7,3848,2
8004037,2023,7,4264,2
8004037,2023,7,4576,2
8004037,2023,7,11440,2
8004037,2023,7,520,1
8004037,2023,7,624,1
8004037,2023,7,832,1
8004037,2023,7,936,1
8004037,2023,7,1092,1
8004037,2023,7,1248,1
8004037,2023,7,1404,1
8004037,2023,7,1456,1
8004037,2023,7,1664,1
8004037,2023,7,1768,1
8004037,2023,7,1872,1
8004037,2023,7,2080,1
8004037,2023,7,2184,1
8004037,2023,7,2340,1
8004037,2023,7,2600,1
8004037,2023,7,2808,1
8004037,2023,7,2860,1
8004037,2023,7,3068,1
8004037,2023,7,3224,1
8004037,2023,7,3276,1
8004037,2023,7,3432,1
8004037,2023,7,3536,1
8004037,2023,7,3640,1
8004037,2023,7,3796,1
8004037,2023,7,4182.84,1
8004037,2023,7,4420,1
8004037,2023,7,4472,1
8004037,2023,7,4524,1
8004037,2023,7,4628,1
8004037,2023,7,4680,1
8004037,2023,7,4888,1
8004037,2023,7,4992,1
8004037,2023,7,5044,1
8004037,2023,7,5060.72,1
8004037,2023,7,5304,1
8004037,2023,7,5512,1
8004037,2023,7,5564,1
8004037,2023,7,5876,1
8004037,2023,7,6240,1
8004037,2023,7,6292,1
8004037,2023,7,6656,1
8004037,2023,7,6708,1
8004037,2023,7,6864,1
8004037,2023,7,8268,1
8004037,2023,7,8424,1
8004037,2023,7,8736,1
8004037,2023,7,9464,1
8004037,2023,7,9575.88,1
8004037,2023,7,9620,1
8004037,2023,7,10400,1
8004037,2023,7,10452,1
8004037,2023,7,11284,1
8004037,2023,7,11648,1
8004037,2023,7,12480,1
8004037,2023,7,14664,1
8004037,2023,7,15808,1
8004037,2023,7,15964,1
8004037,2023,7,21684,1
8004037,2023,7,23452,1
8004037,2023,7,27456,1
8004037,2023,7,28184,1
8004037,2023,7,39208,1
8004037,2023,8,2496,5
8004037,2023,8,3432,5
8004037,2023,8,3588,5
8004037,2023,8,2704,3
8004037,2023,8,2912,3
8004037,2023,8,3120,3
8004037,2023,8,3328,3
8004037,2023,8,3380,3
8004037,2023,8,3848,3
8004037,2023,8,416,2
8004037,2023,8,1300,2
8004037,2023,8,2184,2
8004037,2023,8,2288,2
8004037,2023,8,2548,2
8004037,2023,8,3016,2
8004037,2023,8,3172,2
8004037,2023,8,3224,2
8004037,2023,8,3744,2
8004037,2023,8,3900,2
8004037,2023,8,4628,2
8004037,2023,8,5044,2
8004037,2023,8,5096,2
8004037,2023,8,5928,2
8004037,2023,8,6760,2
8004037,2023,8,9464,2
8004037,2023,8,10920,2
8004037,2023,8,309.84,1
8004037,2023,8,468,1
8004037,2023,8,832,1
8004037,2023,8,1040,1
8004037,2023,8,1136.08,1
8004037,2023,8,1196,1
8004037,2023,8,1248,1
8004037,2023,8,1352,1
8004037,2023,8,1404,1
8004037,2023,8,1976,1
8004037,2023,8,2340,1
8004037,2023,8,2392,1
8004037,2023,8,2756,1
8004037,2023,8,2891.84,1
8004037,2023,8,3304.96,1
8004037,2023,8,3484,1
8004037,2023,8,3536,1
8004037,2023,8,3640,1
8004037,2023,8,3692,1
8004037,2023,8,3952,1
8004037,2023,8,4108,1
8004037,2023,8,4160,1
8004037,2023,8,4212,1
8004037,2023,8,4264,1
8004037,2023,8,4420,1
8004037,2023,8,4472,1
8004037,2023,8,4524,1
8004037,2023,8,4576,1
8004037,2023,8,4674.17,1
8004037,2023,8,4732,1
8004037,2023,8,4784,1
8004037,2023,8,5304,1
8004037,2023,8,5356,1
8004037,2023,8,6084,1
8004037,2023,8,6708,1
8004037,2023,8,6864,1
8004037,2023,8,7696,1
8004037,2023,8,7904,1
8004037,2023,8,8164,1
8004037,2023,8,9152,1
8004037,2023,8,9984,1
8004037,2023,8,11284,1
8004037,2023,8,11700,1
8004037,2023,8,12376,1
8004037,2023,8,13000,1
8004037,2023,8,17420,1
8004037,2023,8,17680,1
8004037,2023,8,20800,1
8004037,2023,8,35516,1
8004037,2023,8,41600,1
8004037,2023,8,46384,1
8004037,2023,9,3640,5
8004037,2023,9,3068,3
8004037,2023,9,3120,3
8004037,2023,9,3692,3
8004037,2023,9,5304,3
8004037,2023,9,312,2
8004037,2023,9,2184,2
8004037,2023,9,2392,2
8004037,2023,9,3536,2
8004037,2023,9,3744,2
8004037,2023,9,3848,2
8004037,2023,9,3952,2
8004037,2023,9,4108,2
8004037,2023,9,5200,2
8004037,2023,9,10400,2
8004037,2023,9,57.83,1
8004037,2023,9,104,1
8004037,2023,9,520,1
8004037,2023,9,780,1
8004037,2023,9,1040,1
8004037,2023,9,1716,1
8004037,2023,9,1768,1
8004037,2023,9,2132,1
8004037,2023,9,2236,1
8004037,2023,9,2340,1
8004037,2023,9,2444,1
8004037,2023,9,2600,1
8004037,2023,9,2704,1
8004037,2023,9,2808,1
8004037,2023,9,3172,1
8004037,2023,9,3224,1
8004037,2023,9,3276,1
8004037,2023,9,3380,1
8004037,2023,9,3432,1
8004037,2023,9,3588,1
8004037,2023,9,3900,1
8004037,2023,9,4160,1
8004037,2023,9,4212,1
8004037,2023,9,4264,1
8004037,2023,9,4368,1
8004037,2023,9,4472,1
8004037,2023,9,4524,1
8004037,2023,9,4680,1
8004037,2023,9,4940,1
8004037,2023,9,5044,1
8004037,2023,9,5616,1
8004037,2023,9,5772,1
8004037,2023,9,6344,1
8004037,2023,9,6500,1
8004037,2023,9,7280,1
8004037,2023,9,7696,1
8004037,2023,9,9776,1
8004037,2023,9,9914.88,1
8004037,2023,9,10452,1
8004037,2023,9,10712,1
8004037,2023,9,11655.89,1
8004037,2023,9,15028,1
8004037,2023,9,16068,1
8004037,2023,9,18876,1
8004037,2023,9,22880,1
8004037,2023,9,28756,1
8004037,2023,9,48984,1
8004037,2023,9,64428,1
8004037,2023,10,5200,4
8004037,2023,10,10400,4
8004037,2023,10,1040,3
8004037,2023,10,3380,3
8004037,2023,10,3484,3
8004037,2023,10,2236,2
8004037,2023,10,3328,2
8004037,2023,10,3745,2
8004037,2023,10,3798.5,2
8004037,2023,10,3959,2
8004037,2023,10,4226.5,2
8004037,2023,10,4420,2
8004037,2023,10,4708,2
8004037,2023,10,5564,2
8004037,2023,10,6708,2
8004037,2023,10,214,1
8004037,2023,10,588.5,1
8004037,2023,10,1070,1
8004037,2023,10,1284,1
8004037,2023,10,1337.5,1
8004037,2023,10,1498,1
8004037,2023,10,1872,1
8004037,2023,10,1926,1
8004037,2023,10,2080,1
8004037,2023,10,2086.5,1
8004037,2023,10,2168.88,1
8004037,2023,10,2288,1
8004037,2023,10,2300.5,1
8004037,2023,10,2340,1
8004037,2023,10,2444,1
8004037,2023,10,2461,1
8004037,2023,10,2496,1
8004037,2023,10,2704,1
8004037,2023,10,2756,1
8004037,2023,10,2889,1
8004037,2023,10,2942.5,1
8004037,2023,10,3424,1
8004037,2023,10,3477.5,1
8004037,2023,10,3536,1
8004037,2023,10,3584.5,1
8004037,2023,10,3640,1
8004037,2023,10,3691.5,1
8004037,2023,10,3900,1
8004037,2023,10,3952,1
8004037,2023,10,4066,1
8004037,2023,10,4119.5,1
8004037,2023,10,4173,1
8004037,2023,10,4387,1
8004037,2023,10,4472,1
8004037,2023,10,4732,1
8004037,2023,10,4761.5,1
8004037,2023,10,4836,1
8004037,2023,10,4888,1
8004037,2023,10,4975.5,1
8004037,2023,10,5356,1
8004037,2023,10,5724.5,1
8004037,2023,10,6292,1
8004037,2023,10,6420,1
8004037,2023,10,6473.5,1
8004037,2023,10,6741,1
8004037,2023,10,7436.5,1
8004037,2023,10,7800,1
8004037,2023,10,8944,1
8004037,2023,10,9464,1
8004037,2023,10,10646.5,1
8004037,2023,10,10700,1
8004037,2023,10,11232,1
8004037,2023,10,11544,1
8004037,2023,10,11752,1
8004037,2023,10,13520,1
8004037,2023,10,18460,1
8004037,2023,10,20800,1
8004037,2023,10,23764,1
8004037,2023,10,76728.4,1
8004037,2023,11,3638,5
8004037,2023,11,856,4
8004037,2023,11,2942.5,4
8004037,2023,11,3049.5,4
8004037,2023,11,3477.5,4
8004037,2023,11,3691.5,4
8004037,2023,11,2675,3
8004037,2023,11,3156.5,3
8004037,2023,11,3370.5,3
8004037,2023,11,5350,3
8004037,2023,11,535,2
8004037,2023,11,1070,2
8004037,2023,11,1230.5,2
8004037,2023,11,1284,2
8004037,2023,11,1498,2
8004037,2023,11,1508,2
8004037,2023,11,2140,2
8004037,2023,11,2514.5,2
8004037,2023,11,2568,2
8004037,2023,11,2728.5,2
8004037,2023,11,2860,2
8004037,2023,11,3210,2
8004037,2023,11,3531,2
8004037,2023,11,3798.5,2
8004037,2023,11,3852,2
8004037,2023,11,3959,2
8004037,2023,11,5200,2
8004037,2023,11,624,1
8004037,2023,11,695.5,1
8004037,2023,11,749,1
8004037,2023,11,1016.5,1
8004037,2023,11,1196,1
8004037,2023,11,1506.56,1
8004037,2023,11,1605,1
8004037,2023,11,1658.5,1
8004037,2023,11,1765.5,1
8004037,2023,11,1819,1
8004037,2023,11,1872.5,1
8004037,2023,11,1979.5,1
8004037,2023,11,2080,1
8004037,2023,11,2247,1
8004037,2023,11,2354,1
8004037,2023,11,2461,1
8004037,2023,11,2496,1
8004037,2023,11,2600,1
8004037,2023,11,2658.95,1
8004037,2023,11,2782,1
8004037,2023,11,2808,1
8004037,2023,11,2964,1
8004037,2023,11,3068,1
8004037,2023,11,3120,1
8004037,2023,11,3263.5,1
8004037,2023,11,3380,1
8004037,2023,11,3484,1
8004037,2023,11,3745,1
8004037,2023,11,3905.5,1
8004037,2023,11,4066,1
8004037,2023,11,4160,1
8004037,2023,11,4226.5,1
8004037,2023,11,4333.5,1
8004037,2023,11,4387,1
8004037,2023,11,4524.03,1
8004037,2023,11,4547.5,1
8004037,2023,11,4654.5,1
8004037,2023,11,4815,1
8004037,2023,11,4940,1
8004037,2023,11,5029,1
8004037,2023,11,5082.5,1
8004037,2023,11,5720,1
8004037,2023,11,5772,1
8004037,2023,11,5831.5,1
8004037,2023,11,5876,1
8004037,2023,11,6045.5,1
8004037,2023,11,6259.5,1
8004037,2023,11,6420,1
8004037,2023,11,6473.5,1
8004037,2023,11,7329.5,1
8004037,2023,11,7650.5,1
8004037,2023,11,7811,1
8004037,2023,11,7864.5,1
8004037,2023,11,7971.5,1
8004037,2023,11,8320,1
8004037,2023,11,8476,1
8004037,2023,11,8881,1
8004037,2023,11,9152,1
8004037,2023,11,9204,1
8004037,2023,11,9630,1
8004037,2023,11,10700,1
8004037,2023,11,10972,1
8004037,2023,11,11395.5,1
8004037,2023,11,11544,1
8004037,2023,11,12144.5,1
8004037,2023,11,14177.5,1
8004037,2023,11,15496,1
8004037,2023,11,16050,1
8004037,2023,11,16224,1
8004037,2023,11,16478,1
8004037,2023,11,16638.5,1
8004037,2023,11,19206.5,1
8004037,2023,11,20758,1
8004037,2023,11,42693,1
8004037,2023,11,75221,1
8004037,2023,11,77361,1
8004037,2023,11,81534,1
8004037,2023,12,3691.5,5
8004037,2023,12,3745,4
8004037,2023,12,2086.5,3
8004037,2023,12,2354,3
8004037,2023,12,2782,3
8004037,2023,12,3103,3
8004037,2023,12,3210,3
8004037,2023,12,3584.5,3
8004037,2023,12,4494,3
8004037,2023,12,4547.5,3
8004037,2023,12,4922,3
8004037,2023,12,214,2
8004037,2023,12,321,2
8004037,2023,12,856,2
8004037,2023,12,909.5,2
8004037,2023,12,1284,2
8004037,2023,12,1712,2
8004037,2023,12,2461,2
8004037,2023,12,2568,2
8004037,2023,12,2621.5,2
8004037,2023,12,2835.5,2
8004037,2023,12,3156.5,2
8004037,2023,12,3263.5,2
8004037,2023,12,3317,2
8004037,2023,12,3370.5,2
8004037,2023,12,3424,2
8004037,2023,12,3531,2
8004037,2023,12,3852,2
8004037,2023,12,3905.5,2
8004037,2023,12,4119.5,2
8004037,2023,12,6634,2
8004037,2023,12,107,1
8004037,2023,12,428,1
8004037,2023,12,1070,1
8004037,2023,12,1139.55,1
8004037,2023,12,1337.5,1
8004037,2023,12,1391,1
8004037,2023,12,1427.95,1
8004037,2023,12,1498,1
8004037,2023,12,1765.5,1
8004037,2023,12,1819,1
8004037,2023,12,1926,1
8004037,2023,12,1976,1
8004037,2023,12,2140,1
8004037,2023,12,2193.5,1
8004037,2023,12,2407.5,1
8004037,2023,12,2675,1
8004037,2023,12,2942.5,1
8004037,2023,12,3049.5,1
8004037,2023,12,3368.4,1
8004037,2023,12,3536,1
8004037,2023,12,3798.5,1
8004037,2023,12,3849.6,1
8004037,2023,12,3900,1
8004037,2023,12,4012.5,1
8004037,2023,12,4173,1
8004037,2023,12,4226.5,1
8004037,2023,12,4280,1
8004037,2023,12,4333.5,1
8004037,2023,12,4427.04,1
8004037,2023,12,4440.5,1
8004037,2023,12,4601,1
8004037,2023,12,4654.5,1
8004037,2023,12,4708,1
8004037,2023,12,4815,1
8004037,2023,12,5029,1
8004037,2023,12,5136,1
8004037,2023,12,5243,1
8004037,2023,12,5296.5,1
8004037,2023,12,5350,1
8004037,2023,12,5403.5,1
8004037,2023,12,5510.5,1
8004037,2023,12,5617.5,1
8004037,2023,12,5772,1
8004037,2023,12,5938.5,1
8004037,2023,12,6259.5,1
8004037,2023,12,6473.5,1
8004037,2023,12,6687.5,1
8004037,2023,12,6848,1
8004037,2023,12,7329.5,1
8004037,2023,12,7436,1
8004037,2023,12,7436.5,1
8004037,2023,12,7650.5,1
8004037,2023,12,8346,1
8004037,2023,12,8560,1
8004037,2023,12,9041.5,1
8004037,2023,12,9624,1
8004037,2023,12,9897.5,1
8004037,2023,12,10165,1
8004037,2023,12,10400,1
8004037,2023,12,10700,1
8004037,2023,12,11021,1
8004037,2023,12,11342,1
8004037,2023,12,13749.5,1
8004037,2023,12,14980,1
8004037,2024,1,2140,4
8004037,2024,1,3210,4
8004037,2024,1,214,3
8004037,2024,1,1605,3
8004037,2024,1,3103,3
8004037,2024,1,3424,3
8004037,2024,1,107,2
8004037,2024,1,2033,2
8004037,2024,1,2300.5,2
8004037,2024,1,2835.5,2
8004037,2024,1,3049.5,2
8004037,2024,1,3156.5,2
8004037,2024,1,3584.5,2
8004037,2024,1,3798.5,2
8004037,2024,1,3852,2
8004037,2024,1,4280,2
8004037,2024,1,428,1
8004037,2024,1,535,1
8004037,2024,1,963,1
8004037,2024,1,1070,1
8004037,2024,1,1411.13,1
8004037,2024,1,1551.5,1
8004037,2024,1,1712,1
8004037,2024,1,2086.5,1
8004037,2024,1,2193.5,1
8004037,2024,1,2247,1
8004037,2024,1,2354,1
8004037,2024,1,2461,1
8004037,2024,1,2600,1
8004037,2024,1,2621.5,1
8004037,2024,1,2675,1
8004037,2024,1,2782,1
8004037,2024,1,2996,1
8004037,2024,1,3370.5,1
8004037,2024,1,3477.5,1
8004037,2024,1,3531,1
8004037,2024,1,3640,1
8004037,2024,1,3691.5,1
8004037,2024,1,3904.48,1
8004037,2024,1,3905.5,1
8004037,2024,1,4012.5,1
8004037,2024,1,4119.5,1
8004037,2024,1,4173,1
8004037,2024,1,4226.5,1
8004037,2024,1,4387,1
8004037,2024,1,4761.5,1
8004037,2024,1,4815,1
8004037,2024,1,4922,1
8004037,2024,1,5457,1
8004037,2024,1,5564,1
8004037,2024,1,5617.5,1
8004037,2024,1,6099,1
8004037,2024,1,6634,1
8004037,2024,1,6901.5,1
8004037,2024,1,7276,1
8004037,2024,1,7757.5,1
8004037,2024,1,7971.5,1
8004037,2024,1,8132,1
8004037,2024,1,10218.5,1
8004037,2024,1,10593,1
8004037,2024,1,12786.5,1
8004037,2024,1,14766,1
8004037,2024,1,15194,1
8004037,2024,1,16050,1
8004037,2024,1,28355,1
8004037,2024,1,40125,1
8004037,2024,1,241927,1
8004037,2024,2,3638,4
8004037,2024,2,3691.5,4
8004037,2024,2,4494,4
8004037,2024,2,2728.5,3
8004037,2024,2,3584.5,3
8004037,2024,2,3852,3
8004037,2024,2,214,2
8004037,2024,2,2140,2
8004037,2024,2,2407.5,2
8004037,2024,2,2675,2
8004037,2024,2,3049.5,2
8004037,2024,2,3317,2
8004037,2024,2,3477.5,2
8004037,2024,2,3905.5,2
8004037,2024,2,4012.5,2
8004037,2024,2,4173,2
8004037,2024,2,4226.5,2
8004037,2024,2,5189.5,2
8004037,2024,2,5510.5,2
8004037,2024,2,5831.5,2
8004037,2024,2,5938.5,2
8004037,2024,2,5992,2
8004037,2024,2,53.5,1
8004037,2024,2,321,1
8004037,2024,2,428,1
8004037,2024,2,642,1
8004037,2024,2,909.5,1
8004037,2024,2,1284,1
8004037,2024,2,1551.5,1
8004037,2024,2,1658.5,1
8004037,2024,2,1765.5,1
8004037,2024,2,1872.5,1
8004037,2024,2,1979.5,1
8004037,2024,2,1999.83,1
8004037,2024,2,2247,1
8004037,2024,2,2354,1
8004037,2024,2,2461,1
8004037,2024,2,2568,1
8004037,2024,2,2621.5,1
8004037,2024,2,2782,1
8004037,2024,2,2808,1
8004037,2024,2,2835.5,1
8004037,2024,2,2836.52,1
8004037,2024,2,2942.5,1
8004037,2024,2,3156.5,1
8004037,2024,2,3210,1
8004037,2024,2,3263.5,1
8004037,2024,2,3370.5,1
8004037,2024,2,3424,1
8004037,2024,2,3798.5,1
8004037,2024,2,3959,1
8004037,2024,2,4387,1
8004037,2024,2,4547.5,1
8004037,2024,2,4708,1
8004037,2024,2,4868.5,1
8004037,2024,2,5082.5,1
8004037,2024,2,5136,1
8004037,2024,2,5243,1
8004037,2024,2,5564,1
8004037,2024,2,5671,1
8004037,2024,2,5778,1
8004037,2024,2,6152.5,1
8004037,2024,2,7329.5,1
8004037,2024,2,7971.5,1
8004037,2024,2,8025,1
8004037,2024,2,8560,1
8004037,2024,2,9095,1
8004037,2024,2,10218.5,1
8004037,2024,2,10700,1
8004037,2024,2,13000.5,1
8004037,2024,2,14124,1
8004037,2024,2,15515,1
8004037,2024,2,26429,1
8004037,2024,3,3691.5,6
8004037,2024,3,1070,5
8004037,2024,3,3210,5
8004037,2024,3,5350,5
8004037,2024,3,16050,5
8004037,2024,3,428,4
8004037,2024,3,3156.5,4
8004037,2024,3,3798.5,4
8004037,2024,3,4494,4
8004037,2024,3,10700,4
8004037,2024,3,856,3
8004037,2024,3,1284,3
8004037,2024,3,2140,3
8004037,2024,3,2889,3
8004037,2024,3,3049.5,3
8004037,2024,3,3103,3
8004037,2024,3,3263.5,3
8004037,2024,3,4066,3
8004037,2024,3,4173,3
8004037,2024,3,4440.5,3
8004037,2024,3,4547.5,3
8004037,2024,3,2086.5,2
8004037,2024,3,2568,2
8004037,2024,3,2728.5,2
8004037,2024,3,2782,2
8004037,2024,3,2996,2
8004037,2024,3,3317,2
8004037,2024,3,3477.5,2
8004037,2024,3,4119.5,2
8004037,2024,3,4333.5,2
8004037,2024,3,4654.5,2
8004037,2024,3,107,1
8004037,2024,3,214,1
8004037,2024,3,535,1
8004037,2024,3,909.5,1
8004037,2024,3,963,1
8004037,2024,3,1123.5,1
8004037,2024,3,1230.5,1
8004037,2024,3,1337.5,1
8004037,2024,3,1498,1
8004037,2024,3,1662.74,1
8004037,2024,3,1765.5,1
8004037,2024,3,1819,1
8004037,2024,3,1979.5,1
8004037,2024,3,2033,1
8004037,2024,3,2247,1
8004037,2024,3,2300.5,1
8004037,2024,3,2461,1
8004037,2024,3,2514.5,1
8004037,2024,3,2621.5,1
8004037,2024,3,2675,1
8004037,2024,3,2942.5,1
8004037,2024,3,3424,1
8004037,2024,3,3745,1
8004037,2024,3,3905.5,1
8004037,2024,3,3959,1
8004037,2024,3,4012.5,1
8004037,2024,3,4226.5,1
8004037,2024,3,4280,1
8004037,2024,3,4387,1
8004037,2024,3,4815,1
8004037,2024,3,5029,1
8004037,2024,3,5136,1
8004037,2024,3,5189.5,1
8004037,2024,3,5510.5,1
8004037,2024,3,5778,1
8004037,2024,3,6099,1
8004037,2024,3,6206,1
8004037,2024,3,6634,1
8004037,2024,3,7490,1
8004037,2024,3,7704,1
8004037,2024,3,8399.5,1
8004037,2024,3,8506.5,1
8004037,2024,3,8988,1
8004037,2024,3,9202,1
8004037,2024,3,9309,1
8004037,2024,3,9469.5,1
8004037,2024,3,9737,1
8004037,2024,3,10004.5,1
8004037,2024,3,11449,1
8004037,2024,3,12465.5,1
8004037,2024,3,12572.5,1
8004037,2024,3,12840,1
8004037,2024,3,17494.5,1
8004037,2024,3,21400,1
8004037,2024,3,22042,1
8004037,2024,3,24128.5,1
8004037,2024,3,24396,1
8004037,2024,3,25145,1
8004037,2024,3,26482.5,1
8004037,2024,3,44619,1
8004037,2024,4,3531,5
8004037,2024,4,3584.5,3
8004037,2024,4,2568,2
8004037,2024,4,2942.5,2
8004037,2024,4,3370.5,2
8004037,2024,4,4066,2
8004037,2024,4,4922,2
8004037,2024,4,5457,2
8004037,2024,4,5885,2
8004037,2024,4,374.5,1
8004037,2024,4,909.5,1
8004037,2024,4,1712,1
8004037,2024,4,1819,1
8004037,2024,4,2086.5,1
8004037,2024,4,2193.5,1
8004037,2024,4,2247,1
8004037,2024,4,2300.5,1
8004037,2024,4,2407.5,1
8004037,2024,4,2461,1
8004037,2024,4,2621.5,1
8004037,2024,4,2835.5,1
8004037,2024,4,2889,1
8004037,2024,4,3049.5,1
8004037,2024,4,3103,1
8004037,2024,4,3210,1
8004037,2024,4,3424,1
8004037,2024,4,3477.5,1
8004037,2024,4,3638,1
8004037,2024,4,3691.5,1
8004037,2024,4,3798.5,1
8004037,2024,4,3905.5,1
8004037,2024,4,4012.5,1
8004037,2024,4,4119.5,1
8004037,2024,4,4280,1
8004037,2024,4,4387,1
8004037,2024,4,4547.5,1
8004037,2024,4,4601,1
8004037,2024,4,4761.5,1
8004037,2024,4,4975.5,1
8004037,2024,4,5136,1
8004037,2024,4,5350,1
8004037,2024,4,5564,1
8004037,2024,4,5724.5,1
8004037,2024,4,5831.5,1
8004037,2024,4,5938.5,1
8004037,2024,4,5992,1
8004037,2024,4,6201.76,1
8004037,2024,4,6634,1
8004037,2024,4,7704,1
8004037,2024,4,8346,1
8004037,2024,4,8667,1
8004037,2024,4,8720.5,1
8004037,2024,4,11877,1
8004037,2024,4,12091,1
8004037,2024,4,12947,1
8004037,2024,4,13107.5,1
8004037,2024,4,14766,1
8004037,2024,4,16103.5,1
8004037,2024,4,17066.5,1
8004037,2024,4,18457.5,1
8004037,2024,5,856,5
8004037,2024,5,3103,5
8004037,2024,5,3959,4
8004037,2024,5,2086.5,3
8004037,2024,5,2193.5,3
8004037,2024,5,2247,3
8004037,2024,5,3477.5,3
8004037,2024,5,1123.5,2
8004037,2024,5,2835.5,2
8004037,2024,5,2996,2
8004037,2024,5,3531,2
8004037,2024,5,3638,2
8004037,2024,5,3691.5,2
8004037,2024,5,3745,2
8004037,2024,5,3852,2
8004037,2024,5,3905.5,2
8004037,2024,5,4012.5,2
8004037,2024,5,4226.5,2
8004037,2024,5,4333.5,2
8004037,2024,5,4922,2
8004037,2024,5,5136,2
8004037,2024,5,107,1
8004037,2024,5,214,1
8004037,2024,5,321,1
8004037,2024,5,428,1
8004037,2024,5,1070,1
8004037,2024,5,1391,1
8004037,2024,5,2140,1
8004037,2024,5,2300.5,1
8004037,2024,5,2568,1
8004037,2024,5,2621.5,1
8004037,2024,5,2675,1
8004037,2024,5,2728.5,1
8004037,2024,5,2782,1
8004037,2024,5,3049.5,1
8004037,2024,5,3210,1
8004037,2024,5,3317,1
8004037,2024,5,3584.5,1
8004037,2024,5,3798.5,1
8004037,2024,5,4066,1
8004037,2024,5,4280,1
8004037,2024,5,4440.5,1
8004037,2024,5,4601,1
8004037,2024,5,4815,1
8004037,2024,5,5029,1
8004037,2024,5,5296.5,1
8004037,2024,5,5403.5,1
8004037,2024,5,5617.5,1
8004037,2024,5,5671,1
8004037,2024,5,6099,1
8004037,2024,5,6741,1
8004037,2024,5,7436.5,1
8004037,2024,5,7757.5,1
8004037,2024,5,7811,1
8004037,2024,5,8025,1
8004037,2024,5,8506.5,1
8004037,2024,5,8613.5,1
8004037,2024,5,9202,1
8004037,2024,5,13321.5,1
8004037,2024,5,15087,1
8004037,2024,5,15301,1
8004037,2024,5,15675.5,1
8004037,2024,5,22737.5,1
8004037,2024,5,219350,1
8004037,2024,6,3531,4
8004037,2024,6,1712,3
8004037,2024,6,3691.5,3
8004037,2024,6,3905.5,3
8004037,2024,6,4226.5,3
8004037,2024,6,4387,3
8004037,2024,6,2782,2
8004037,2024,6,2942.5,2
8004037,2024,6,3424,2
8004037,2024,6,3477.5,2
8004037,2024,6,3798.5,2
8004037,2024,6,3959,2
8004037,2024,6,5243,2
8004037,2024,6,6955,2
8004037,2024,6,321,1
8004037,2024,6,535,1
8004037,2024,6,1658.5,1
8004037,2024,6,1819,1
8004037,2024,6,2140,1
8004037,2024,6,2300.5,1
8004037,2024,6,2568,1
8004037,2024,6,3049.5,1
8004037,2024,6,3103,1
8004037,2024,6,3210,1
8004037,2024,6,3263.5,1
8004037,2024,6,3317,1
8004037,2024,6,3584.5,1
8004037,2024,6,3638,1
8004037,2024,6,4066,1
8004037,2024,6,4119.5,1
8004037,2024,6,4173,1
8004037,2024,6,4280,1
8004037,2024,6,4333.5,1
8004037,2024,6,4440.5,1
8004037,2024,6,4494,1
8004037,2024,6,4547.5,1
8004037,2024,6,4654.5,1
8004037,2024,6,4815,1
8004037,2024,6,5082.5,1
8004037,2024,6,5136,1
8004037,2024,6,5189.5,1
8004037,2024,6,5403.5,1
8004037,2024,6,5617.5,1
8004037,2024,6,5724.5,1
8004037,2024,6,5885,1
8004037,2024,6,5992,1
8004037,2024,6,6099,1
8004037,2024,6,6366.5,1
8004037,2024,6,6420,1
8004037,2024,6,6848,1
8004037,2024,6,7704,1
8004037,2024,6,7864.5,1
8004037,2024,6,8881,1
8004037,2024,6,9523,1
8004037,2024,6,9683.5,1
8004037,2024,6,12572.5,1
8004037,2024,6,13749.5,1
8004037,2024,6,14124,1
8004037,2024,6,14659,1
8004037,2024,6,15194,1
8004037,2024,6,16264,1
8004037,2024,6,17976,1
8004037,2024,6,18618,1
8004037,2024,6,20437,1
8004037,2024,6,28515.5,1
8004037,2024,6,36594,1
8004037,2024,7,856,8
8004037,2024,7,2247,4
8004037,2024,7,4012.5,4
8004037,2024,7,107,3
8004037,2024,7,428,3
8004037,2024,7,1284,3
8004037,2024,7,2568,3
8004037,2024,7,3103,3
8004037,2024,7,3156.5,3
8004037,2024,7,3263.5,3
8004037,2024,7,3424,3
8004037,2024,7,3638,3
8004037,2024,7,3798.5,3
8004037,2024,7,5296.5,3
8004037,2024,7,321,2
8004037,2024,7,535,2
8004037,2024,7,642,2
8004037,2024,7,749,2
8004037,2024,7,1712,2
8004037,2024,7,1765.5,2
8004037,2024,7,2140,2
8004037,2024,7,2407.5,2
8004037,2024,7,2728.5,2
8004037,2024,7,2782,2
8004037,2024,7,2996,2
8004037,2024,7,3210,2
8004037,2024,7,3317,2
8004037,2024,7,3370.5,2
8004037,2024,7,3691.5,2
8004037,2024,7,3905.5,2
8004037,2024,7,3959,2
8004037,2024,7,4333.5,2
8004037,2024,7,4494,2
8004037,2024,7,4708,2
8004037,2024,7,5136,2
8004037,2024,7,5350,2
8004037,2024,7,5510.5,2
8004037,2024,7,5564,2
8004037,2024,7,5617.5,2
8004037,2024,7,5831.5,2
8004037,2024,7,6901.5,2
8004037,2024,7,588.5,1
8004037,2024,7,909.5,1
8004037,2024,7,1016.5,1
8004037,2024,7,1070,1
8004037,2024,7,1498,1
8004037,2024,7,1658.5,1
8004037,2024,7,1872.5,1
8004037,2024,7,2193.5,1
8004037,2024,7,2300.5,1
8004037,2024,7,2514.5,1
8004037,2024,7,2942.5,1
8004037,2024,7,3049.5,1
8004037,2024,7,3477.5,1
8004037,2024,7,3531,1
8004037,2024,7,3745,1
8004037,2024,7,4119.5,1
8004037,2024,7,4173,1
8004037,2024,7,4226.5,1
8004037,2024,7,4547.5,1
8004037,2024,7,4761.5,1
8004037,2024,7,4815,1
8004037,2024,7,4868.5,1
8004037,2024,7,4922,1
8004037,2024,7,5029,1
8004037,2024,7,5082.5,1
8004037,2024,7,5189.5,1
8004037,2024,7,6473.5,1
8004037,2024,7,6848,1
8004037,2024,7,7008.5,1
8004037,2024,7,7115.5,1
8004037,2024,7,7597,1
8004037,2024,7,7650.5,1
8004037,2024,7,7757.5,1
8004037,2024,7,7811,1
8004037,2024,7,8774,1
8004037,2024,7,8934.5,1
8004037,2024,7,10539.5,1
8004037,2024,7,10646.5,1
8004037,2024,7,15087,1
8004037,2024,7,16478,1
8004037,2024,7,19527.5,1
8004037,2024,7,49541,1
8004037,2024,8,856,4
8004037,2024,8,1712,4
8004037,2024,8,3584.5,3
8004037,2024,8,3852,3
8004037,2024,8,1819,2
8004037,2024,8,2193.5,2
8004037,2024,8,2247,2
8004037,2024,8,2675,2
8004037,2024,8,3263.5,2
8004037,2024,8,3424,2
8004037,2024,8,3477.5,2
8004037,2024,8,4868.5,2
8004037,2024,8,5082.5,2
8004037,2024,8,6045.5,2
8004037,2024,8,7757.5,2
8004037,2024,8,8025,2
8004037,2024,8,12358.5,2
8004037,2024,8,428,1
8004037,2024,8,535,1
8004037,2024,8,642,1
8004037,2024,8,1016.5,1
8004037,2024,8,1123.5,1
8004037,2024,8,1284,1
8004037,2024,8,1337.5,1
8004037,2024,8,1498,1
8004037,2024,8,1872.5,1
8004037,2024,8,2140,1
8004037,2024,8,2621.5,1
8004037,2024,8,3156.5,1
8004037,2024,8,3370.5,1
8004037,2024,8,3531,1
8004037,2024,8,3638,1
8004037,2024,8,3691.5,1
8004037,2024,8,3745,1
8004037,2024,8,3798.5,1
8004037,2024,8,3905.5,1
8004037,2024,8,4173,1
8004037,2024,8,4387,1
8004037,2024,8,4494,1
8004037,2024,8,4654.5,1
8004037,2024,8,4708,1
8004037,2024,8,5136,1
8004037,2024,8,5350,1
8004037,2024,8,5403.5,1
8004037,2024,8,5430.25,1
8004037,2024,8,5510.5,1
8004037,2024,8,5590.75,1
8004037,2024,8,5992,1
8004037,2024,8,6099,1
8004037,2024,8,6206,1
8004037,2024,8,6313,1
8004037,2024,8,6420,1
8004037,2024,8,6473.5,1
8004037,2024,8,6580.5,1
8004037,2024,8,7436.5,1
8004037,2024,8,7704,1
8004037,2024,8,7864.5,1
8004037,2024,8,7918,1
8004037,2024,8,7971.5,1
8004037,2024,8,8185.5,1
8004037,2024,8,9202,1
8004037,2024,8,9683.5,1
8004037,2024,8,9844,1
8004037,2024,8,9951,1
8004037,2024,8,10379,1
8004037,2024,8,12091,1
8004037,2024,8,14338,1
8004037,2024,8,15889.5,1
8004037,2024,8,16103.5,1
8004037,2024,8,19046,1
8004037,2024,8,21721,1
8004037,2024,8,21828,1
8004037,2024,9,3263.5,3
8004037,2024,9,3531,3
8004037,2024,9,321,2
8004037,2024,9,2033,2
8004037,2024,9,2675,2
8004037,2024,9,3424,2
8004037,2024,9,3638,2
8004037,2024,9,3745,2
8004037,2024,9,3798.5,2
8004037,2024,9,4173,2
8004037,2024,9,4387,2
8004037,2024,9,4440.5,2
8004037,2024,9,5136,2
8004037,2024,9,7115.5,2
8004037,2024,9,7597,2
8004037,2024,9,107,1
8004037,2024,9,428,1
8004037,2024,9,535,1
8004037,2024,9,1070,1
8004037,2024,9,1284,1
8004037,2024,9,1498,1
8004037,2024,9,1765.5,1
8004037,2024,9,2080,1
8004037,2024,9,2407.5,1
8004037,2024,9,2728.5,1
8004037,2024,9,2782,1
8004037,2024,9,2835.5,1
8004037,2024,9,2889,1
8004037,2024,9,2942.5,1
8004037,2024,9,3049.5,1
8004037,2024,9,3210,1
8004037,2024,9,3317,1
8004037,2024,9,3370.5,1
8004037,2024,9,3584.5,1
8004037,2024,9,3691.5,1
8004037,2024,9,3852,1
8004037,2024,9,3905.5,1
8004037,2024,9,4066,1
8004037,2024,9,4119.5,1
8004037,2024,9,4280,1
8004037,2024,9,4333.5,1
8004037,2024,9,4494,1
8004037,2024,9,4975.5,1
8004037,2024,9,5243,1
8004037,2024,9,5350,1
8004037,2024,9,5403.5,1
8004037,2024,9,5510.5,1
8004037,2024,9,5617.5,1
8004037,2024,9,5671,1
8004037,2024,9,5938.5,1
8004037,2024,9,6045.5,1
8004037,2024,9,6099,1
8004037,2024,9,6420,1
8004037,2024,9,6473.5,1
8004037,2024,9,6527,1
8004037,2024,9,6741,1
8004037,2024,9,6848,1
8004037,2024,9,7008.5,1
8004037,2024,9,7062,1
8004037,2024,9,7436.5,1
8004037,2024,9,7971.5,1
8004037,2024,9,8132,1
8004037,2024,9,8239,1
8004037,2024,9,8399.5,1
8004037,2024,9,8560,1
8004037,2024,9,8613.5,1
8004037,2024,9,9148.5,1
8004037,2024,9,9630,1
8004037,2024,9,9790.5,1
8004037,2024,9,9951,1
8004037,2024,9,10379,1
8004037,2024,9,11449,1
8004037,2024,9,13508.75,1
8004037,2024,9,15729,1
8004037,2024,9,20223,1
8004037,2024,9,21721,1
8004037,2024,9,23807.5,1
8004037,2024,9,28034,1
8004037,2024,9,31886,1
8004037,2024,10,107,5
8004037,2024,10,214,4
8004037,2024,10,856,4
8004037,2024,10,749,3
8004037,2024,10,2889,3
8004037,2024,10,428,2
8004037,2024,10,963,2
8004037,2024,10,1123.5,2
8004037,2024,10,1926,2
8004037,2024,10,2140,2
8004037,2024,10,2996,2
8004037,2024,10,3156.5,2
8004037,2024,10,3263.5,2
8004037,2024,10,3370.5,2
8004037,2024,10,4868.5,2
8004037,2024,10,6848,2
8004037,2024,10,7222.5,2
8004037,2024,10,7704,2
8004037,2024,10,267.5,1
8004037,2024,10,535,1
8004037,2024,10,1070,1
8004037,2024,10,1391,1
8004037,2024,10,1605,1
8004037,2024,10,1765.5,1
8004037,2024,10,1819,1
8004037,2024,10,2193.5,1
8004037,2024,10,2247,1
8004037,2024,10,2354,1
8004037,2024,10,2568,1
8004037,2024,10,2782,1
8004037,2024,10,2835.5,1
8004037,2024,10,2942.5,1
8004037,2024,10,3103,1
8004037,2024,10,3477.5,1
8004037,2024,10,3531,1
8004037,2024,10,3584.5,1
8004037,2024,10,3638,1
8004037,2024,10,3745,1
8004037,2024,10,3852,1
8004037,2024,10,3905.5,1
8004037,2024,10,3959,1
8004037,2024,10,4012.5,1
8004037,2024,10,4173,1
8004037,2024,10,4387,1
8004037,2024,10,4440.5,1
8004037,2024,10,4761.5,1
8004037,2024,10,5029,1
8004037,2024,10,5243,1
8004037,2024,10,5323.25,1
8004037,2024,10,5403.5,1
8004037,2024,10,5617.5,1
8004037,2024,10,5938.5,1
8004037,2024,10,6206,1
8004037,2024,10,6473.5,1
8004037,2024,10,6527,1
8004037,2024,10,6901.5,1
8004037,2024,10,7115.5,1
8004037,2024,10,7436.5,1
8004037,2024,10,7490,1
8004037,2024,10,8239,1
8004037,2024,10,8667,1
8004037,2024,10,11181.5,1
8004037,2024,10,11716.5,1
8004037,2024,10,16050,1
8004037,2024,10,16103.5,1
8004037,2024,10,17976,1
8004037,2024,10,18404,1
8004037,2024,10,145306,1
8004037,2024,10,212181,1
8004037,2024,11,3477.5,4
8004037,2024,11,3531,4
8004037,2024,11,4012.5,4
8004037,2024,11,3852,3
8004037,2024,11,6313,3
8004037,2024,11,107,2
8004037,2024,11,214,2
8004037,2024,11,1391,2
8004037,2024,11,2247,2
8004037,2024,11,2461,2
8004037,2024,11,2889,2
8004037,2024,11,3263.5,2
8004037,2024,11,3424,2
8004037,2024,11,3959,2
8004037,2024,11,4226.5,2
8004037,2024,11,4387,2
8004037,2024,11,4547.5,2
8004037,2024,11,5671,2
8004037,2024,11,7115.5,2
8004037,2024,11,321,1
8004037,2024,11,856,1
8004037,2024,11,963,1
8004037,2024,11,1177,1
8004037,2024,11,1444.5,1
8004037,2024,11,1712,1
8004037,2024,11,1765.5,1
8004037,2024,11,2033,1
8004037,2024,11,2354,1
8004037,2024,11,2568,1
8004037,2024,11,2621.5,1
8004037,2024,11,2728.5,1
8004037,2024,11,2782,1
8004037,2024,11,3049.5,1
8004037,2024,11,3103,1
8004037,2024,11,3317,1
8004037,2024,11,3370.5,1
8004037,2024,11,3691.5,1
8004037,2024,11,3798.5,1
8004037,2024,11,3905.5,1
8004037,2024,11,4119.5,1
8004037,2024,11,4173,1
8004037,2024,11,4922,1
8004037,2024,11,5082.5,1
8004037,2024,11,5243,1
8004037,2024,11,5296.5,1
8004037,2024,11,5724.5,1
8004037,2024,11,5938.5,1
8004037,2024,11,5992,1
8004037,2024,11,6099,1
8004037,2024,11,6634,1
8004037,2024,11,6848,1
8004037,2024,11,7008.5,1
8004037,2024,11,7864.5,1
8004037,2024,11,7918,1
8004037,2024,11,7971.5,1
8004037,2024,11,8078.5,1
8004037,2024,11,9362.5,1
8004037,2024,11,9683.5,1
8004037,2024,11,13000.5,1
8004037,2024,11,17976,1
8004037,2024,11,21560.5,1
8004037,2024,11,26161.5,1
8004037,2024,12,2835.5,5
8004037,2024,12,3584.5,3
8004037,2024,12,3638,3
8004037,2024,12,321,2
8004037,2024,12,2728.5,2
8004037,2024,12,2782,2
8004037,2024,12,2996,2
8004037,2024,12,3103,2
8004037,2024,12,3156.5,2
8004037,2024,12,3691.5,2
8004037,2024,12,3959,2
8004037,2024,12,4173,2
8004037,2024,12,4440.5,2
8004037,2024,12,5564,2
8004037,2024,12,7276,2
8004037,2024,12,1658.5,1
8004037,2024,12,1712,1
8004037,2024,12,1872.5,1
8004037,2024,12,1926,1
8004037,2024,12,2021.04,1
8004037,2024,12,2407.5,1
8004037,2024,12,2942.5,1
8004037,2024,12,3049.5,1
8004037,2024,12,3210,1
8004037,2024,12,3263.5,1
8004037,2024,12,3424,1
8004037,2024,12,3477.5,1
8004037,2024,12,3531,1
8004037,2024,12,3745,1
8004037,2024,12,3798.5,1
8004037,2024,12,3852,1
8004037,2024,12,3905.5,1
8004037,2024,12,4012.5,1
8004037,2024,12,4066,1
8004037,2024,12,4119.5,1
8004037,2024,12,4226.5,1
8004037,2024,12,4547.5,1
8004037,2024,12,5136,1
8004037,2024,12,5350,1
8004037,2024,12,5510.5,1
8004037,2024,12,5885,1
8004037,2024,12,6152.5,1
8004037,2024,12,6206,1
8004037,2024,12,6366.5,1
8004037,2024,12,6527,1
8004037,2024,12,6741,1
8004037,2024,12,6955,1
8004037,2024,12,7115.5,1
8004037,2024,12,7383,1
8004037,2024,12,7436.5,1
8004037,2024,12,7597,1
8004037,2024,12,7747.32,1
8004037,2024,12,7918,1
8004037,2024,12,7971.5,1
8004037,2024,12,8667,1
8004037,2024,12,8827.5,1
8004037,2024,12,8881,1
8004037,2024,12,9041.5,1
8004037,2024,12,9469.5,1
8004037,2024,12,10165,1
8004037,2024,12,10593,1
8004037,2024,12,10700,1
8004037,2024,12,11342,1
8004037,2024,12,11556,1
8004037,2024,12,12198,1
8004037,2024,12,12893.5,1
8004037,2024,12,14017,1
8004037,2024,12,14552,1
8004037,2024,12,17173.5,1
8004037,2024,12,18136.5,1
8004038,2022,1,2100,2
8004038,2022,1,130291.21,1
8004038,2022,2,17590,1
8004038,2022,4,4953.37,1
8004038,2022,5,2100,2
8004038,2022,5,400,1
8004038,2022,5,498.96,1
8004038,2022,5,800,1
8004038,2022,5,1600,1
8004038,2022,6,40,1
8004038,2022,6,1800,1
8004038,2022,7,2100,1
8004038,2022,7,6312.5,1
8004038,2022,7,30780,1
8004038,2022,8,40,2
8004038,2022,8,79,1
8004038,2022,8,120,1
8004038,2022,8,2518.12,1
8004038,2022,8,9938.5,1
8004038,2022,10,200,1
8004038,2022,11,2100,2
8004038,2022,11,3150,1
8004038,2022,12,72000,1
8004038,2023,1,40,1
8004038,2023,1,80,1
8004038,2023,1,106000,1
8004038,2023,2,43065.36,1
8004038,2023,3,2100,1
8004038,2023,3,6286,1
8004038,2023,4,30,1
8004038,2023,6,136.54,1
8004038,2023,6,4425,1
8004038,2023,8,15800,1
8004038,2024,1,20,1
8004038,2024,8,12,1
8004038,2024,9,80,1
8004054,2022,1,282,5
8004054,2022,1,141,2
8004054,2022,1,846,2
8004054,2022,1,2256,2
8004054,2022,1,564,1
8004054,2022,1,1128,1
8004054,2022,1,1410,1
8004054,2022,1,1692,1
8004054,2022,2,282,11
8004054,2022,2,846,2
8004054,2022,2,141,1
8004054,2022,2,564,1
8004054,2022,2,1974,1
8004054,2022,2,2256,1
8004054,2022,3,282,13
8004054,2022,3,141,3
8004054,2022,3,564,1
8004054,2022,3,846,1
8004054,2022,3,1410,1
8004054,2022,3,2256,1
8004054,2022,3,4794,1
8004054,2022,4,282,7
8004054,2022,4,1410,1
8004054,2022,5,141,8
8004054,2022,5,282,5
8004054,2022,5,846,3
8004054,2022,5,1128,3
8004054,2022,5,564,1
8004054,2022,5,1410,1
8004054,2022,5,3384,1
8004054,2022,6,282,11
8004054,2022,6,141,7
8004054,2022,7,141,11
8004054,2022,7,282,7
8004054,2022,7,1128,2
8004054,2022,7,564,1
8004054,2022,7,846,1
8004054,2022,7,2820,1
8004054,2022,8,282,8
8004054,2022,8,141,3
8004054,2022,8,423,1
8004054,2022,8,1692,1
8004054,2022,9,282,8
8004054,2022,9,141,5
8004054,2022,9,846,2
8004054,2022,9,2820,1
8004054,2022,10,282,6
8004054,2022,10,564,3
8004054,2022,10,2256,2
8004054,2022,10,141,1
8004054,2022,10,423,1
8004054,2022,10,705,1
8004054,2022,10,1128,1
8004054,2022,10,2820,1
8004054,2022,11,282,7
8004054,2022,11,141,1
8004054,2022,11,1410,1
8004054,2022,11,1974,1
8004054,2022,11,5640,1
8004054,2022,12,282,13
8004054,2022,12,141,2
8004054,2022,12,4230,2
8004054,2022,12,423,1
8004054,2022,12,2256,1
8004054,2022,12,2820,1
8004054,2022,12,3102,1
8004054,2023,1,141,5
8004054,2023,1,282,5
8004054,2023,1,846,2
8004054,2023,1,423,1
8004054,2023,1,1974,1
8004054,2023,1,2256,1
8004054,2023,1,4230,1
8004054,2023,2,282,6
8004054,2023,2,141,1
8004054,2023,2,564,1
8004054,2023,2,846,1
8004054,2023,2,987,1
8004054,2023,2,2820,1
8004054,2023,3,282,10
8004054,2023,3,141,2
8004054,2023,3,423,2
8004054,2023,3,564,1
8004054,2023,3,1974,1
8004054,2023,4,282,2
8004054,2023,4,1974,1
8004054,2023,5,282,18
8004054,2023,5,141,3
8004054,2023,5,423,2
8004054,2023,5,1692,1
8004054,2023,6,282,10
8004054,2023,6,846,2
8004054,2023,6,141,1
8004054,2023,6,564,1
8004054,2023,6,1974,1
8004054,2023,6,3243,1
8004054,2023,7,282,19
8004054,2023,7,141,1
8004054,2023,7,1410,1
8004054,2023,8,282,16
8004054,2023,8,141,1
8004054,2023,8,423,1
8004054,2023,8,1692,1
8004054,2023,9,282,16
8004054,2023,9,141,3
8004054,2023,9,846,2
8004054,2023,9,423,1
8004054,2023,9,564,1
8004054,2023,10,141,4
8004054,2023,10,282,3
8004054,2023,10,1128,1
8004054,2023,11,282,14
8004054,2023,11,141,9
8004054,2023,11,1128,4
8004054,2023,11,564,2
8004054,2023,11,846,2
8004054,2023,11,1410,2
8004054,2023,11,1692,1
8004054,2023,11,2256,1
8004054,2023,12,282,15
8004054,2023,12,141,1
8004054,2023,12,846,1
8004054,2024,1,141,7
8004054,2024,1,282,3
8004054,2024,1,423,1
8004054,2024,1,564,1
8004054,2024,1,846,1
8004054,2024,1,1128,1
8004054,2024,2,282,17
8004054,2024,2,141,6
8004054,2024,2,423,2
8004054,2024,2,564,1
8004054,2024,2,1128,1
8004054,2024,2,1692,1
8004054,2024,3,282,9
8004054,2024,3,141,7
8004054,2024,3,846,1
8004054,2024,3,1128,1
8004054,2024,3,1974,1
8004054,2024,3,2256,1
8004054,2024,3,2397,1
8004054,2024,4,282,7
8004054,2024,4,141,1
8004054,2024,4,564,1
8004054,2024,5,282,16
8004054,2024,5,141,5
8004054,2024,5,423,1
8004054,2024,5,564,1
8004054,2024,5,1410,1
8004054,2024,5,1833,1
8004054,2024,6,282,12
8004054,2024,6,141,8
8004054,2024,6,846,1
8004054,2024,6,1410,1
8004054,2024,6,1692,1
8004054,2024,6,1974,1
8004054,2024,7,282,17
8004054,2024,7,141,7
8004054,2024,7,564,2
8004054,2024,7,987,1
8004054,2024,7,2115,1
8004054,2024,8,282,15
8004054,2024,8,141,1
8004054,2024,8,1551,1
8004054,2024,9,282,13
8004054,2024,9,564,5
8004054,2024,9,1692,2
8004054,2024,9,141,1
8004054,2024,9,846,1
8004054,2024,9,1974,1
8004054,2024,9,2256,1
8004054,2024,9,4230,1
8004054,2024,10,282,12
8004054,2024,10,141,3
8004054,2024,10,1128,2
8004054,2024,10,564,1
8004054,2024,11,282,16
8004054,2024,11,141,4
8004054,2024,11,1974,2
8004054,2024,11,564,1
8004054,2024,11,3384,1
8004054,2024,12,282,16
8004054,2024,12,141,7
8004054,2024,12,564,2
8004054,2024,12,1128,1
8004054,2024,12,2256,1
8004056,2022,4,500,1
8004056,2022,6,500,2
8004056,2022,8,500,1
8004056,2022,9,500,1
8004056,2022,11,500,1
8004056,2023,1,500,1
8004056,2023,5,500,1
8004056,2024,11,500,2
8004058,2022,10,240,1
8004090,2022,1,420,1
8004090,2022,1,20000,1
8004091,2022,1,800,1
8004091,2022,1,1261.4,1
8004091,2022,1,2000,1
8004091,2022,1,10000,1
8004091,2022,2,6105.4,1
8004091,2022,2,7888.98,1
8004091,2022,3,500,1
8004091,2022,5,678,1
8004091,2022,5,1483.34,1
8004091,2022,5,9047.74,1
8004091,2022,5,12860.12,1
8004091,2022,5,28582.6,1
8004091,2022,6,875.64,1
8004091,2022,6,920.74,1
8004091,2022,6,1171.84,1
8004091,2022,6,1216.27,1
8004091,2022,6,5078.8,1
8004091,2022,6,9000,1
8004091,2022,6,10000,1
8004091,2022,7,1236.6,1
8004091,2022,7,2800,1
8004091,2022,7,4000,1
8004091,2022,7,9600,1
8004091,2022,8,5800.24,1
8004091,2022,8,20000,1
8004091,2022,9,2217.62,1
8004091,2022,11,10000,1
8004091,2022,11,11029.06,1
8004091,2022,12,5963.2,1
8004091,2022,12,7650.52,1
8004091,2022,12,10582.33,1
8004091,2023,1,1000,2
8004091,2023,1,562.4,1
8004091,2023,2,5563.78,1
8004091,2023,2,6547.02,1
8004091,2023,2,7995.44,1
8004091,2023,3,4000,1
8004091,2023,3,10000,1
8004091,2023,4,500,1
8004091,2023,5,40.86,1
8004091,2023,6,4570.14,1
8004091,2023,6,6391.32,1
8004091,2023,6,10230.8,1
8004091,2023,7,20000,1
8004091,2023,8,3626.7,1
8004091,2023,8,5096.48,1
8004091,2023,12,800,1
8004091,2023,12,872.8,1
8004091,2024,1,4940.56,1
8004091,2024,2,623.2,1
8004091,2024,2,3147.9,1
8004091,2024,2,3797.84,1
8004091,2024,2,4254.4,1
8004091,2024,6,2516.2,1
8004091,2024,6,4216.72,1
8004091,2024,6,5600,1
8004091,2024,8,1375.18,1
8004091,2024,8,2711.58,1
8004091,2024,8,3977.5,1
8004091,2024,11,1988.62,1
8004091,2024,11,3600,1
8004091,2024,11,4795.1,1
8004093,2023,8,300,6
8004093,2023,8,600,3
8004093,2023,8,3600,1
8004093,2023,8,3900,1
8004093,2023,9,300,6
8004093,2023,9,600,3
8004093,2023,9,1500,1
8004093,2023,9,1800,1
8004093,2023,9,9900,1
8004093,2023,11,300,13
8004093,2023,11,600,5
8004093,2023,11,1800,3
8004093,2023,11,2100,1
8004093,2023,12,300,7
8004093,2023,12,600,2
8004093,2023,12,900,1
8004093,2023,12,1500,1
8004093,2023,12,1800,1
8004093,2024,1,300,11
8004093,2024,1,600,2
8004093,2024,1,1500,1
8004093,2024,1,2100,1
8004093,2024,2,300,6
8004093,2024,2,600,2
8004093,2024,2,900,1
8004093,2024,2,1500,1
8004093,2024,2,3300,1
8004093,2024,2,3600,1
8004093,2024,3,300,8
8004093,2024,3,600,2
8004093,2024,3,1200,1
8004093,2024,3,2400,1
8004093,2024,4,300,6
8004093,2024,4,600,2
8004093,2024,4,900,2
8004093,2024,4,1800,1
8004093,2024,4,2700,1
8004093,2024,5,300,9
8004093,2024,5,600,2
8004093,2024,5,1800,1
8004093,2024,5,2400,1
8004093,2024,6,300,4
8004093,2024,6,600,3
8004093,2024,6,900,1
8004093,2024,6,1800,1
8004093,2024,6,5100,1
8004093,2024,7,300,6
8004093,2024,7,600,3
8004093,2024,7,900,1
8004093,2024,7,1200,1
8004093,2024,7,3000,1
8004093,2024,8,300,9
8004093,2024,8,600,2
8004093,2024,8,1800,1
8004093,2024,8,3000,1
8004093,2024,8,11400,1
8004093,2024,9,300,8
8004093,2024,9,600,1
8004093,2024,9,1200,1
8004093,2024,9,2700,1
8004093,2024,9,18000,1
8004093,2024,10,300,12
8004093,2024,10,600,1
8004093,2024,10,1800,1
8004093,2024,10,2700,1
8004093,2024,11,300,7
8004093,2024,11,600,2
8004093,2024,11,1500,1
8004093,2024,11,1800,1
8004093,2024,11,3600,1
8004093,2024,12,300,6
8004093,2024,12,600,2
8004093,2024,12,900,1
8004093,2024,12,1200,1
8004093,2024,12,2700,1
8004093,2024,12,9600,1
8004124,2022,10,20,1
8004124,2022,12,240,1
8004124,2023,7,40,1
8004124,2023,8,320,1
8004131,2022,12,4920,1
8004131,2023,1,30,1
8004131,2023,7,60,2
8004131,2023,8,2490,1
8004131,2023,9,120,1
8004131,2023,11,30,1
8004136,2022,10,135,1
8004136,2023,3,45,1
8004136,2024,4,45,1
8004138,2022,3,45,1
8004138,2022,3,90,1
8004138,2022,7,45,1
8004138,2022,9,45,1
8004138,2022,9,225,1
8004138,2022,10,90,1
8004138,2022,11,180,1
8004138,2022,12,360,1
8004138,2023,1,45,1
8004138,2023,5,45,1
8004138,2023,5,135,1
8004138,2023,7,45,1
8004138,2023,7,270,1
8004138,2023,8,495,1
8004138,2023,11,45,1
8004138,2024,1,45,7
8004138,2024,2,180,1
8004138,2024,4,45,1
8004138,2024,6,90,1
8004138,2024,7,45,5
8004138,2024,9,45,2
8004138,2024,9,90,1
8004138,2024,10,45,1
8004138,2024,11,45,3
8004138,2024,12,45,1
8004142,2022,1,60,1
8004142,2022,3,60,3
8004142,2022,3,120,1
8004142,2022,5,60,1
8004142,2022,6,60,2
8004142,2022,6,120,1
8004142,2022,6,240,1
8004142,2022,7,60,1
8004142,2022,9,60,1
8004142,2022,11,120,2
8004142,2022,11,60,1
8004142,2022,12,60,1
8004142,2022,12,180,1
8004142,2022,12,5220,1
8004142,2023,1,60,1
8004142,2023,3,180,1
8004142,2023,5,60,2
8004142,2023,7,60,1
8004142,2023,8,300,1
8004142,2023,8,2820,1
8004142,2023,9,120,1
8004142,2023,11,60,1
8004142,2024,7,60,3
8004142,2024,8,120,1
8004142,2024,9,60,2
8004142,2024,12,60,1
8004154,2023,8,55,1
8004154,2024,11,55,1
8004155,2022,1,70,1
8004155,2023,8,70,1
8004179,2022,1,87,3
8004179,2022,1,174,2
8004179,2022,2,87,5
8004179,2022,2,29.58,1
8004179,2022,2,56.55,1
8004179,2022,2,174,1
8004179,2022,3,87,4
8004179,2022,3,174,2
8004179,2022,4,87,1
8004179,2022,4,2262,1
8004179,2022,5,87,2
8004179,2022,6,87,4
8004179,2022,7,87,2
8004179,2022,7,174,1
8004179,2022,8,87,5
8004179,2022,9,87,2
8004179,2022,9,609,1
8004179,2022,10,87,3
8004179,2022,10,174,3
8004179,2022,10,56.55,1
8004179,2022,11,87,4
8004179,2022,11,56.55,1
8004179,2022,11,73.95,1
8004179,2022,11,3915,1
8004179,2022,12,87,3
8004179,2023,1,87,2
8004179,2023,2,87,4
8004179,2023,2,56.55,1
8004179,2023,3,87,2
8004179,2023,4,87,5
8004179,2023,5,87,5
8004179,2023,5,29.58,1
8004179,2023,6,87,1
8004179,2023,6,261,1
8004179,2023,7,261,2
8004179,2023,7,43.5,1
8004179,2023,7,87,1
8004179,2023,7,174,1
8004179,2023,8,87,2
8004179,2023,9,56.55,1
8004179,2023,10,29.58,1
8004179,2023,12,87,2
8004179,2024,1,87,1
8004179,2024,1,1109.25,1
8004179,2024,2,174,1
8004179,2024,3,87,1
8004179,2024,5,87,1
8004180,2022,1,556.8,1
8004180,2022,2,87,2
8004180,2022,2,174,1
8004180,2022,3,870,1
8004180,2022,4,87,1
8004180,2022,5,87,1
8004180,2022,6,87,3
8004180,2022,7,87,3
8004180,2022,7,652.5,1
8004180,2022,8,696,1
8004180,2022,9,87,4
8004180,2022,10,87,1
8004180,2022,12,913.5,1
8004180,2023,1,87,2
8004180,2023,3,87,2
8004180,2023,7,87,2
8004180,2023,7,261,1
8004180,2023,12,87,1
8004180,2024,3,29.58,1
8004180,2024,3,1392,1
8004180,2024,6,87,1
8004180,2024,8,56.55,1
8004180,2024,11,609,1
8004180,2024,12,261,1
8004181,2022,2,24,1
8004181,2022,4,12,1
8004181,2022,5,12,1
8004181,2022,5,24,1
8004181,2022,8,464.4,1
8004181,2022,10,12,1
8004181,2022,12,24,1
8004181,2023,1,24,2
8004181,2023,2,24,1
8004181,2023,2,36,1
8004181,2023,3,12,2
8004181,2023,3,24,1
8004181,2023,3,36,1
8004181,2023,3,48,1
8004181,2023,3,240,1
8004181,2023,3,360,1
8004181,2023,4,36,1
8004181,2023,4,72,1
8004181,2023,4,240,1
8004181,2024,3,24,1
8004181,2024,4,12,1
8004181,2024,7,48,1
8004188,2022,1,84,1
8004188,2022,1,672,1
8004188,2022,2,84,6
8004188,2022,2,54.6,1
8004188,2022,2,63,1
8004188,2022,2,252,1
8004188,2022,3,54.6,1
8004188,2022,3,84,1
8004188,2022,3,285.6,1
8004188,2022,4,84,3
8004188,2022,4,54.18,2
8004188,2022,4,162.54,1
8004188,2022,4,168,1
8004188,2022,5,84,1
8004188,2022,5,168,1
8004188,2022,5,428.4,1
8004188,2022,6,84,4
8004188,2022,6,71.4,1
8004188,2022,6,163.8,1
8004188,2022,7,336,1
8004188,2022,8,84,1
8004188,2022,8,168,1
8004188,2022,9,63,2
8004188,2022,9,84,1
8004188,2022,9,168,1
8004188,2022,9,252,1
8004188,2022,9,504,1
8004188,2022,10,84,1
8004188,2022,10,109.2,1
8004188,2022,10,756,1
8004188,2022,11,168,3
8004188,2022,11,84,1
8004188,2022,11,252,1
8004188,2022,12,42.25,1
8004188,2022,12,48.75,1
8004188,2022,12,84,1
8004188,2022,12,126.75,1
8004188,2022,12,169,1
8004188,2023,1,130,1
8004188,2023,1,520,1
8004188,2023,2,65,2
8004188,2023,3,65,2
8004188,2023,3,42.25,1
8004188,2023,3,195,1
8004188,2023,3,351,1
8004188,2024,3,42.25,1
8004188,2024,9,60,1
8004190,2023,3,87,1
8004190,2023,4,87,1
8004190,2023,8,87,1
8004191,2022,5,73.95,1
8004191,2022,11,87,4
8004191,2023,4,174,1
8004191,2023,10,87,1
8004191,2023,11,87,1
8004191,2023,11,174,1
8004191,2024,2,369.75,1
8004191,2024,2,961.35,1
8004192,2022,1,1316,1
8004192,2022,2,35,2
8004192,2022,2,22.75,1
8004192,2022,3,35,3
8004192,2022,6,22.75,1
8004192,2022,6,35,1
8004192,2022,6,70,1
8004192,2022,9,35,1
8004192,2022,11,35,1
8004192,2023,2,35,1
8004192,2023,8,35,1
8004192,2023,11,35,1
8004192,2024,1,35,1
8004192,2024,6,22.75,1
8004194,2023,2,35,1
8004194,2023,11,35,1
8004200,2022,10,52,1
8004202,2024,11,123,1
8004204,2023,4,235.4,1
8004204,2023,5,440,1
8004204,2024,3,22,1
8004204,2024,3,44,1
8004204,2024,3,66,1
8004204,2024,3,110,1
8004204,2024,5,22,1
8004204,2024,6,66,1
8004204,2024,7,22,1
8004204,2024,7,88,1
8004204,2024,7,49280,1
8004205,2022,1,884,1
8004205,2022,1,1360,1
8004205,2022,4,1360,1
8004205,2022,5,1360,1
8004205,2022,6,1360,1
8004205,2022,10,884,1
8004205,2022,11,1360,1
8004205,2023,2,800,2
8004205,2023,2,1000,1
8004205,2023,5,1000,1
8004205,2023,9,800,1
8004205,2024,1,650,1
8004205,2024,1,800,1
8004205,2024,2,650,1
8004205,2024,4,1000,1
8004205,2024,9,800,1
8004216,2022,4,30,1
8004216,2022,8,30,1
8004216,2022,9,30,1
8004216,2024,4,120,1
8004216,2024,10,240,1
8004217,2022,1,40,1
8004217,2022,2,840,1
8004217,2022,8,200,1
8004217,2023,6,120,1
8004217,2023,6,200,1
8004217,2023,11,240,1
8004217,2024,5,40,2
8004217,2024,5,160,1
8004217,2024,6,80,1
8004217,2024,11,120,1
8004217,2024,12,120,1
8004224,2023,8,90,1
8004227,2022,3,42.25,1
8004227,2022,4,65,1
8004227,2022,5,65,1
8004227,2022,6,65,1
8004227,2022,10,65,1
8004227,2022,11,42.25,1
8004227,2023,1,65,1
8004227,2023,4,42.25,1
8004227,2023,5,42.25,1
8004227,2023,5,65,1
8004227,2023,7,65,2
8004227,2023,8,65,1
8004227,2023,9,130,1
8004227,2023,10,65,1
8004227,2023,11,65,1
8004227,2023,12,42.25,1
8004227,2023,12,65,1
8004227,2024,3,65,1
8004227,2024,3,260,1
8004227,2024,6,42.25,1
8004232,2024,12,110,1
8004235,2023,5,37.7,1
8004235,2023,8,58,1
8004235,2023,12,58,1
8004243,2022,2,26,1
8004243,2022,7,3030,1
8004243,2022,9,30,1
8004243,2022,10,26,1
8004243,2022,12,40,1
8004243,2023,1,40,1
8004243,2023,2,26,1
8004243,2023,3,740,1
8004243,2023,4,40,1
8004243,2023,4,400,1
8004243,2023,5,34,1
8004243,2023,5,80,1
8004243,2023,6,320,1
8004243,2023,8,200,1
8004243,2023,9,340,1
8004243,2023,9,2400,1
8004243,2023,10,40,1
8004243,2024,1,26,1
8004243,2024,4,40,1
8004243,2024,6,52,1
8004243,2024,9,3168,1
8004248,2022,1,90,1
8004248,2022,2,18900,1
8004248,2022,4,270,1
8004248,2022,4,360,1
8004248,2022,5,270,2
8004248,2022,5,90,1
8004248,2022,5,900,1
8004248,2022,7,90,1
8004248,2022,7,270,1
8004248,2022,9,90,2
8004248,2022,10,180,1
8004248,2022,11,90,1
8004248,2023,1,270,1
8004248,2023,2,90,1
8004248,2023,4,90,1
8004248,2023,5,90,1
8004248,2023,7,90,2
8004248,2023,7,360,1
8004248,2023,8,90,1
8004248,2023,8,2430,1
8004248,2023,11,10980,1
8004248,2024,1,117,1
8004248,2024,1,270,1
8004248,2024,4,90,1
8004248,2024,4,81810,1
8004248,2024,6,90,1
8004248,2024,7,90,1
8004248,2024,8,90,1
8004248,2024,8,629.94,1
8004248,2024,9,270,1
8004248,2024,10,180,1
8004248,2024,11,30.6,1
8004248,2024,11,90,1
8004248,2024,11,1080,1
8004250,2022,5,87,2
8004250,2023,4,87,2
8004251,2022,9,45,1
8004251,2023,5,90,1
8004251,2023,6,45,1
8004251,2024,3,45,1
8004251,2024,6,90,1
8004259,2023,6,2000,1
8004259,2023,8,2100,1
8004286,2022,7,480,1
8004287,2022,3,850,1
8004287,2022,5,170,1
8004287,2022,7,680,1
8004287,2022,9,340,1
8004287,2022,9,1700,1
8004287,2022,11,850,1
8004287,2022,12,850,1
8004287,2023,1,1700,1
8004287,2023,2,1700,1
8004287,2023,4,1700,1
8004287,2023,6,1700,1
8004287,2023,8,170,1
8004287,2024,4,170,3
8004287,2024,4,340,3
8004287,2024,4,680,2
8004287,2024,4,510,1
8004287,2024,5,170,2
8004287,2024,5,340,2
8004287,2024,6,170,2
8004287,2024,6,340,1
8004287,2024,7,170,2
8004287,2024,7,340,2
8004287,2024,8,170,4
8004287,2024,8,510,1
8004287,2024,9,170,1
8004287,2024,11,340,1
8004287,2024,12,170,6
8004287,2024,12,340,2
8004287,2024,12,850,1
8004290,2023,3,26950,1
8004290,2023,5,46501,1
8004290,2023,5,52675,1
8004290,2023,8,88273.99,1
8004290,2023,8,156065,1
8004291,2022,2,1080,1
8004291,2024,8,1620,1
8004840,2022,3,800,1
8004840,2022,6,800,1
8004840,2022,8,800,1
8004840,2022,10,20160,1
8004980,2022,2,1500,2
8004980,2022,3,1500,1
8004980,2022,4,1500,2
8004980,2022,5,1500,1
8004980,2022,6,1500,1
8004980,2022,8,1500,2
8004980,2022,9,1500,1
8004980,2022,11,1500,1
8004980,2022,12,1500,4
8004980,2023,2,1500,1
8004980,2023,3,1500,1
8004980,2023,4,1500,2
8004980,2023,5,1500,3
8004980,2023,6,1500,1
8004980,2023,7,1500,2
8004980,2023,8,1500,2
8004980,2023,11,1500,1
8004980,2023,12,1500,1
8004980,2024,11,1700,1
8004980,2024,12,1700,1
8004981,2022,2,1200,1
8004981,2022,3,5400,1
8004981,2022,4,1200,2
8004981,2022,4,600,1
8004981,2022,5,600,1
8004981,2022,11,3600,1
8004981,2022,12,600,1
8004981,2023,3,1800,1
8004981,2023,4,600,1
8004981,2023,5,600,1
8004981,2023,5,3600,1
8004981,2023,6,600,1
8004981,2023,6,2400,1
8004981,2023,8,4200,1
8004981,2024,12,2100,1
8005050,2023,12,300,1
8005051,2022,1,27,6
8005051,2022,2,27,7
8005051,2022,2,13.5,1
8005051,2022,2,17.55,1
8005051,2022,3,27,4
8005051,2022,3,13.5,1
8005051,2022,4,27,4
8005051,2022,5,27,3
8005051,2022,6,27,7
8005051,2022,6,16.2,1
8005051,2022,7,27,4
8005051,2022,8,27,7
8005051,2022,9,27,7
8005051,2022,9,54,1
8005051,2022,10,27,4
8005051,2022,11,27,7
8005051,2022,12,27,3
8005051,2023,1,27,8
8005051,2023,2,27,4
8005051,2023,3,27,4
8005051,2023,4,27,2
8005051,2023,5,27,1
8005051,2023,6,27,3
8005051,2023,7,27,1
8005051,2023,8,27,2
8005051,2023,9,27,2
8005051,2023,12,27,3
8005051,2024,2,27,1
8005051,2024,8,15.01,1
8005052,2022,1,39,2
8005052,2022,2,39,4
8005052,2022,3,39,4
8005052,2022,4,39,2
8005052,2022,4,58.5,1
8005052,2022,5,39,1
8005052,2022,6,39,2
8005052,2022,7,39,1
8005052,2022,8,39,4
8005052,2022,9,39,4
8005052,2022,11,39,1
8005052,2022,12,39,1
8005052,2023,3,39,4
8005052,2023,6,39,1
8005052,2023,7,39,1
8005052,2023,10,78,1
8005052,2024,1,39,1
8005052,2024,2,39,1
8005052,2024,3,39,1
8005052,2024,5,39,1
8005052,2024,5,70.2,1
8005052,2024,8,39,1
8005052,2024,9,39,1
8005052,2024,10,585,1
8005550,2023,4,24,1
8005550,2023,6,45,1
8005643,2022,12,128700,1
8005643,2023,2,152451,1
8005643,2023,4,23751,1
8005643,2023,5,115830,1
8005643,2023,12,23751,1
8005643,2024,3,115830,1
8005643,2024,3,152451,1
8005650,2022,1,3000,1
8005650,2022,5,8436.17,1
8005650,2022,5,8915.08,1
8005650,2023,4,10768.85,1
8005650,2023,6,94,1
8005650,2023,7,2100,1
8005652,2023,11,20000,1
8005652,2024,12,20000,1
8006243,2022,8,725.1,1
8006243,2022,8,188325.08,1
8006243,2023,1,210356.41,1
8006243,2023,2,2550.33,1
8006243,2023,2,13597.32,1
8006243,2023,8,275601.58,1
8006243,2023,12,210000,1
8006243,2024,2,140000,1
8006243,2024,2,257654.45,1
8006243,2024,3,684.93,1
8006243,2024,3,1111.68,1
8006243,2024,3,9415.85,1
8006243,2024,9,1295.48,1
8006243,2024,9,251378.58,1
8006854,2022,12,315,1
8006854,2023,2,1050,1
8006855,2022,6,525,1
8006855,2022,6,1200,1
8006855,2022,11,210,1
8006856,2022,6,400,2
8006856,2022,6,105,1
8006856,2022,8,105,1
8006856,2022,8,210,1
8006856,2022,9,105,2
8006856,2022,12,105,1
8006856,2022,12,210,1
8006924,2022,1,50,1
8006924,2022,2,200,1
8006924,2022,3,50,2
8006924,2022,3,42.5,1
8006924,2022,4,37.5,1
8006924,2022,4,50,1
8006924,2022,4,150,1
8006924,2022,6,100,2
8006924,2022,6,50,1
8006924,2022,6,127.5,1
8006924,2022,6,300,1
8006924,2022,7,99,1
8006924,2022,10,33,1
8006924,2022,11,66,1
8006924,2022,11,462,1
8006924,2022,12,66,1
8006924,2023,2,33,2
8006924,2023,2,52.8,1
8006924,2023,2,66,1
8006924,2023,2,112.2,1
8006924,2023,2,198,1
8006924,2023,3,33,2
8006924,2023,3,99,1
8006924,2023,4,33,1
8006924,2023,4,462,1
8006924,2023,4,2211,1
8006924,2023,5,33,1
8006924,2023,5,198,1
8006924,2023,5,660,1
8006924,2023,6,66,1
8006924,2023,7,16.5,2
8006924,2023,8,33,1
8006924,2023,10,33,1
8006924,2023,10,99,1
8006924,2023,10,693,1
8006924,2023,11,33,3
8006924,2023,11,66,1
8006924,2023,11,1155,1
8006924,2023,12,363,1
8006924,2024,1,132,1
8006924,2024,1,627,1
8006924,2024,2,66,1
8006924,2024,3,2112,1
8006924,2024,4,33,1
8006924,2024,4,66,1
8006924,2024,5,33,1
8006924,2024,5,165,1
8006924,2024,5,712.8,1
8006924,2024,6,132,1
8006924,2024,7,66,2
8006924,2024,7,165,1
8006924,2024,7,1089,1
8006924,2024,10,33,2
8006924,2024,10,66,1
8006924,2024,11,66,1
8006924,2024,12,264,1
8006925,2022,1,37.5,1
8006925,2022,1,150,1
8006925,2022,1,300,1
8006925,2022,1,700,1
8006925,2022,2,1955,1
8006925,2022,3,50,2
8006925,2022,4,50,3
8006925,2022,4,37.5,1
8006925,2022,5,34,1
8006925,2022,5,50,1
8006925,2022,6,35,2
8006925,2022,6,25,1
8006925,2022,6,50,1
8006925,2022,7,175,1
8006925,2022,8,70,1
8006925,2022,9,35,1
8006925,2022,11,70,1
8006925,2022,11,3395,1
8006925,2023,2,2885.75,1
8006925,2023,5,2885.75,1
8006925,2023,6,105,1
8006925,2023,10,89.25,1
8006925,2023,12,35,1
8006925,2023,12,70,1
8006925,2024,1,22.75,1
8006925,2024,1,35,1
8006925,2024,2,105,1
8006925,2024,3,70,1
8006925,2024,3,210,1
8006925,2024,3,525,1
8006925,2024,4,105,1
8006925,2024,5,35,1
8006925,2024,5,3395,1
8006925,2024,7,35,1
8006925,2024,9,210,1
8006925,2024,11,105,1
8006925,2024,11,23765,1
8006926,2022,2,300,1
8006926,2022,4,100,1
8006926,2022,4,250,1
8006926,2022,6,36,1
8006926,2022,7,2016,1
8006926,2022,9,36,1
8006926,2022,10,540,1
8006926,2022,11,108,1
8006926,2022,12,1440,1
8006926,2023,1,360,1
8006926,2023,2,856.8,1
8006926,2023,3,36,1
8006926,2023,5,252,1
8006926,2023,5,612,1
8006926,2023,5,673.2,1
8006926,2023,5,720,1
8006926,2023,5,1260,1
8006926,2024,2,36,1
8006926,2024,3,180,1
8006926,2024,4,36,2
8006926,2024,5,36,2
8006926,2024,5,1008,1
8006926,2024,7,80640,1
8006926,2024,8,1008,1
8006927,2022,2,100,1
8006927,2022,3,525,1
8006927,2022,6,150,1
8006927,2023,1,200,1
8006927,2023,5,100,1
8006927,2023,5,200,1
8006927,2023,7,200,1
8006990,2022,1,460,4
8006990,2022,1,1840,1
8006990,2022,2,460,2
8006990,2022,2,230,1
8006990,2022,3,230,1
8006990,2022,3,690,1
8006990,2022,4,460,5
8006990,2022,4,1380,2
8006990,2022,5,230,1
8006990,2022,5,460,1
8006990,2022,6,230,1
8006990,2022,6,460,1
8006990,2022,6,690,1
8006990,2022,7,460,3
8006990,2022,7,230,1
8006990,2022,7,920,1
8006990,2022,7,1840,1
8006990,2022,8,460,3
8006990,2022,8,230,1
8006990,2022,8,920,1
8006990,2022,8,2990,1
8006990,2022,10,230,3
8006990,2022,10,460,1
8006990,2022,10,690,1
8006990,2022,10,920,1
8006990,2022,11,460,2
8006990,2022,12,460,2
8006990,2022,12,690,2
8006990,2022,12,1380,1
8006990,2023,1,460,2
8006990,2023,1,690,1
8006990,2023,2,460,2
8006990,2023,2,920,2
8006990,2023,3,460,6
8006990,2023,3,920,1
8006990,2023,5,1150,1
8006990,2023,6,230,1
8006990,2023,7,690,1
8006990,2023,7,855,1
8006990,2023,7,1710,1
8006990,2023,8,855,1
8006990,2023,9,570,1
8006990,2023,9,855,1
8006990,2023,11,570,3
8006990,2023,11,285,2
8006990,2023,11,855,2
8006990,2023,11,1425,1
8006990,2023,11,1995,1
8006990,2023,11,2850,1
8006990,2023,11,8550,1
8006990,2023,12,570,2
8006990,2023,12,1140,2
8006990,2023,12,855,1
8006990,2023,12,1995,1
8006990,2024,1,855,6
8006990,2024,1,570,5
8006990,2024,1,1140,2
8006990,2024,1,1710,2
8006990,2024,1,2280,1
8006990,2024,1,2850,1
8006990,2024,2,570,8
8006990,2024,2,855,4
8006990,2024,2,1140,3
8006990,2024,2,1710,3
8006990,2024,2,285,1
8006990,2024,2,2850,1
8006990,2024,3,570,6
8006990,2024,3,142.5,1
8006990,2024,3,285,1
8006990,2024,3,855,1
8006990,2024,3,1140,1
8006990,2024,3,1425,1
8006990,2024,3,2280,1
8006990,2024,4,855,4
8006990,2024,4,570,2
8006990,2024,4,1425,2
8006990,2024,4,1710,2
8006990,2024,4,1140,1
8006990,2024,5,285,2
8006990,2024,5,855,2
8006990,2024,5,2280,2
8006990,2024,5,570,1
8006990,2024,5,13965,1
8006990,2024,6,570,7
8006990,2024,6,285,1
8006990,2024,6,1140,1
8006990,2024,6,3135,1
8006990,2024,7,570,2
8006990,2024,7,1425,1
8006990,2024,8,285,4
8006990,2024,8,570,3
8006990,2024,8,855,1
8006990,2024,8,1050,1
8006990,2024,9,350,3
8006990,2024,9,700,2
8006990,2024,9,1050,2
8006990,2024,10,700,2
8006990,2024,10,1050,2
8006990,2024,10,1400,1
8006990,2024,11,700,5
8006990,2024,11,350,3
8006990,2024,11,1050,1
8006990,2024,12,700,1
8006990,2024,12,1750,1
8006990,2024,12,2100,1
8007782,2022,1,160,5
8007782,2022,1,40,4
8007782,2022,1,60,4
8007782,2022,1,200,4
8007782,2022,1,20,3
8007782,2022,1,80,3
8007782,2022,1,100,3
8007782,2022,1,8,2
8007782,2022,1,12,2
8007782,2022,1,50,2
8007782,2022,1,140,2
8007782,2022,1,170,2
8007782,2022,1,300,2
8007782,2022,1,400,2
8007782,2022,1,2,1
8007782,2022,1,10,1
8007782,2022,1,16,1
8007782,2022,1,32,1
8007782,2022,1,41.05,1
8007782,2022,1,88,1
8007782,2022,1,100.26,1
8007782,2022,1,108,1
8007782,2022,1,120,1
8007782,2022,1,128,1
8007782,2022,1,130,1
8007782,2022,1,164,1
8007782,2022,1,192,1
8007782,2022,1,196,1
8007782,2022,1,204,1
8007782,2022,1,210,1
8007782,2022,1,220,1
8007782,2022,1,239.96,1
8007782,2022,1,280,1
8007782,2022,1,320,1
8007782,2022,1,380,1
8007782,2022,1,440,1
8007782,2022,2,20,7
8007782,2022,2,240,6
8007782,2022,2,80,4
8007782,2022,2,60,3
8007782,2022,2,140,2
8007782,2022,2,360,2
8007782,2022,2,400,2
8007782,2022,2,2,1
8007782,2022,2,18,1
8007782,2022,2,30,1
8007782,2022,2,40,1
8007782,2022,2,64,1
8007782,2022,2,100,1
8007782,2022,2,118,1
8007782,2022,2,120,1
8007782,2022,2,160,1
8007782,2022,2,180,1
8007782,2022,2,220,1
8007782,2022,2,480,1
8007782,2022,2,760,1
8007782,2022,3,20,6
8007782,2022,3,60,5
8007782,2022,3,80,5
8007782,2022,3,140,5
8007782,2022,3,100,4
8007782,2022,3,120,3
8007782,2022,3,240,3
8007782,2022,3,400,3
8007782,2022,3,440,3
8007782,2022,3,40,2
8007782,2022,3,160,2
8007782,2022,3,300,2
8007782,2022,3,480,2
8007782,2022,3,2,1
8007782,2022,3,4,1
8007782,2022,3,6,1
8007782,2022,3,8,1
8007782,2022,3,10,1
8007782,2022,3,30,1
8007782,2022,3,52,1
8007782,2022,3,96,1
8007782,2022,3,110,1
8007782,2022,3,112,1
8007782,2022,3,132,1
8007782,2022,3,176,1
8007782,2022,3,180,1
8007782,2022,3,252,1
8007782,2022,3,266,1
8007782,2022,3,310,1
8007782,2022,3,500,1
8007782,2022,3,960,1
8007782,2022,4,100,6
8007782,2022,4,180,5
8007782,2022,4,20,4
8007782,2022,4,40,3
8007782,2022,4,60,2
8007782,2022,4,80,2
8007782,2022,4,400,2
8007782,2022,4,16,1
8007782,2022,4,30,1
8007782,2022,4,32,1
8007782,2022,4,104,1
8007782,2022,4,120,1
8007782,2022,4,130,1
8007782,2022,4,132,1
8007782,2022,4,140,1
8007782,2022,4,160,1
8007782,2022,4,240,1
8007782,2022,4,300,1
8007782,2022,4,320,1
8007782,2022,4,440,1
8007782,2022,5,10,6
8007782,2022,5,30,4
8007782,2022,5,60,4
8007782,2022,5,12,3
8007782,2022,5,100,3
8007782,2022,5,120,3
8007782,2022,5,180,3
8007782,2022,5,2,2
8007782,2022,5,20,2
8007782,2022,5,160,2
8007782,2022,5,300,2
8007782,2022,5,360,2
8007782,2022,5,500,2
8007782,2022,5,2.12,1
8007782,2022,5,4,1
8007782,2022,5,14,1
8007782,2022,5,80,1
8007782,2022,5,88,1
8007782,2022,5,116.99,1
8007782,2022,5,130,1
8007782,2022,5,148,1
8007782,2022,5,168,1
8007782,2022,5,172,1
8007782,2022,5,200,1
8007782,2022,5,210,1
8007782,2022,5,220,1
8007782,2022,5,224,1
8007782,2022,5,320,1
8007782,2022,5,340,1
8007782,2022,5,430,1
8007782,2022,5,480,1
8007782,2022,6,80,5
8007782,2022,6,40,4
8007782,2022,6,140,4
8007782,2022,6,320,4
8007782,2022,6,10,3
8007782,2022,6,30,3
8007782,2022,6,120,3
8007782,2022,6,160,3
8007782,2022,6,20,2
8007782,2022,6,130,2
8007782,2022,6,200,2
8007782,2022,6,240,2
8007782,2022,6,280,2
8007782,2022,6,400,2
8007782,2022,6,6,1
8007782,2022,6,25.06,1
8007782,2022,6,32,1
8007782,2022,6,50,1
8007782,2022,6,60,1
8007782,2022,6,64,1
8007782,2022,6,100,1
8007782,2022,6,180,1
8007782,2022,6,300,1
8007782,2022,6,430,1
8007782,2022,6,580,1
8007782,2022,7,16,4
8007782,2022,7,120,3
8007782,2022,7,20,2
8007782,2022,7,40,2
8007782,2022,7,50,2
8007782,2022,7,60,2
8007782,2022,7,80,2
8007782,2022,7,4,1
8007782,2022,7,8.24,1
8007782,2022,7,12.36,1
8007782,2022,7,16.48,1
8007782,2022,7,24.72,1
8007782,2022,7,32,1
8007782,2022,7,34.94,1
8007782,2022,7,41.2,1
8007782,2022,7,84,1
8007782,2022,7,100,1
8007782,2022,7,104,1
8007782,2022,7,107.12,1
8007782,2022,7,130,1
8007782,2022,7,164,1
8007782,2022,7,170,1
8007782,2022,7,176,1
8007782,2022,7,240,1
8007782,2022,7,280,1
8007782,2022,7,288.4,1
8007782,2022,7,360,1
8007782,2022,7,370.8,1
8007782,2022,7,380,1
8007782,2022,7,400,1
8007782,2022,7,480,1
8007782,2022,7,515,1
8007782,2022,7,576.8,1
8007782,2022,7,600,1
8007782,2022,7,741.6,1
8007782,2022,7,1128,1
8007782,2022,8,288.4,5
8007782,2022,8,30.9,3
8007782,2022,8,41.2,3
8007782,2022,8,82.4,3
8007782,2022,8,164.8,3
8007782,2022,8,206,3
8007782,2022,8,20.6,2
8007782,2022,8,131.84,2
8007782,2022,8,144.2,2
8007782,2022,8,160,2
8007782,2022,8,168.92,2
8007782,2022,8,247.2,2
8007782,2022,8,309,2
8007782,2022,8,370.8,2
8007782,2022,8,412,2
8007782,2022,8,4.12,1
8007782,2022,8,10,1
8007782,2022,8,16.48,1
8007782,2022,8,20,1
8007782,2022,8,28.84,1
8007782,2022,8,35.02,1
8007782,2022,8,51.5,1
8007782,2022,8,80,1
8007782,2022,8,100,1
8007782,2022,8,103,1
8007782,2022,8,164,1
8007782,2022,8,170.98,1
8007782,2022,8,200,1
8007782,2022,8,329.6,1
8007782,2022,8,400,1
8007782,2022,8,420.24,1
8007782,2022,8,515,1
8007782,2022,9,82.4,6
8007782,2022,9,309,5
8007782,2022,9,247.2,3
8007782,2022,9,20.6,2
8007782,2022,9,103,2
8007782,2022,9,206,2
8007782,2022,9,329.6,2
8007782,2022,9,412,2
8007782,2022,9,4.12,1
8007782,2022,9,8.24,1
8007782,2022,9,10.3,1
8007782,2022,9,12.36,1
8007782,2022,9,16.48,1
8007782,2022,9,24.72,1
8007782,2022,9,30.9,1
8007782,2022,9,51.5,1
8007782,2022,9,64,1
8007782,2022,9,86.52,1
8007782,2022,9,94.76,1
8007782,2022,9,98.88,1
8007782,2022,9,100,1
8007782,2022,9,123.6,1
8007782,2022,9,131.84,1
8007782,2022,9,159.98,1
8007782,2022,9,164.8,1
8007782,2022,9,173.04,1
8007782,2022,9,185.4,1
8007782,2022,9,200,1
8007782,2022,9,208,1
8007782,2022,9,288.4,1
8007782,2022,9,370.8,1
8007782,2022,9,494.4,1
8007782,2022,9,576.8,1
8007782,2022,9,927,1
8007782,2022,10,51.5,5
8007782,2022,10,329.6,4
8007782,2022,10,41.2,3
8007782,2022,10,61.8,3
8007782,2022,10,82.4,3
8007782,2022,10,94.76,3
8007782,2022,10,370.8,3
8007782,2022,10,8.24,2
8007782,2022,10,164.8,2
8007782,2022,10,10.3,1
8007782,2022,10,57.68,1
8007782,2022,10,103,1
8007782,2022,10,123.6,1
8007782,2022,10,144.2,1
8007782,2022,10,173.04,1
8007782,2022,10,175.1,1
8007782,2022,10,197.76,1
8007782,2022,10,206,1
8007782,2022,10,247.2,1
8007782,2022,10,288.4,1
8007782,2022,10,309,1
8007782,2022,10,341.96,1
8007782,2022,10,350.2,1
8007782,2022,10,374.92,1
8007782,2022,10,391.4,1
8007782,2022,10,432.6,1
8007782,2022,10,576.8,1
8007782,2022,11,20.6,6
8007782,2022,11,103,5
8007782,2022,11,164.8,5
8007782,2022,11,4.12,4
8007782,2022,11,8.24,3
8007782,2022,11,61.8,3
8007782,2022,11,329.6,3
8007782,2022,11,370.8,3
8007782,2022,11,391.4,3
8007782,2022,11,10.3,2
8007782,2022,11,26.78,2
8007782,2022,11,41.2,2
8007782,2022,11,82.4,2
8007782,2022,11,86.52,2
8007782,2022,11,123.6,2
8007782,2022,11,131.84,2
8007782,2022,11,133.9,2
8007782,2022,11,154.5,2
8007782,2022,11,247.2,2
8007782,2022,11,2.06,1
8007782,2022,11,6.18,1
8007782,2022,11,24.72,1
8007782,2022,11,30.9,1
8007782,2022,11,72.1,1
8007782,2022,11,80,1
8007782,2022,11,94.76,1
8007782,2022,11,104,1
8007782,2022,11,113.3,1
8007782,2022,11,144.2,1
8007782,2022,11,177.16,1
8007782,2022,11,181.28,1
8007782,2022,11,206,1
8007782,2022,11,210.12,1
8007782,2022,11,226.6,1
8007782,2022,11,288.4,1
8007782,2022,11,412,1
8007782,2022,11,556.2,1
8007782,2022,11,859.02,1
8007782,2022,12,61.8,8
8007782,2022,12,8.24,4
8007782,2022,12,10.3,4
8007782,2022,12,4.12,3
8007782,2022,12,41.2,3
8007782,2022,12,103,3
8007782,2022,12,123.6,3
8007782,2022,12,164.8,3
8007782,2022,12,370.8,3
8007782,2022,12,12.36,2
8007782,2022,12,20.6,2
8007782,2022,12,82.4,2
8007782,2022,12,10,1
8007782,2022,12,16.48,1
8007782,2022,12,26.78,1
8007782,2022,12,32.96,1
8007782,2022,12,47.38,1
8007782,2022,12,92.7,1
8007782,2022,12,105.06,1
8007782,2022,12,107.12,1
8007782,2022,12,109.18,1
8007782,2022,12,127.72,1
8007782,2022,12,131.84,1
8007782,2022,12,133.9,1
8007782,2022,12,144.2,1
8007782,2022,12,152.44,1
8007782,2022,12,160,1
8007782,2022,12,185.4,1
8007782,2022,12,193.64,1
8007782,2022,12,206,1
8007782,2022,12,214.24,1
8007782,2022,12,240,1
8007782,2022,12,247.2,1
8007782,2022,12,255.44,1
8007782,2022,12,309,1
8007782,2022,12,329.6,1
8007782,2022,12,360,1
8007782,2022,12,368.74,1
8007782,2022,12,391.4,1
8007782,2022,12,412,1
8007782,2022,12,560,1
8007782,2022,12,660,1
8007782,2022,12,735.42,1
8007782,2023,1,123.6,7
8007782,2023,1,8.24,4
8007782,2023,1,82.4,3
8007782,2023,1,206,3
8007782,2023,1,309,3
8007782,2023,1,41.2,2
8007782,2023,1,61.8,2
8007782,2023,1,103,2
8007782,2023,1,164.8,2
8007782,2023,1,185.4,2
8007782,2023,1,329.6,2
8007782,2023,1,4.12,1
8007782,2023,1,16.48,1
8007782,2023,1,18.54,1
8007782,2023,1,30.9,1
8007782,2023,1,51.5,1
8007782,2023,1,65.92,1
8007782,2023,1,72.1,1
8007782,2023,1,84.46,1
8007782,2023,1,86.52,1
8007782,2023,1,96.82,1
8007782,2023,1,107.12,1
8007782,2023,1,111.24,1
8007782,2023,1,148.32,1
8007782,2023,1,160.68,1
8007782,2023,1,168.92,1
8007782,2023,1,177.16,1
8007782,2023,1,222.48,1
8007782,2023,1,247.2,1
8007782,2023,1,267.8,1
8007782,2023,1,341.96,1
8007782,2023,1,381.1,1
8007782,2023,1,391.4,1
8007782,2023,1,494.4,1
8007782,2023,1,613.88,1
8007782,2023,2,65.92,7
8007782,2023,2,41.2,6
8007782,2023,2,133.9,4
8007782,2023,2,370.8,4
8007782,2023,2,82.4,3
8007782,2023,2,103,3
8007782,2023,2,144.2,3
8007782,2023,2,206,3
8007782,2023,2,20.6,2
8007782,2023,2,35.02,2
8007782,2023,2,61.8,2
8007782,2023,2,86.52,2
8007782,2023,2,123.6,2
8007782,2023,2,309,2
8007782,2023,2,4.12,1
8007782,2023,2,8.24,1
8007782,2023,2,10.3,1
8007782,2023,2,12.36,1
8007782,2023,2,16.48,1
8007782,2023,2,24.72,1
8007782,2023,2,53.56,1
8007782,2023,2,55.62,1
8007782,2023,2,70.04,1
8007782,2023,2,96.82,1
8007782,2023,2,100.94,1
8007782,2023,2,107.12,1
8007782,2023,2,127.72,1
8007782,2023,2,164.8,1
8007782,2023,2,175.1,1
8007782,2023,2,185.4,1
8007782,2023,2,191.58,1
8007782,2023,2,226.6,1
8007782,2023,2,247.2,1
8007782,2023,2,255.44,1
8007782,2023,2,329.6,1
8007782,2023,2,381.1,1
8007782,2023,2,400,1
8007782,2023,2,412,1
8007782,2023,2,440,1
8007782,2023,3,8.24,3
8007782,2023,3,20.6,3
8007782,2023,3,65.92,3
8007782,2023,3,10.3,2
8007782,2023,3,13.02,2
8007782,2023,3,26.78,2
8007782,2023,3,61.8,2
8007782,2023,3,82.4,2
8007782,2023,3,185.4,2
8007782,2023,3,329.6,2
8007782,2023,3,4.12,1
8007782,2023,3,4.34,1
8007782,2023,3,7.27,1
8007782,2023,3,8.68,1
8007782,2023,3,16.48,1
8007782,2023,3,17.36,1
8007782,2023,3,24.72,1
8007782,2023,3,32.96,1
8007782,2023,3,35.02,1
8007782,2023,3,41.2,1
8007782,2023,3,43.4,1
8007782,2023,3,47.38,1
8007782,2023,3,47.74,1
8007782,2023,3,55.62,1
8007782,2023,3,75.95,1
8007782,2023,3,100.94,1
8007782,2023,3,106.38,1
8007782,2023,3,121.52,1
8007782,2023,3,130.2,1
8007782,2023,3,131.84,1
8007782,2023,3,144.2,1
8007782,2023,3,206,1
8007782,2023,3,217,1
8007782,2023,3,325.5,1
8007782,2023,3,370.8,1
8007782,2023,3,412,1
8007782,2023,3,494.4,1
8007782,2023,3,679.8,1
8007782,2023,3,3708,1
8007782,2023,4,173.6,4
8007782,2023,4,8.68,3
8007782,2023,4,86.8,3
8007782,2023,4,434,3
8007782,2023,4,4.34,2
8007782,2023,4,15.19,2
8007782,2023,4,65.92,2
8007782,2023,4,78.12,2
8007782,2023,4,103,2
8007782,2023,4,325.5,2
8007782,2023,4,4.12,1
8007782,2023,4,6.51,1
8007782,2023,4,8.24,1
8007782,2023,4,10.85,1
8007782,2023,4,32.55,1
8007782,2023,4,41.2,1
8007782,2023,4,43.4,1
8007782,2023,4,51.5,1
8007782,2023,4,74.16,1
8007782,2023,4,99.82,1
8007782,2023,4,108.5,1
8007782,2023,4,130.2,1
8007782,2023,4,134.54,1
8007782,2023,4,135.96,1
8007782,2023,4,147.56,1
8007782,2023,4,164.8,1
8007782,2023,4,206,1
8007782,2023,4,223.51,1
8007782,2023,4,227.85,1
8007782,2023,4,260.4,1
8007782,2023,4,267.8,1
8007782,2023,4,276.86,1
8007782,2023,4,282.1,1
8007782,2023,4,303.8,1
8007782,2023,4,370.8,1
8007782,2023,4,455.7,1
8007782,2023,4,542.5,1
8007782,2023,5,8.68,6
8007782,2023,5,86.8,6
8007782,2023,5,173.6,6
8007782,2023,5,390.6,5
8007782,2023,5,65.1,4
8007782,2023,5,195.3,4
8007782,2023,5,217,4
8007782,2023,5,412.3,4
8007782,2023,5,43.4,3
8007782,2023,5,130.2,3
8007782,2023,5,260.4,3
8007782,2023,5,325.5,3
8007782,2023,5,21.7,2
8007782,2023,5,26.04,2
8007782,2023,5,54.25,2
8007782,2023,5,69.44,2
8007782,2023,5,99.82,2
8007782,2023,5,108.5,2
8007782,2023,5,151.9,2
8007782,2023,5,4.34,1
8007782,2023,5,10.85,1
8007782,2023,5,17.36,1
8007782,2023,5,41.2,1
8007782,2023,5,45.57,1
8007782,2023,5,52.08,1
8007782,2023,5,55.62,1
8007782,2023,5,72.1,1
8007782,2023,5,97.65,1
8007782,2023,5,107.12,1
8007782,2023,5,110.67,1
8007782,2023,5,112.84,1
8007782,2023,5,113.74,1
8007782,2023,5,117.18,1
8007782,2023,5,121.52,1
8007782,2023,5,123.69,1
8007782,2023,5,147.56,1
8007782,2023,5,156.24,1
8007782,2023,5,158.41,1
8007782,2023,5,164.8,1
8007782,2023,5,186.62,1
8007782,2023,5,206,1
8007782,2023,5,221.34,1
8007782,2023,5,236.9,1
8007782,2023,5,247.2,1
8007782,2023,5,347.2,1
8007782,2023,5,364.56,1
8007782,2023,5,368.9,1
8007782,2023,5,399.28,1
8007782,2023,5,542.5,1
8007782,2023,5,564.2,1
8007782,2023,6,8.68,8
8007782,2023,6,86.8,4
8007782,2023,6,173.6,4
8007782,2023,6,17.36,3
8007782,2023,6,130.2,3
8007782,2023,6,10.85,2
8007782,2023,6,75.95,2
8007782,2023,6,91.14,2
8007782,2023,6,151.9,2
8007782,2023,6,217,2
8007782,2023,6,260.4,2
8007782,2023,6,303.8,2
8007782,2023,6,325.5,2
8007782,2023,6,390.6,2
8007782,2023,6,6.51,1
8007782,2023,6,13.02,1
8007782,2023,6,15.19,1
8007782,2023,6,21.7,1
8007782,2023,6,22.66,1
8007782,2023,6,32.55,1
8007782,2023,6,34.72,1
8007782,2023,6,39.06,1
8007782,2023,6,43.4,1
8007782,2023,6,47.74,1
8007782,2023,6,52.08,1
8007782,2023,6,54.25,1
8007782,2023,6,58.59,1
8007782,2023,6,65.1,1
8007782,2023,6,69.44,1
8007782,2023,6,78.12,1
8007782,2023,6,95.48,1
8007782,2023,6,99.82,1
8007782,2023,6,104.16,1
8007782,2023,6,108.5,1
8007782,2023,6,112.84,1
8007782,2023,6,119.35,1
8007782,2023,6,149.73,1
8007782,2023,6,175.77,1
8007782,2023,6,177.94,1
8007782,2023,6,193.13,1
8007782,2023,6,195.3,1
8007782,2023,6,271.25,1
8007782,2023,6,282.1,1
8007782,2023,6,347.2,1
8007782,2023,6,368.9,1
8007782,2023,6,425.32,1
8007782,2023,6,434,1
8007782,2023,6,490.42,1
8007782,2023,6,679.8,1
8007782,2023,7,390.6,9
8007782,2023,7,8.68,8
8007782,2023,7,260.4,5
8007782,2023,7,17.36,4
8007782,2023,7,43.4,4
8007782,2023,7,86.8,4
8007782,2023,7,151.9,4
8007782,2023,7,325.5,3
8007782,2023,7,108.5,2
8007782,2023,7,130.2,2
8007782,2023,7,186.62,2
8007782,2023,7,8.24,1
8007782,2023,7,10.85,1
8007782,2023,7,30.38,1
8007782,2023,7,32.55,1
8007782,2023,7,41.23,1
8007782,2023,7,49.91,1
8007782,2023,7,65.1,1
8007782,2023,7,69.44,1
8007782,2023,7,75.95,1
8007782,2023,7,99.82,1
8007782,2023,7,115.01,1
8007782,2023,7,136.71,1
8007782,2023,7,173.6,1
8007782,2023,7,175.77,1
8007782,2023,7,203.98,1
8007782,2023,7,217,1
8007782,2023,7,238.7,1
8007782,2023,7,303.8,1
8007782,2023,7,368.9,1
8007782,2023,7,434,1
8007782,2023,7,900,1
8007782,2023,8,8.68,11
8007782,2023,8,65.1,6
8007782,2023,8,49.91,3
8007782,2023,8,151.9,3
8007782,2023,8,390.6,3
8007782,2023,8,13.02,2
8007782,2023,8,21.7,2
8007782,2023,8,86.8,2
8007782,2023,8,99.82,2
8007782,2023,8,108.5,2
8007782,2023,8,130.2,2
8007782,2023,8,136.71,2
8007782,2023,8,138.88,2
8007782,2023,8,147.56,2
8007782,2023,8,173.6,2
8007782,2023,8,303.8,2
8007782,2023,8,347.2,2
8007782,2023,8,10.85,1
8007782,2023,8,17.36,1
8007782,2023,8,32.55,1
8007782,2023,8,45.57,1
8007782,2023,8,47.74,1
8007782,2023,8,54.25,1
8007782,2023,8,56.42,1
8007782,2023,8,69.44,1
8007782,2023,8,75.95,1
8007782,2023,8,88.97,1
8007782,2023,8,91.14,1
8007782,2023,8,112.84,1
8007782,2023,8,119.35,1
8007782,2023,8,121.52,1
8007782,2023,8,132.37,1
8007782,2023,8,160.58,1
8007782,2023,8,164.92,1
8007782,2023,8,175.77,1
8007782,2023,8,180.11,1
8007782,2023,8,182.28,1
8007782,2023,8,186.62,1
8007782,2023,8,195.3,1
8007782,2023,8,221.34,1
8007782,2023,8,260.4,1
8007782,2023,8,269.08,1
8007782,2023,8,325.5,1
8007782,2023,8,379.75,1
8007782,2023,8,412.3,1
8007782,2023,8,434,1
8007782,2023,8,585.9,1
8007782,2023,8,1505.98,1
8007782,2023,9,8.68,7
8007782,2023,9,10.85,4
8007782,2023,9,130.2,4
8007782,2023,9,4.34,3
8007782,2023,9,17.36,3
8007782,2023,9,43.4,3
8007782,2023,9,75.95,3
8007782,2023,9,13.02,2
8007782,2023,9,21.7,2
8007782,2023,9,32.55,2
8007782,2023,9,69.44,2
8007782,2023,9,91.14,2
8007782,2023,9,138.88,2
8007782,2023,9,173.6,2
8007782,2023,9,2.17,1
8007782,2023,9,19.53,1
8007782,2023,9,21.81,1
8007782,2023,9,30.38,1
8007782,2023,9,34.72,1
8007782,2023,9,45.57,1
8007782,2023,9,54.25,1
8007782,2023,9,78.12,1
8007782,2023,9,88.97,1
8007782,2023,9,94.4,1
8007782,2023,9,95.48,1
8007782,2023,9,103,1
8007782,2023,9,104.16,1
8007782,2023,9,141.05,1
8007782,2023,9,151.9,1
8007782,2023,9,184.45,1
8007782,2023,9,195.3,1
8007782,2023,9,199.64,1
8007782,2023,9,217,1
8007782,2023,9,238.7,1
8007782,2023,9,368.9,1
8007782,2023,9,390.6,1
8007782,2023,9,434,1
8007782,2023,9,477.4,1
8007782,2023,10,8.68,7
8007782,2023,10,108.5,5
8007782,2023,10,138.88,5
8007782,2023,10,10.85,4
8007782,2023,10,54.25,4
8007782,2023,10,86.8,4
8007782,2023,10,4.34,3
8007782,2023,10,195.3,3
8007782,2023,10,65.1,2
8007782,2023,10,91.14,2
8007782,2023,10,260.4,2
8007782,2023,10,390.6,2
8007782,2023,10,6.51,1
8007782,2023,10,17.36,1
8007782,2023,10,23.87,1
8007782,2023,10,32.55,1
8007782,2023,10,39.06,1
8007782,2023,10,49.91,1
8007782,2023,10,62.93,1
8007782,2023,10,69.44,1
8007782,2023,10,95.48,1
8007782,2023,10,130.2,1
8007782,2023,10,134.54,1
8007782,2023,10,144.2,1
8007782,2023,10,145.39,1
8007782,2023,10,151.9,1
8007782,2023,10,164.92,1
8007782,2023,10,190.96,1
8007782,2023,10,227.85,1
8007782,2023,10,303.8,1
8007782,2023,10,325.5,1
8007782,2023,10,434,1
8007782,2023,10,1221.71,1
8007782,2023,11,8.68,7
8007782,2023,11,108.5,6
8007782,2023,11,65.1,5
8007782,2023,11,173.6,5
8007782,2023,11,43.4,4
8007782,2023,11,69.44,3
8007782,2023,11,186.62,3
8007782,2023,11,260.4,3
8007782,2023,11,4.34,2
8007782,2023,11,13.02,2
8007782,2023,11,17.36,2
8007782,2023,11,34.72,2
8007782,2023,11,47.74,2
8007782,2023,11,86.8,2
8007782,2023,11,97.65,2
8007782,2023,11,130.2,2
8007782,2023,11,151.9,2
8007782,2023,11,195.3,2
8007782,2023,11,390.6,2
8007782,2023,11,434,2
8007782,2023,11,2.17,1
8007782,2023,11,15.19,1
8007782,2023,11,21.7,1
8007782,2023,11,26.04,1
8007782,2023,11,30.38,1
8007782,2023,11,32.55,1
8007782,2023,11,45.57,1
8007782,2023,11,49.91,1
8007782,2023,11,54.25,1
8007782,2023,11,88.97,1
8007782,2023,11,98.73,1
8007782,2023,11,110.67,1
8007782,2023,11,112.84,1
8007782,2023,11,141.05,1
8007782,2023,11,169.26,1
8007782,2023,11,182.28,1
8007782,2023,11,221.34,1
8007782,2023,11,238.7,1
8007782,2023,11,249.55,1
8007782,2023,11,325.5,1
8007782,2023,11,412.3,1
8007782,2023,12,8.68,9
8007782,2023,12,69.44,6
8007782,2023,12,43.4,5
8007782,2023,12,65.1,5
8007782,2023,12,86.8,5
8007782,2023,12,10.85,3
8007782,2023,12,21.7,3
8007782,2023,12,108.5,3
8007782,2023,12,130.2,3
8007782,2023,12,173.6,3
8007782,2023,12,390.6,3
8007782,2023,12,4.34,2
8007782,2023,12,15.19,2
8007782,2023,12,54.25,2
8007782,2023,12,88.97,2
8007782,2023,12,138.88,2
8007782,2023,12,162.75,2
8007782,2023,12,217,2
8007782,2023,12,434,2
8007782,2023,12,17.36,1
8007782,2023,12,32.55,1
8007782,2023,12,42.32,1
8007782,2023,12,47.74,1
8007782,2023,12,60,1
8007782,2023,12,84.63,1
8007782,2023,12,88,1
8007782,2023,12,91.14,1
8007782,2023,12,95.48,1
8007782,2023,12,110.67,1
8007782,2023,12,121.52,1
8007782,2023,12,134.54,1
8007782,2023,12,151.9,1
8007782,2023,12,156.24,1
8007782,2023,12,191.13,1
8007782,2023,12,195.3,1
8007782,2023,12,203.98,1
8007782,2023,12,260.4,1
8007782,2023,12,347.2,1
8007782,2023,12,781.2,1
8007782,2024,1,8.68,4
8007782,2024,1,86.8,4
8007782,2024,1,91.14,4
8007782,2024,1,108.5,4
8007782,2024,1,17.36,3
8007782,2024,1,177.94,3
8007782,2024,1,112.84,2
8007782,2024,1,173.6,2
8007782,2024,1,260.4,2
8007782,2024,1,390.6,2
8007782,2024,1,4.34,1
8007782,2024,1,6.51,1
8007782,2024,1,10.85,1
8007782,2024,1,21.7,1
8007782,2024,1,28.21,1
8007782,2024,1,47.74,1
8007782,2024,1,69.44,1
8007782,2024,1,95.48,1
8007782,2024,1,95.52,1
8007782,2024,1,130.2,1
8007782,2024,1,134.54,1
8007782,2024,1,175.77,1
8007782,2024,1,188.79,1
8007782,2024,1,188.87,1
8007782,2024,1,195.3,1
8007782,2024,1,217,1
8007782,2024,1,282.1,1
8007782,2024,1,303.8,1
8007782,2024,1,325.5,1
8007782,2024,1,368.9,1
8007782,2024,1,412.3,1
8007782,2024,1,542.5,1
8007782,2024,2,69.44,6
8007782,2024,2,8.68,5
8007782,2024,2,151.9,4
8007782,2024,2,260.4,4
8007782,2024,2,91.14,3
8007782,2024,2,108.5,3
8007782,2024,2,112.84,3
8007782,2024,2,130.2,3
8007782,2024,2,217,3
8007782,2024,2,434,3
8007782,2024,2,17.36,2
8007782,2024,2,86.8,2
8007782,2024,2,160.58,2
8007782,2024,2,173.6,2
8007782,2024,2,195.3,2
8007782,2024,2,390.6,2
8007782,2024,2,2.17,1
8007782,2024,2,4.34,1
8007782,2024,2,10.85,1
8007782,2024,2,13.02,1
8007782,2024,2,26.04,1
8007782,2024,2,47.74,1
8007782,2024,2,49.91,1
8007782,2024,2,56.42,1
8007782,2024,2,69.4,1
8007782,2024,2,71.61,1
8007782,2024,2,93.31,1
8007782,2024,2,95.48,1
8007782,2024,2,121.52,1
8007782,2024,2,138.88,1
8007782,2024,2,143.22,1
8007782,2024,2,177.94,1
8007782,2024,2,184.45,1
8007782,2024,2,303.8,1
8007782,2024,2,368.9,1
8007782,2024,2,412.3,1
8007782,2024,3,8.68,8
8007782,2024,3,86.8,6
8007782,2024,3,347.2,6
8007782,2024,3,17.36,4
8007782,2024,3,91.14,4
8007782,2024,3,108.5,4
8007782,2024,3,69.44,3
8007782,2024,3,260.4,3
8007782,2024,3,412.3,3
8007782,2024,3,434,3
8007782,2024,3,6.51,2
8007782,2024,3,10.85,2
8007782,2024,3,21.7,2
8007782,2024,3,43.4,2
8007782,2024,3,54.25,2
8007782,2024,3,65.1,2
8007782,2024,3,134.54,2
8007782,2024,3,151.9,2
8007782,2024,3,195.3,2
8007782,2024,3,520.8,2
8007782,2024,3,13.02,1
8007782,2024,3,19.27,1
8007782,2024,3,32.55,1
8007782,2024,3,45.57,1
8007782,2024,3,47.74,1
8007782,2024,3,75.95,1
8007782,2024,3,93.31,1
8007782,2024,3,95.48,1
8007782,2024,3,97.65,1
8007782,2024,3,110.67,1
8007782,2024,3,112.84,1
8007782,2024,3,141.05,1
8007782,2024,3,160.58,1
8007782,2024,3,177.94,1
8007782,2024,3,186.62,1
8007782,2024,3,190.96,1
8007782,2024,3,217,1
8007782,2024,3,234.36,1
8007782,2024,3,271.25,1
8007782,2024,3,325.5,1
8007782,2024,3,366.73,1
8007782,2024,3,368.9,1
8007782,2024,4,8.68,5
8007782,2024,4,4.34,3
8007782,2024,4,303.8,3
8007782,2024,4,15.19,2
8007782,2024,4,17.36,2
8007782,2024,4,21.7,2
8007782,2024,4,65.1,2
8007782,2024,4,86.8,2
8007782,2024,4,91.14,2
8007782,2024,4,138.88,2
8007782,2024,4,173.6,2
8007782,2024,4,347.2,2
8007782,2024,4,6.51,1
8007782,2024,4,10.85,1
8007782,2024,4,13.02,1
8007782,2024,4,30.38,1
8007782,2024,4,54.25,1
8007782,2024,4,67.27,1
8007782,2024,4,71.87,1
8007782,2024,4,78.12,1
8007782,2024,4,88.97,1
8007782,2024,4,108.5,1
8007782,2024,4,130.2,1
8007782,2024,4,151.9,1
8007782,2024,4,177.94,1
8007782,2024,4,225.68,1
8007782,2024,4,238.7,1
8007782,2024,4,260.4,1
8007782,2024,4,412.3,1
8007782,2024,4,416.64,1
8007782,2024,4,434,1
8007782,2024,4,542.5,1
8007782,2024,5,8.68,5
8007782,2024,5,69.44,5
8007782,2024,5,91.14,5
8007782,2024,5,217,5
8007782,2024,5,65.1,4
8007782,2024,5,86.8,4
8007782,2024,5,390.6,4
8007782,2024,5,21.7,3
8007782,2024,5,138.88,2
8007782,2024,5,173.6,2
8007782,2024,5,195.3,2
8007782,2024,5,260.4,2
8007782,2024,5,303.8,2
8007782,2024,5,347.2,2
8007782,2024,5,6.51,1
8007782,2024,5,10.85,1
8007782,2024,5,26.04,1
8007782,2024,5,32.55,1
8007782,2024,5,52.08,1
8007782,2024,5,108.5,1
8007782,2024,5,110.67,1
8007782,2024,5,112.84,1
8007782,2024,5,130.2,1
8007782,2024,5,156.24,1
8007782,2024,5,162.75,1
8007782,2024,5,190.96,1
8007782,2024,5,271.25,1
8007782,2024,5,412.3,1
8007782,2024,5,585.9,1
8007782,2024,5,1085,1
8007782,2024,6,8.68,10
8007782,2024,6,217,5
8007782,2024,6,21.7,4
8007782,2024,6,108.5,4
8007782,2024,6,43.4,3
8007782,2024,6,65.1,3
8007782,2024,6,97.65,3
8007782,2024,6,130.2,3
8007782,2024,6,260.4,3
8007782,2024,6,34.72,2
8007782,2024,6,75.95,2
8007782,2024,6,138.88,2
8007782,2024,6,151.9,2
8007782,2024,6,173.6,2
8007782,2024,6,390.6,2
8007782,2024,6,4.34,1
8007782,2024,6,10.85,1
8007782,2024,6,15.19,1
8007782,2024,6,17.36,1
8007782,2024,6,39.06,1
8007782,2024,6,69.44,1
8007782,2024,6,91.14,1
8007782,2024,6,95.48,1
8007782,2024,6,110.67,1
8007782,2024,6,134.54,1
8007782,2024,6,141.05,1
8007782,2024,6,177.94,1
8007782,2024,6,195.3,1
8007782,2024,6,368.9,1
8007782,2024,6,520.8,1
8007782,2024,6,542.5,1
8007782,2024,7,8.68,10
8007782,2024,7,21.7,5
8007782,2024,7,108.5,5
8007782,2024,7,347.2,5
8007782,2024,7,10.85,4
8007782,2024,7,43.4,4
8007782,2024,7,173.6,4
8007782,2024,7,65.1,3
8007782,2024,7,69.44,3
8007782,2024,7,86.8,3
8007782,2024,7,195.3,3
8007782,2024,7,303.8,3
8007782,2024,7,6.51,2
8007782,2024,7,91.14,2
8007782,2024,7,130.2,2
8007782,2024,7,151.9,2
8007782,2024,7,156.24,2
8007782,2024,7,217,2
8007782,2024,7,390.6,2
8007782,2024,7,2.17,1
8007782,2024,7,30.38,1
8007782,2024,7,32.55,1
8007782,2024,7,52.08,1
8007782,2024,7,54.25,1
8007782,2024,7,56.42,1
8007782,2024,7,67.27,1
8007782,2024,7,112.84,1
8007782,2024,7,117.18,1
8007782,2024,7,119.35,1
8007782,2024,7,160.58,1
8007782,2024,7,186.62,1
8007782,2024,7,260.4,1
8007782,2024,7,520.8,1
8007782,2024,7,607.6,1
8007782,2024,7,651,1
8007782,2024,7,716.1,1
8007782,2024,7,742.14,1
8007782,2024,8,8.68,6
8007782,2024,8,69.44,6
8007782,2024,8,21.7,5
8007782,2024,8,390.6,4
8007782,2024,8,347.2,3
8007782,2024,8,10.85,2
8007782,2024,8,17.36,2
8007782,2024,8,65.1,2
8007782,2024,8,86.8,2
8007782,2024,8,130.2,2
8007782,2024,8,173.6,2
8007782,2024,8,260.4,2
8007782,2024,8,6.51,1
8007782,2024,8,13.02,1
8007782,2024,8,30.38,1
8007782,2024,8,32.55,1
8007782,2024,8,43.4,1
8007782,2024,8,75.95,1
8007782,2024,8,108.5,1
8007782,2024,8,119.35,1
8007782,2024,8,138.88,1
8007782,2024,8,151.9,1
8007782,2024,8,182.28,1
8007782,2024,8,186.62,1
8007782,2024,8,217,1
8007782,2024,8,238.7,1
8007782,2024,8,318.99,1
8007782,2024,8,520.8,1
8007782,2024,9,8.68,13
8007782,2024,9,173.6,6
8007782,2024,9,21.7,4
8007782,2024,9,65.1,4
8007782,2024,9,130.2,4
8007782,2024,9,108.5,3
8007782,2024,9,151.9,3
8007782,2024,9,4.34,2
8007782,2024,9,6.51,2
8007782,2024,9,10.85,2
8007782,2024,9,43.4,2
8007782,2024,9,69.44,2
8007782,2024,9,260.4,2
8007782,2024,9,412.3,2
8007782,2024,9,13.02,1
8007782,2024,9,17.36,1
8007782,2024,9,41.23,1
8007782,2024,9,70.53,1
8007782,2024,9,86.8,1
8007782,2024,9,97.65,1
8007782,2024,9,121.52,1
8007782,2024,9,141.05,1
8007782,2024,9,203.98,1
8007782,2024,9,217,1
8007782,2024,9,238.7,1
8007782,2024,9,282.1,1
8007782,2024,9,347.2,1
8007782,2024,9,368.9,1
8007782,2024,9,390.6,1
8007782,2024,9,477.4,1
8007782,2024,9,520.8,1
8007782,2024,9,577.22,1
8007782,2024,9,629.3,1
8007782,2024,9,651,1
8007782,2024,10,217,5
8007782,2024,10,8.68,3
8007782,2024,10,21.7,3
8007782,2024,10,65.1,3
8007782,2024,10,130.2,3
8007782,2024,10,260.4,3
8007782,2024,10,651,3
8007782,2024,10,6.51,2
8007782,2024,10,69.44,2
8007782,2024,10,86.8,2
8007782,2024,10,108.5,2
8007782,2024,10,173.6,2
8007782,2024,10,13.02,1
8007782,2024,10,26.04,1
8007782,2024,10,91.14,1
8007782,2024,10,112.84,1
8007782,2024,10,138.88,1
8007782,2024,10,206.15,1
8007782,2024,10,238.7,1
8007782,2024,10,282.1,1
8007782,2024,10,347.2,1
8007782,2024,10,368.9,1
8007782,2024,10,390.6,1
8007782,2024,10,412.3,1
8007782,2024,10,455.7,1
8007782,2024,10,607.6,1
8007782,2024,11,173.6,6
8007782,2024,11,8.68,5
8007782,2024,11,6.51,3
8007782,2024,11,17.36,3
8007782,2024,11,21.7,3
8007782,2024,11,43.4,3
8007782,2024,11,86.8,3
8007782,2024,11,108.5,3
8007782,2024,11,130.2,3
8007782,2024,11,217,3
8007782,2024,11,260.4,3
8007782,2024,11,32.55,2
8007782,2024,11,347.2,2
8007782,2024,11,390.6,2
8007782,2024,11,2.17,1
8007782,2024,11,4.34,1
8007782,2024,11,34.72,1
8007782,2024,11,39.06,1
8007782,2024,11,56.42,1
8007782,2024,11,69.44,1
8007782,2024,11,99.82,1
8007782,2024,11,112.84,1
8007782,2024,11,121.52,1
8007782,2024,11,134.54,1
8007782,2024,11,143.22,1
8007782,2024,11,147.56,1
8007782,2024,11,151.9,1
8007782,2024,11,184.45,1
8007782,2024,11,186.62,1
8007782,2024,11,303.8,1
8007782,2024,11,325.5,1
8007782,2024,11,368.9,1
8007782,2024,11,477.4,1
8007782,2024,11,739.97,1
8007782,2024,11,868,1
8007782,2024,12,8.68,7
8007782,2024,12,21.7,5
8007782,2024,12,86.8,5
8007782,2024,12,130.2,5
8007782,2024,12,151.9,5
8007782,2024,12,65.1,4
8007782,2024,12,108.5,4
8007782,2024,12,217,4
8007782,2024,12,173.6,3
8007782,2024,12,10.85,2
8007782,2024,12,43.4,2
8007782,2024,12,260.4,2
8007782,2024,12,303.8,2
8007782,2024,12,347.2,2
8007782,2024,12,434,2
8007782,2024,12,5.43,1
8007782,2024,12,13.02,1
8007782,2024,12,26.04,1
8007782,2024,12,52.08,1
8007782,2024,12,69.44,1
8007782,2024,12,134.54,1
8007782,2024,12,164.92,1
8007782,2024,12,184.45,1
8007782,2024,12,186.62,1
8007782,2024,12,238.7,1
8007782,2024,12,282.1,1
8007782,2024,12,325.5,1
8007782,2024,12,368.9,1
8007782,2024,12,390.6,1
8007783,2022,1,21291.82,1
8007783,2022,1,28609.03,1
8007783,2022,3,22872.89,1
8007783,2022,5,8523.04,1
8007783,2022,5,31851.27,1
8007783,2022,5,32182.26,1
8007783,2022,5,35222.14,1
8007783,2022,7,19036.14,1
8007783,2022,8,7920.13,1
8007783,2022,8,8959.43,1
8007783,2022,11,4996.2,1
8007783,2022,12,11172.93,1
8007783,2022,12,11383.74,1
8007783,2022,12,20448.58,1
8007783,2022,12,29091.78,1
8007783,2023,1,15494.54,1
8007783,2023,2,3583.77,1
8007783,2023,3,29513.4,1
8007783,2023,4,10329.69,1
8007783,2023,4,37102.56,1
8007783,2023,5,40475.53,1
8007783,2023,6,24559.38,1
8007783,2023,6,34151.23,1
8007783,2023,8,17497.24,1
8007783,2023,8,28880.97,1
8007783,2023,10,35837.71,1
8007783,2023,11,23926.94,1
8007783,2023,11,31621.51,1
8007783,2023,12,20764.79,1
8007783,2024,2,20870.19,1
8007783,2024,3,20132.36,1
8007783,2024,3,26351.25,1
8007783,2024,4,33729.61,1
8007783,2024,5,27405.3,1
8007783,2024,7,13386.44,1
8007783,2024,7,20764.79,1
8007783,2024,7,24980.99,1
8007783,2024,8,16759.4,1
8007783,2024,10,3372.96,1
8007783,2024,10,5902.68,1
8007783,2024,10,12964.82,1
8007783,2024,11,6745.92,1
8007783,2024,12,7483.76,1
8007784,2022,1,18638.62,1
8007784,2022,1,23090.76,1
8007784,2022,3,12450.9,1
8007784,2022,5,11319,1
8007784,2022,7,2716.56,1
8007784,2022,12,3773,1
8007784,2022,12,6338.64,1
8007784,2023,3,20525.12,1
8007784,2023,4,26561.92,1
8007784,2023,5,20374.2,1
8007784,2023,6,13809.18,1
8007784,2023,6,23468.06,1
8007784,2023,8,25580.94,1
8007784,2023,8,26524.19,1
8007784,2023,10,24675.42,1
8007784,2023,11,9130.66,1
8007784,2023,11,20374.2,1
8007784,2023,12,27391.98,1
8007784,2024,2,24675.42,1
8007784,2024,3,21053.34,1
8007784,2024,4,27165.6,1
8007784,2024,5,24222.66,1
8007784,2024,7,7998.76,1
8007784,2024,7,16752.12,1
8007784,2024,8,6791.4,1
8007784,2024,10,14639.24,1
8007784,2024,10,15544.76,1
8007784,2024,10,21958.86,1
8007784,2024,11,15469.3,1
8007784,2024,12,20449.66,1
8007785,2022,1,13432.49,1
8007785,2022,1,13937.77,1
8007785,2022,1,18425.07,1
8007785,2022,2,4320.21,1
8007785,2022,2,5766.52,1
8007785,2022,3,3424.63,1
8007785,2022,3,11733.56,1
8007785,2022,5,1795.19,1
8007785,2022,5,5527.25,1
8007785,2022,5,7017.68,1
8007785,2022,5,17759.4,1
8007785,2022,8,6817.17,1
8007785,2022,9,5612.8,1
8007785,2022,11,12230.82,1
8007785,2022,12,2807.07,1
8007785,2022,12,4010.1,1
8007785,2022,12,9022.73,1
8007785,2022,12,12030.31,1
8007785,2023,1,9490.58,1
8007785,2023,2,8354.38,1
8007785,2023,3,21320.38,1
8007785,2023,4,3876.43,1
8007785,2023,4,21454.04,1
8007785,2023,5,18981.14,1
8007785,2023,6,13701.18,1
8007785,2023,6,14369.54,1
8007785,2023,8,12230.81,1
8007785,2023,8,21186.71,1
8007785,2023,8,25129.97,1
8007785,2023,10,26132.5,1
8007785,2023,11,14837.38,1
8007785,2023,11,20852.52,1
8007785,2023,12,24996.3,1
8007785,2024,2,21119.87,1
8007785,2024,3,26199.34,1
8007785,2024,4,18245.97,1
8007785,2024,5,21587.71,1
8007785,2024,7,15372.06,1
8007785,2024,7,17109.76,1
8007785,2024,8,17310.28,1
8007785,2024,10,15773.06,1
8007785,2024,10,21387.2,1
8007785,2024,10,23793.26,1
8007785,2024,11,16174.07,1
8007785,2024,12,22389.73,1
8007941,2022,1,340,5
8007941,2022,1,680,1
8007941,2022,3,340,2
8007941,2022,4,340,1
8007941,2022,4,680,1
8007941,2022,5,340,1
8007941,2022,5,1360,1
8007941,2022,6,680,2
8007941,2022,7,1020,2
8007941,2022,7,680,1
8007941,2022,8,340,1
8007941,2022,9,340,1
8007941,2022,10,680,1
8007941,2022,11,340,2
8007941,2022,11,1360,1
8007941,2022,11,2040,1
8007941,2022,12,340,1
8007941,2023,1,340,2
8007941,2023,1,680,1
8007941,2023,1,1360,1
8007941,2023,1,2380,1
8007941,2023,2,340,2
8007941,2023,3,1020,1
8007941,2023,3,2380,1
8007941,2023,5,340,2
8007941,2023,5,680,1
8007941,2023,6,340,1
8007941,2023,6,1360,1
8007941,2023,7,340,1
8007941,2023,7,1360,1
8007941,2023,8,450,1
8007941,2023,9,450,1
8007941,2023,9,3150,1
8007941,2023,10,2250,1
8007941,2023,12,450,1
8007941,2024,1,450,1
8007941,2024,2,450,1
8007941,2024,3,450,2
8007941,2024,5,450,1
8007941,2024,5,900,1
8007941,2024,7,450,1
8007941,2024,7,1350,1
8007941,2024,8,1800,1
8007941,2024,8,4500,1
8007941,2024,9,450,4
8007941,2024,9,1800,1
8007941,2024,11,450,1
8007941,2024,11,900,1
8007941,2024,11,1800,1
8007941,2024,12,450,2
8007942,2022,1,3640,1
8007942,2022,4,2080,2
8007942,2022,4,520,1
8007942,2022,4,1560,1
8007942,2022,4,2600,1
8007942,2022,4,3640,1
8007942,2022,7,1040,1
8007942,2022,11,3120,1
8007942,2022,12,1040,2
8007942,2022,12,2080,2
8007942,2022,12,2600,1
8007942,2022,12,3120,1
8007942,2023,2,1560,1
8007942,2023,2,6240,1
8007942,2023,4,1040,2
8007942,2023,4,2600,2
8007942,2023,4,3120,2
8007942,2023,4,1560,1
8007942,2023,4,2080,1
8007942,2023,4,4160,1
8007942,2023,7,520,1
8007942,2023,8,1950,1
8007942,2023,8,4550,1
8007942,2023,8,5850,1
8007942,2023,11,3250,1
8007942,2023,11,3900,1
8007942,2023,11,4550,1
8007942,2023,12,3250,1
8007942,2024,1,650,1
8007942,2024,1,1300,1
8007942,2024,1,1950,1
8007942,2024,1,9100,1
8007942,2024,2,1300,1
8007942,2024,2,3900,1
8007942,2024,3,650,1
8007942,2024,3,1950,1
8007942,2024,4,1950,1
8007942,2024,4,2600,1
8007942,2024,6,1950,1
8007942,2024,6,3250,1
8007942,2024,6,4550,1
8007942,2024,8,3250,1
8007942,2024,9,650,1
8007942,2024,10,650,1
8007942,2024,12,3250,1
8007942,2024,12,3900,1
8007942,2024,12,6500,1
8007943,2022,2,1860,1
8007943,2022,4,2325,1
8007943,2022,6,465,1
8007943,2022,8,465,1
8007943,2022,10,465,1
8007943,2022,11,465,2
8007943,2023,2,465,1
8007943,2023,3,465,2
8007943,2024,8,1170,1
8007944,2023,5,960,1
8007944,2023,10,600,1
8007944,2024,11,600,1
8007945,2022,8,395,1
8007945,2023,9,500,1
8007945,2024,5,500,1
8007945,2024,6,500,1
8007945,2024,8,500,1
8007945,2024,8,1000,1
8007946,2023,12,750,1
8007946,2024,9,750,1
8007946,2024,10,1500,1
8008030,2023,8,1705.15,1
8008031,2022,10,2222.7,1
8008031,2024,8,14126.24,1
8008048,2022,2,637.89,1
8008048,2022,8,608.52,1
8008050,2022,12,15096,1
8008051,2024,12,235200,1
8008052,2022,9,726,1
8008052,2024,1,112.2,1
8008052,2024,2,56.7,1
8008052,2024,2,299.9,1
8008052,2024,3,139.03,1
8008052,2024,3,230.59,1
8008052,2024,3,268.82,1
8008052,2024,3,1247.47,1
8008052,2024,3,2469.74,1
8008052,2024,4,46.2,1
8008052,2024,4,59.64,1
8008052,2024,4,957.65,1
8008052,2024,4,1482.68,1
8008052,2024,4,1527.63,1
8008052,2024,5,48.3,1
8008052,2024,6,101.65,1
8008052,2024,6,1369.28,1
8008052,2024,6,13877.59,1
8008052,2024,7,2563.83,1
8008052,2024,9,2247.13,1
8008052,2024,10,380.96,1
8008052,2024,10,409.49,1
8008052,2024,10,1278.97,1
8008052,2024,10,7373.52,1
8008052,2024,11,1544.85,1
8008052,2024,12,22.68,1
8008052,2024,12,51.66,1
8008052,2024,12,236.89,1
8008052,2024,12,432.62,1
8008052,2024,12,693.04,1
8008053,2024,1,508.23,1
8008053,2024,1,942.48,1
8008053,2024,2,218.4,1
8008053,2024,3,614.25,1
8008053,2024,5,2066.4,1
8008053,2024,7,352.04,1
8008053,2024,12,1181.25,1
8008054,2024,1,11759.33,1
8008055,2024,6,27196,1
8008057,2024,1,124.1,1
8008057,2024,5,104.61,1
8008057,2024,7,270928.33,1
8008058,2022,7,2927.9,1
8008067,2024,1,964.92,1
8008067,2024,2,58.05,1
8008067,2024,2,223.6,1
8008067,2024,2,307.03,1
8008067,2024,3,142.33,1
8008067,2024,3,236.07,1
8008067,2024,3,275.21,1
8008067,2024,3,1277.12,1
8008067,2024,3,2528.45,1
8008067,2024,4,47.3,1
8008067,2024,4,61.06,1
8008067,2024,4,980.42,1
8008067,2024,4,1517.93,1
8008067,2024,4,1563.94,1
8008067,2024,5,49.45,1
8008067,2024,6,104.06,1
8008067,2024,6,1401.83,1
8008067,2024,7,451.51,1
8008067,2024,7,2624.77,1
8008067,2024,7,14207.46,1
8008067,2024,9,2300.54,1
8008067,2024,10,390.02,1
8008067,2024,10,419.26,1
8008067,2024,10,1309.37,1
8008067,2024,10,7548.79,1
8008067,2024,10,33506.22,1
8008067,2024,11,1581.57,1
8008067,2024,12,23.22,1
8008067,2024,12,52.89,1
8008067,2024,12,242.52,1
8008067,2024,12,442.91,1
8008067,2024,12,667.8,1
8008068,2024,1,520.27,1
8008069,2024,1,12040.77,1
8008090,2022,2,8336.25,1
8008090,2022,2,14071.15,1
8008090,2022,2,16694.87,1
8008090,2022,3,15210,1
8008090,2022,3,24277.5,1
8008090,2022,3,56395.01,1
8008090,2022,4,9871,1
8008090,2022,7,8626.6,1
8008090,2022,7,12998.38,1
8008090,2022,7,20566.26,1
8008090,2022,7,21695.42,1
8008090,2022,7,47965,1
8008090,2022,9,7399.5,1
8008090,2022,11,52778.83,1
8008090,2023,1,20732.29,1
8008090,2023,5,14871.69,1
8008090,2023,5,27223.74,1
8008090,2023,5,53865.63,1
8008090,2023,7,12495.02,1
8008090,2023,7,64350,1
8008090,2023,11,18288.69,1
8008090,2024,5,65593.9,1
8008170,2022,1,65,2
8008170,2022,2,65,3
8008170,2022,2,1885,1
8008170,2022,3,65,3
8008170,2022,3,130,1
8008170,2022,3,227.5,1
8008170,2022,4,65,3
8008170,2022,5,65,3
8008170,2022,6,65,6
8008170,2022,7,65,1
8008170,2022,8,65,2
8008170,2022,8,130,1
8008170,2022,9,65,2
8008170,2022,10,65,5
8008170,2022,11,65,6
8008170,2022,12,65,4
8008170,2022,12,130,1
8008170,2023,2,65,2
8008170,2023,2,130,1
8008170,2023,3,65,6
8008170,2023,3,97.5,1
8008170,2023,4,65,2
8008170,2023,5,65,6
8008170,2023,5,130,1
8008170,2023,6,65,2
8008170,2023,7,65,2
8008170,2023,8,65,1
8008170,2023,8,195,1
8008170,2023,9,65,2
8008170,2023,9,227.5,1
8008170,2023,10,65,2
8008170,2023,10,130,1
8008170,2023,11,65,1
8008170,2023,11,227.5,1
8008170,2023,12,65,2
8008170,2024,1,65,1
8008170,2024,1,130,1
8008170,2024,2,65,2
8008170,2024,3,65,2
8008170,2024,4,65,1
8008170,2024,7,195,1
8008170,2024,8,80,2
8008170,2024,8,65,1
8008170,2024,9,184,1
8008170,2024,11,80,2
8008170,2024,12,80,1
8008211,2023,3,1890,1
8008211,2023,3,2100,1
8008211,2023,7,34.3,1
8008211,2023,8,8.4,1
8008211,2023,8,47.6,1
8008211,2023,8,55.3,1
8008211,2023,8,61.6,1
8008211,2023,8,72.1,1
8008211,2023,8,77,1
8008211,2023,8,175,1
8008211,2023,8,280.7,1
8008211,2023,8,423.5,1
8008211,2023,8,612.5,1
8008211,2023,8,836.5,1
8008211,2023,9,5.6,1
8008211,2023,11,9.1,1
8008211,2023,11,16.1,1
8008211,2023,11,35.7,1
8008211,2023,11,140.7,1
8008211,2023,11,178.5,1
8008211,2023,11,1768.79,1
8008211,2023,12,57.4,1
8008211,2023,12,106.4,1
8008211,2023,12,152.6,1
8008211,2023,12,210,1
8008211,2023,12,1469.63,1
8008211,2024,1,46.9,1
8008211,2024,1,52.5,1
8008211,2024,1,124.89,1
8008211,2024,1,157.5,1
8008211,2024,1,287.2,1
8008211,2024,1,422.44,1
8008211,2024,1,1287.58,1
8008211,2024,2,25.2,1
8008211,2024,2,29.4,1
8008211,2024,2,56,1
8008211,2024,2,80.5,1
8008211,2024,2,148.45,1
8008211,2024,2,171.5,1
8008211,2024,2,323.82,1
8008211,2024,2,1460.58,1
8008211,2024,3,13.3,1
8008211,2024,3,24.5,1
8008211,2024,3,93.8,1
8008211,2024,3,168,1
8008211,2024,3,381.66,1
8008211,2024,3,660.8,1
8008211,2024,4,53.06,1
8008211,2024,4,119.1,1
8008211,2024,4,1280.17,1
8008211,2024,5,14,1
8008211,2024,5,18.2,1
8008211,2024,5,23.8,1
8008211,2024,5,31.5,1
8008211,2024,5,1277.62,1
8008211,2024,5,2037.75,1
8008211,2024,6,11.9,1
8008211,2024,6,38.53,1
8008211,2024,6,42,1
8008211,2024,6,297.46,1
8008211,2024,6,330.27,1
8008211,2024,6,410.67,1
8008211,2024,7,8.4,1
8008211,2024,7,21.7,1
8008211,2024,7,180,1
8008211,2024,7,220.92,1
8008211,2024,7,279.35,1
8008211,2024,7,1242.86,1
8008211,2024,8,64.45,1
8008211,2024,8,163.96,1
8008211,2024,8,350.68,1
8008211,2024,8,365.28,1
8008211,2024,8,1151.58,1
8008211,2024,9,105,1
8008211,2024,9,122.03,1
8008211,2024,9,133.5,1
8008211,2024,9,294,1
8008211,2024,9,3053.83,1
8008211,2024,10,30.1,1
8008211,2024,10,73.5,1
8008211,2024,10,121.4,1
8008211,2024,10,1878.76,1
8008211,2024,11,28,2
8008211,2024,11,71,1
8008211,2024,11,135.8,1
8008211,2024,11,315,1
8008211,2024,11,577.5,1
8008211,2024,12,108.5,1
8008211,2024,12,136.5,1
8008211,2024,12,1071.33,1
8008213,2022,1,42,1
8008213,2022,1,174.3,1
8008213,2022,1,278.5,1
8008213,2022,1,295.5,1
8008213,2022,1,515.9,1
8008213,2022,1,919.81,1
8008213,2022,1,973.7,1
8008213,2022,1,1680,1
8008213,2022,2,82.5,1
8008213,2022,2,168,1
8008213,2022,2,210,1
8008213,2022,2,331.5,1
8008213,2022,2,674.1,1
8008213,2022,2,714,1
8008213,2022,3,31.5,1
8008213,2022,3,120,1
8008213,2022,3,176.4,1
8008213,2022,3,294,1
8008213,2022,3,549.5,1
8008213,2022,3,738.5,1
8008213,2022,3,819,1
8008213,2022,4,29.4,1
8008213,2022,4,36,1
8008213,2022,4,59.5,1
8008213,2022,4,79.1,1
8008213,2022,4,163.5,1
8008213,2022,4,205.1,1
8008213,2022,4,416.5,1
8008213,2022,4,627.9,1
8008213,2022,4,689.35,1
8008213,2022,5,52.5,2
8008213,2022,5,20,1
8008213,2022,5,39.2,1
8008213,2022,5,56,1
8008213,2022,5,137.9,1
8008213,2022,5,149.1,1
8008213,2022,5,161.7,1
8008213,2022,5,1366.4,1
8008213,2022,6,20000,2
8008213,2022,6,33.6,1
8008213,2022,6,42,1
8008213,2022,6,45.5,1
8008213,2022,6,63,1
8008213,2022,6,84.7,1
8008213,2022,6,128.5,1
8008213,2022,6,171.5,1
8008213,2022,6,305,1
8008213,2022,6,546,1
8008213,2022,7,738.5,1
8008213,2022,8,72.1,1
8008213,2022,8,184.8,1
8008213,2022,8,195,1
8008213,2022,8,198.12,1
8008213,2022,8,199.5,1
8008213,2022,8,489.3,1
8008213,2022,8,504,1
8008213,2022,8,586.62,1
8008213,2022,8,721.7,1
8008213,2022,8,801.52,1
8008213,2022,8,861.7,1
8008213,2022,9,25.6,1
8008213,2022,9,26.6,1
8008213,2022,9,92.4,1
8008213,2022,9,118.3,1
8008213,2022,9,180,1
8008213,2022,9,210,1
8008213,2022,9,853.31,1
8008213,2022,9,1449,1
8008213,2022,10,63,1
8008213,2022,10,67.5,1
8008213,2022,10,84,1
8008213,2022,10,124.6,1
8008213,2022,10,127.4,1
8008213,2022,10,140,1
8008213,2022,10,177.8,1
8008213,2022,10,183.4,1
8008213,2022,10,411.6,1
8008213,2022,10,504,1
8008213,2022,10,881.3,1
8008213,2022,11,53.9,1
8008213,2022,11,67.5,1
8008213,2022,11,428.4,1
8008213,2022,11,539,1
8008213,2022,11,662.25,1
8008213,2022,11,1298.5,1
8008213,2022,12,62.3,1
8008213,2022,12,79.8,1
8008213,2022,12,82.5,1
8008213,2022,12,84,1
8008213,2022,12,90.3,1
8008213,2022,12,185.5,1
8008213,2022,12,192.5,1
8008213,2022,12,273,1
8008213,2022,12,343,1
8008213,2023,1,44.8,1
8008213,2023,1,67.9,1
8008213,2023,1,84.7,1
8008213,2023,1,134.97,1
8008213,2023,1,147,1
8008213,2023,1,220,1
8008213,2023,1,538.31,1
8008213,2023,1,569.81,1
8008213,2023,1,616,1
8008213,2023,1,700,1
8008213,2023,1,798,1
8008213,2023,2,20000,2
8008213,2023,2,47.6,1
8008213,2023,2,52.5,1
8008213,2023,2,55.3,1
8008213,2023,2,132,1
8008213,2023,2,168,1
8008213,2023,2,218.4,1
8008213,2023,2,1358,1
8008213,2023,2,2352,1
8008213,2023,3,23,1
8008213,2023,3,23.8,1
8008213,2023,3,67.5,1
8008213,2023,3,311.5,1
8008213,2023,3,324.1,1
8008213,2023,3,520.1,1
8008213,2023,3,639.3,1
8008213,2023,3,1858.5,1
8008213,2023,4,60,2
8008213,2023,4,42,1
8008213,2023,4,44.1,1
8008213,2023,4,108.5,1
8008213,2023,4,119,1
8008213,2023,4,1200.5,1
8008213,2023,4,20000,1
8008213,2023,5,19,1
8008213,2023,5,21,1
8008213,2023,5,127.4,1
8008213,2023,5,210,1
8008213,2023,5,401.1,1
8008213,2023,5,591.5,1
8008213,2023,5,907.9,1
8008213,2023,6,12.8,1
8008213,2023,6,42.7,1
8008213,2023,6,64.4,1
8008213,2023,6,107.1,1
8008213,2023,6,245.14,1
8008213,2023,6,360.37,1
8008213,2023,6,475.29,1
8008213,2023,6,608.87,1
8008213,2023,7,31.5,1
8008213,2023,7,62.01,1
8008213,2023,7,105,1
8008213,2023,7,146.3,1
8008213,2023,7,1375.5,1
8008213,2023,9,84.7,1
8008213,2023,9,95.2,1
8008213,2023,9,114.8,1
8008213,2023,9,878.5,1
8008213,2023,10,5000,1
8008213,2023,11,26.6,1
8008213,2023,11,32.2,1
8008213,2023,11,81.2,1
8008213,2023,11,168,1
8008213,2023,11,276.5,1
8008213,2023,11,630,1
8008213,2023,11,1029,1
8008213,2023,11,2437.65,1
8008213,2023,11,20000,1
8008213,2023,12,14,1
8008213,2024,1,20000,1
8008213,2024,6,20000,1
8008213,2024,7,20000,1
8008213,2024,10,20000,1
8008213,2024,11,10000,1
8008241,2022,3,210,1
8008241,2022,5,840,1
8008241,2022,11,1260,1
8008241,2023,1,210,1
8008241,2024,5,250,1
8008241,2024,6,250,1
8008241,2024,8,250,1
8008481,2022,10,15000,1
8008481,2024,12,15000,1
8009253,2023,2,2350,1
8009296,2023,10,10000,1
8009931,2023,8,50750,1
8009970,2023,8,4597,1
8009970,2023,10,1105.5,1
8009970,2023,10,2100,1
8009970,2023,11,50,1
8009970,2023,11,1000,1
8009970,2023,11,1500,1
8009970,2023,11,13730,1
8009970,2023,12,1500,1
8009970,2024,1,9600,1
8009970,2024,3,1500,1
8009970,2024,4,240,1
8009970,2024,5,1500,1
8009970,2024,6,2100,1
8009970,2024,6,4500,1
8009970,2024,8,6000,1
8009970,2024,9,1500,1
8009970,2024,9,2100,1
8009970,2024,9,10500,1
8009970,2024,11,6300,1
8009990,2023,10,19850,1
8009990,2023,11,8474.5,1
8009990,2024,12,10500,1
8009990,2024,12,37000,1
8009990,2024,12,191500,1
8010010,2024,1,400,2
8010010,2024,3,800,1
8010010,2024,4,200,1
8010010,2024,4,400,1
8010010,2024,5,400,1
8010010,2024,9,400,1
8010010,2024,11,400,2
8010979,2024,6,4600,2
8010979,2024,7,4600,1
8010981,2024,1,23500,1
8010989,2024,9,24750,1
8011020,2024,2,800,1
8011070,2024,5,8500,1
8011070,2024,8,8500,2
8011070,2024,9,8500,1
8011070,2024,10,8500,1
8011070,2024,12,8500,2
8011104,2024,7,163000.25,1
8011104,2024,7,308547.75,1
8011104,2024,8,9000.25,1
8011104,2024,9,226000.25,1
8011104,2024,12,4000.5,1
8011150,2024,9,3523.5,1
8011150,2024,10,243,3
8011150,2024,10,1944,3
8011150,2024,10,607.5,2
8011150,2024,10,729,2
8011150,2024,10,972,2
8011150,2024,10,9720,2
8011150,2024,10,486,1
8011150,2024,10,1093.5,1
8011150,2024,10,1215,1
8011150,2024,10,2430,1
8011150,2024,10,2673,1
8011150,2024,10,3402,1
8011150,2024,10,4131,1
8011150,2024,10,4860,1
8011150,2024,10,5103,1
8011150,2024,10,5346,1
8011150,2024,10,5467.5,1
8011150,2024,10,8140.5,1
8011150,2024,10,10935,1
8011150,2024,10,13365,1
8011150,2024,11,364.5,3
8011150,2024,11,7654.5,3
8011150,2024,11,243,2
8011150,2024,11,729,2
8011150,2024,11,1458,2
8011150,2024,11,1701,2
8011150,2024,11,2430,2
8011150,2024,11,3402,2
8011150,2024,11,4860,2
8011150,2024,11,4981.5,2
8011150,2024,11,850.5,1
8011150,2024,11,972,1
8011150,2024,11,1215,1
8011150,2024,11,1944,1
8011150,2024,11,2187,1
8011150,2024,11,3219.75,1
8011150,2024,11,3888,1
8011150,2024,11,4374,1
8011150,2024,11,4617,1
8011150,2024,11,5163.75,1
8011150,2024,11,5589,1
8011150,2024,11,5832,1
8011150,2024,11,6682.5,1
8011150,2024,11,7776,1
8011150,2024,11,11664,1
8011150,2024,11,14094,1
8011150,2024,11,27702,1
8011150,2024,12,972,3
8011150,2024,12,243,2
8011150,2024,12,2430,2
8011150,2024,12,3159,2
8011150,2024,12,3645,2
8011150,2024,12,4252.5,2
8011150,2024,12,607.5,1
8011150,2024,12,800,1
8011150,2024,12,1215,1
8011150,2024,12,1458,1
8011150,2024,12,2392,1
8011150,2024,12,3523.5,1
8011150,2024,12,4131,1
8011150,2024,12,4495.5,1
8011150,2024,12,5224.5,1
8011150,2024,12,5346,1
8011150,2024,12,5832,1
8011150,2024,12,5953.5,1
8011150,2024,12,6075,1
8011150,2024,12,6196.5,1
8011150,2024,12,6318,1
8011150,2024,12,6682.5,1
8011150,2024,12,7533,1
8011150,2024,12,9841.5,1
8011150,2024,12,10000,1
8011150,2024,12,11664,1
8011150,2024,12,12514.5,1
8011150,2024,12,17860.5,1
8011150,2024,12,25515,1
41013001,2022,1,170,435
41013001,2022,1,540,4
41013001,2022,1,200,3
41013001,2022,1,245,3
41013001,2022,1,160,1
41013001,2022,2,170,438
41013001,2022,2,245,5
41013001,2022,2,200,4
41013001,2022,2,540,4
41013001,2022,2,350,3
41013001,2022,2,160,2
41013001,2022,2,340,2
41013001,2022,3,170,572
41013001,2022,3,160,3
41013001,2022,3,200,3
41013001,2022,3,540,1
41013001,2022,4,170,418
41013001,2022,4,160,1
41013001,2022,4,245,1
41013001,2022,4,340,1
41013001,2022,4,350,1
41013001,2022,4,540,1
41013001,2022,5,170,433
41013001,2022,5,200,6
41013001,2022,5,245,2
41013001,2022,5,540,1
41013001,2022,6,170,494
41013001,2022,6,200,8
41013001,2022,6,160,6
41013001,2022,6,340,1
41013001,2022,7,170,602
41013001,2022,7,200,4
41013001,2022,7,160,1
41013001,2022,7,245,1
41013001,2022,7,350,1
41013001,2022,8,170,688
41013001,2022,8,200,3
41013001,2022,8,350,2
41013001,2022,8,540,1
41013001,2022,9,170,457
41013001,2022,9,340,3
41013001,2022,9,200,2
41013001,2022,9,160,1
41013001,2022,9,245,1
41013001,2022,10,170,398
41013001,2022,10,200,1
41013001,2022,10,245,1
41013001,2022,11,170,581
41013001,2022,11,540,3
41013001,2022,11,200,2
41013001,2022,11,160,1
41013001,2022,11,350,1
41013001,2022,12,170,549
41013001,2022,12,200,6
41013001,2022,12,340,4
41013001,2022,12,245,2
41013001,2022,12,160,1
41013001,2022,12,540,1
41013001,2023,1,170,628
41013001,2023,1,200,6
41013001,2023,1,1,3
41013001,2023,1,540,2
41013001,2023,1,160,1
41013001,2023,2,170,505
41013001,2023,2,200,9
41013001,2023,2,540,2
41013001,2023,3,170,494
41013001,2023,3,200,7
41013001,2023,3,160,2
41013001,2023,3,540,2
41013001,2023,3,245,1
41013001,2023,4,170,299
41013001,2023,4,200,10
41013001,2023,4,160,1
41013001,2023,5,170,503
41013001,2023,5,200,9
41013001,2023,5,245,3
41013001,2023,5,340,1
41013001,2023,6,170,501
41013001,2023,6,200,2
41013001,2023,7,170,385
41013001,2023,7,200,6
41013001,2023,7,245,1
41013001,2023,7,340,1
41013001,2023,8,170,200
41013001,2023,8,160,6
41013001,2023,8,200,3
41013001,2023,8,540,1
41013001,2023,9,170,177
41013001,2023,9,200,10
41013001,2023,9,160,1
41013001,2023,10,170,149
41013001,2023,10,200,4
41013001,2023,10,160,3
41013001,2023,10,540,2
41013001,2023,11,170,151
41013001,2023,11,200,3
41013001,2023,11,340,1
41013001,2023,11,350,1
41013001,2023,11,540,1
41013001,2023,12,170,232
41013001,2023,12,200,8
41013001,2024,1,170,1118
41013001,2024,1,200,21
41013001,2024,1,160,15
41013001,2024,2,170,1033
41013001,2024,2,160,35
41013001,2024,2,200,17
41013001,2024,2,245,4
41013001,2024,2,540,3
41013001,2024,3,170,503
41013001,2024,3,200,20
41013001,2024,3,160,9
41013001,2024,3,245,2
41013001,2024,3,340,1
41013001,2024,4,170,236
41013001,2024,4,160,4
41013001,2024,4,200,2
41013001,2024,5,170,216
41013001,2024,5,200,14
41013001,2024,5,160,5
41013001,2024,5,340,1
41013001,2024,6,170,173
41013001,2024,6,160,14
41013001,2024,6,200,3
41013001,2024,6,540,2
41013001,2024,6,340,1
41013001,2024,7,170,236
41013001,2024,7,160,12
41013001,2024,7,200,10
41013001,2024,7,540,4
41013001,2024,7,245,1
41013001,2024,7,350,1
41013001,2024,8,170,171
41013001,2024,8,160,8
41013001,2024,8,200,8
41013001,2024,9,170,195
41013001,2024,9,160,11
41013001,2024,9,200,4
41013001,2024,10,170,144
41013001,2024,10,160,10
41013001,2024,10,200,6
41013001,2024,10,340,1
41013001,2024,11,170,186
41013001,2024,11,200,16
41013001,2024,11,160,8
41013001,2024,11,340,1
41013001,2024,11,540,1
41013001,2024,12,170,370
41013001,2024,12,200,12
41013001,2024,12,160,5
41013001,2024,12,245,1
41013001,2024,12,340,1
41028001,2022,2,288.72,9
41028001,2022,2,1,1
41028001,2022,2,577.44,1
41028001,2022,3,288.72,11
41028001,2022,3,577.44,1
41028001,2022,4,288.72,8
41028001,2022,4,577.44,1
41028001,2022,5,288.72,5
41028001,2022,6,288.72,6
41028001,2022,6,577.44,3
41028001,2022,7,288.72,11
41028001,2022,7,577.44,3
41028001,2022,7,866.16,1
41028001,2022,8,288.72,18
41028001,2022,8,577.44,1
41028001,2022,9,288.72,8
41028001,2022,10,288.72,11
41028001,2022,10,577.44,1
41028001,2022,10,2021.04,1
41028001,2022,11,288.72,9
41028001,2022,11,309.84,1
41028001,2022,11,577.44,1
41028001,2022,11,619.68,1
41028001,2022,12,309.84,15
41028001,2022,12,619.68,2
41028001,2023,1,309.84,18
41028001,2023,1,619.68,1
41028001,2023,2,309.84,8
41028001,2023,2,929.52,1
41028001,2023,2,4647.6,1
41028001,2023,2,4957.44,1
41028001,2023,3,309.84,12
41028001,2023,3,929.52,2
41028001,2023,3,619.68,1
41028001,2023,3,5577.12,1
41028001,2023,4,312,7
41028001,2023,5,312,22
41028001,2023,5,624,1
41028001,2023,5,1872,1
41028001,2023,6,312,16
41028001,2023,6,624,3
41028001,2023,6,936,1
41028001,2023,7,312,21
41028001,2023,7,624,3
41028001,2023,7,936,1
41028001,2023,8,312,27
41028001,2023,8,624,3
41028001,2023,8,1248,1
41028001,2023,8,2808,1
41028001,2023,9,312,11
41028001,2023,9,936,2
41028001,2023,9,624,1
41028001,2023,9,3120,1
41028001,2023,10,321,5
41028001,2023,10,1926,1
41028001,2023,11,321,15
41028001,2023,11,642,4
41028001,2023,11,963,1
41028001,2023,12,321,10
41028001,2023,12,642,2
41028001,2024,1,321,17
41028001,2024,1,642,1
41028001,2024,2,321,13
41028001,2024,2,642,2
41028001,2024,2,963,2
41028001,2024,2,2889,1
41028001,2024,2,3210,1
41028001,2024,3,321,22
41028001,2024,3,642,5
41028001,2024,3,1284,1
41028001,2024,4,321,12
41028001,2024,4,642,1
41028001,2024,5,321,9
41028001,2024,5,642,3
41028001,2024,5,1926,2
41028001,2024,5,963,1
41028001,2024,6,321,19
41028001,2024,6,642,3
41028001,2024,6,963,1
41028001,2024,6,1605,1
41028001,2024,6,3852,1
41028001,2024,7,321,21
41028001,2024,7,642,3
41028001,2024,7,963,1
41028001,2024,7,1284,1
41028001,2024,7,8667,1
41028001,2024,8,321,15
41028001,2024,8,642,3
41028001,2024,8,963,2
41028001,2024,8,2247,1
41028001,2024,9,729,18
41028001,2024,9,1458,3
41028001,2024,9,2187,1
41028001,2024,9,2916,1
41028001,2024,10,729,12
41028001,2024,10,1458,1
41028001,2024,11,729,15
41028001,2024,11,1458,3
41028001,2024,12,729,18
41028001,2024,12,1458,1
41028001,2024,12,4374,1
41028001,2024,12,5832,1
41029001,2023,7,1,1
41029001,2023,10,141,1
41029001,2023,11,141,1
41029001,2023,11,282,1
41029001,2023,12,141,1
41029001,2024,2,141,2
41029001,2024,5,282,1
41029001,2024,11,141,1
41032001,2022,10,400,1
41032001,2022,11,400,2
41032001,2022,11,4320,1
41032001,2022,12,540,1
41032001,2022,12,3924,1
41032001,2023,1,400,4
41032001,2023,1,540,1
41032001,2023,1,5040,1
41032001,2023,2,400,2
41032001,2023,2,540,1
41032001,2023,2,639,1
41032001,2023,2,2961,1
41032001,2023,3,1728,1
41032001,2023,3,4560,1
41032001,2023,4,2304,1
41032001,2023,5,400,1
41032001,2023,6,400,1
41032001,2023,6,1719.9,1
41032001,2023,7,400,5
41032001,2023,7,799.92,1
41032001,2023,7,810,1
41032001,2023,8,400,3
41032001,2023,8,491.4,1
41032001,2023,8,522.6,1
41032001,2023,10,400,5
41032001,2023,10,417,1
41032001,2023,10,662.4,1
41032001,2023,11,400,4
41032001,2023,11,432,1
41032001,2023,11,2268,1
41032001,2023,12,400,1
41032001,2023,12,1353.6,1
41032001,2024,1,417,1
41032001,2024,1,4118.4,1
41032001,2024,2,403.65,1
41032001,2024,2,486.5,1
41032001,2024,2,499,1
41032001,2024,2,648.7,1
41032001,2024,2,2235.6,1
41032001,2024,2,5608.8,1
41032001,2024,2,7879.68,1
41032001,2024,3,400,3
41032001,2024,3,1944,1
41032001,2024,3,3736.8,1
41032001,2024,4,400,3
41032001,2024,4,540,1
41032001,2024,5,400,1
41032001,2024,5,1512,1
41032001,2024,6,400,1
41032001,2024,6,604.5,1
41032001,2024,6,9699.6,1
41032001,2024,7,400,13
41032001,2024,7,737.1,1
41032001,2024,7,1962,1
41032001,2024,7,3773.52,1
41032001,2024,7,7890.48,1
41032001,2024,8,400,3
41032001,2024,8,430.9,1
41032001,2024,8,548.4,1
41032001,2024,8,737.1,1
41032001,2024,8,1751.4,1
41032001,2024,8,1782,1
41032001,2024,8,2960.37,1
41032001,2024,8,3434.4,1
41032001,2024,9,400,3
41032001,2024,9,417,1
41032001,2024,9,428.4,1
41032001,2024,9,642.6,1
41032001,2024,10,400,2
41032001,2024,10,457.2,1
41032001,2024,10,1216.8,1
41032001,2024,10,4212,1
41032001,2024,11,400,2
41032001,2024,12,514.8,1
44433001,2023,2,400,1
44433001,2023,3,400,1
44433001,2023,4,4914.6,1
44433001,2023,5,400,1
44433001,2023,7,400,1
44433001,2023,12,400,5
44433001,2023,12,705,1
44433001,2023,12,1375,1
44433001,2023,12,2050,1
44433001,2023,12,2151.6,1
44433001,2024,1,400,2
44433001,2024,2,400,4
44433001,2024,2,1675,1
44433001,2024,2,1795,1
44433001,2024,3,400,1
44433001,2024,4,712.5,1
44433001,2024,5,564,1
44433001,2024,7,1807.5,1
44433001,2024,9,400,1
44433001,2024,9,4066.8,1
44433001,2024,11,477.6,1
44433001,2024,12,400,1
44433001,2024,12,696,1
44435001,2023,3,1100,9
44435001,2023,3,1600,4
44435001,2023,3,2100,2
44435001,2023,3,3200,2
44435001,2023,3,3700,1
44435001,2023,3,3800,1
44435001,2023,3,4300,1
44435001,2023,4,1100,40
44435001,2023,4,1600,7
44435001,2023,4,2700,3
44435001,2023,4,950,2
44435001,2023,4,2200,2
44435001,2023,4,3300,2
44435001,2023,4,4800,2
44435001,2023,4,2100,1
44435001,2023,4,3800,1
44435001,2023,4,6900,1
44435001,2023,5,1100,33
44435001,2023,5,1600,7
44435001,2023,5,2200,4
44435001,2023,5,3700,4
44435001,2023,5,950,2
44435001,2023,5,2700,2
44435001,2023,5,3200,2
44435001,2023,5,3800,2
44435001,2023,5,4300,2
44435001,2023,5,5300,2
44435001,2023,5,2100,1
44435001,2023,5,4400,1
44435001,2023,5,5400,1
44435001,2023,5,5900,1
44435001,2023,5,6900,1
44435001,2023,5,9000,1
44435001,2023,6,1100,20
44435001,2023,6,1600,6
44435001,2023,6,950,3
44435001,2023,6,3200,1
44435001,2023,6,3800,1
44435001,2023,6,4200,1
44435001,2023,6,4300,1
44435001,2023,6,5800,1
44435001,2023,6,5900,1
44435001,2023,6,7400,1
44435001,2023,6,9100,1
44435001,2023,7,1100,30
44435001,2023,7,950,8
44435001,2023,7,1600,3
44435001,2023,7,3200,2
44435001,2023,7,4800,2
44435001,2023,7,7500,2
44435001,2023,7,2200,1
44435001,2023,7,4900,1
44435001,2023,7,6400,1
44435001,2023,7,11100,1
44435001,2023,8,1100,40
44435001,2023,8,1600,4
44435001,2023,8,5500,4
44435001,2023,8,4300,3
44435001,2023,8,6000,3
44435001,2023,8,6500,3
44435001,2023,8,2200,2
44435001,2023,8,4900,2
44435001,2023,8,2700,1
44435001,2023,8,3200,1
44435001,2023,8,3700,1
44435001,2023,8,3800,1
44435001,2023,8,5400,1
44435001,2023,8,7600,1
44435001,2023,8,11500,1
44435001,2023,9,1100,19
44435001,2023,9,950,6
44435001,2023,9,2700,2
44435001,2023,9,5900,2
44435001,2023,9,1600,1
44435001,2023,9,3200,1
44435001,2023,9,9600,1
44435001,2023,10,1100,20
44435001,2023,10,1600,7
44435001,2023,10,950,3
44435001,2023,10,2200,3
44435001,2023,10,3800,1
44435001,2023,11,1100,42
44435001,2023,11,950,18
44435001,2023,11,1600,4
44435001,2023,11,3200,2
44435001,2023,11,2200,1
44435001,2023,12,1100,30
44435001,2023,12,950,6
44435001,2023,12,1600,6
44435001,2023,12,4800,2
44435001,2023,12,5300,2
44435001,2023,12,5900,2
44435001,2023,12,2100,1
44435001,2023,12,3200,1
44435001,2023,12,3700,1
44435001,2023,12,4200,1
44435001,2023,12,4900,1
44435001,2023,12,7000,1
44435001,2023,12,9000,1
44435001,2023,12,10900,1
44435001,2024,1,1100,33
44435001,2024,1,950,6
44435001,2024,1,1600,2
44435001,2024,1,2100,2
44435001,2024,1,2200,1
44435001,2024,1,2850,1
44435001,2024,1,3200,1
44435001,2024,2,1100,34
44435001,2024,2,950,23
44435001,2024,2,1600,7
44435001,2024,2,2700,2
44435001,2024,2,2100,1
44435001,2024,2,2850,1
44435001,2024,2,3800,1
44435001,2024,2,4300,1
44435001,2024,2,4800,1
44435001,2024,2,4900,1
44435001,2024,3,1150,31
44435001,2024,3,1000,7
44435001,2024,3,1700,4
44435001,2024,3,2300,2
44435001,2024,3,2850,2
44435001,2024,3,6250,2
44435001,2024,4,1150,24
44435001,2024,4,1000,9
44435001,2024,4,1700,3
44435001,2024,4,3400,2
44435001,2024,4,2000,1
44435001,2024,4,2300,1
44435001,2024,4,4500,1
44435001,2024,4,5700,1
44435001,2024,5,1150,27
44435001,2024,5,1700,14
44435001,2024,5,1000,6
44435001,2024,5,2850,1
44435001,2024,5,3350,1
44435001,2024,5,9600,1
44435001,2024,6,1150,22
44435001,2024,6,1700,9
44435001,2024,6,1000,8
44435001,2024,6,5750,2
44435001,2024,6,2200,1
44435001,2024,6,2300,1
44435001,2024,6,4550,1
44435001,2024,6,5600,1
44435001,2024,6,6300,1
44435001,2024,6,6850,1
44435001,2024,7,1150,31
44435001,2024,7,1700,6
44435001,2024,7,1000,3
44435001,2024,7,2300,3
44435001,2024,7,3400,2
44435001,2024,7,5750,2
44435001,2024,7,2000,1
44435001,2024,7,3450,1
44435001,2024,7,5150,1
44435001,2024,7,5700,1
44435001,2024,7,6800,1
44435001,2024,7,6850,1
44435001,2024,7,7300,1
44435001,2024,7,7400,1
44435001,2024,7,7950,1
44435001,2024,7,11400,1
44435001,2024,8,1150,39
44435001,2024,8,1000,13
44435001,2024,8,1700,6
44435001,2024,8,2850,3
44435001,2024,8,2300,1
44435001,2024,8,2700,1
44435001,2024,8,3350,1
44435001,2024,8,4400,1
44435001,2024,8,7900,1
44435001,2024,9,1150,27
44435001,2024,9,1700,13
44435001,2024,9,1000,7
44435001,2024,9,2850,2
44435001,2024,9,3400,2
44435001,2024,9,4550,2
44435001,2024,9,2150,1
44435001,2024,9,2200,1
44435001,2024,9,2300,1
44435001,2024,9,3350,1
44435001,2024,9,4000,1
44435001,2024,10,1150,19
44435001,2024,10,1700,11
44435001,2024,10,1000,4
44435001,2024,10,2300,3
44435001,2024,10,2200,1
44435001,2024,10,2850,1
44435001,2024,10,3400,1
44435001,2024,10,7400,1
44435001,2024,11,1150,23
44435001,2024,11,1700,9
44435001,2024,11,1000,3
44435001,2024,11,2000,1
44435001,2024,11,2200,1
44435001,2024,11,2300,1
44435001,2024,11,2850,1
44435001,2024,11,7950,1
44435001,2024,11,9150,1
44435001,2024,12,1150,48
44435001,2024,12,1000,15
44435001,2024,12,1700,5
44435001,2024,12,2850,2
44435001,2024,12,4600,2
44435001,2024,12,5700,2
44435001,2024,12,2000,1
44435001,2024,12,2200,1
44435001,2024,12,2300,1
44435001,2024,12,3000,1
44435001,2024,12,4000,1
44435001,2024,12,4550,1
44435001,2024,12,5150,1
44435001,2024,12,6300,1
44435001,2024,12,7300,1
44435001,2024,12,9650,1
44437001,2023,6,39,1
44437001,2023,7,450,62
44437001,2023,7,350,11
44437001,2023,7,650,7
44437001,2023,7,500,6
44437001,2023,7,700,5
44437001,2023,7,900,4
44437001,2023,7,235,3
44437001,2023,7,285,3
44437001,2023,7,1350,3
44437001,2023,7,1500,3
44437001,2023,7,470,2
44437001,2023,7,550,2
44437001,2023,7,1000,2
44437001,2023,7,475,1
44437001,2023,7,565,1
44437001,2023,7,575,1
44437001,2023,7,585,1
44437001,2023,7,600,1
44437001,2023,7,855,1
44437001,2023,7,940,1
44437001,2023,7,1050,1
44437001,2023,7,1335,1
44437001,2023,7,1520,1
44437001,2023,7,1525,1
44437001,2023,7,1635,1
44437001,2023,7,1800,1
44437001,2023,7,1985,1
44437001,2023,7,2100,1
44437001,2023,7,2155,1
44437001,2023,7,2605,1
44437001,2023,7,2620,1
44437001,2023,7,3000,1
44437001,2023,7,3600,1
44437001,2023,7,4200,1
44437001,2023,8,450,39
44437001,2023,8,350,9
44437001,2023,8,700,7
44437001,2023,8,470,5
44437001,2023,8,1500,5
44437001,2023,8,235,4
44437001,2023,8,285,4
44437001,2023,8,500,4
44437001,2023,8,650,3
44437001,2023,8,1050,3
44437001,2023,8,3300,3
44437001,2023,8,539,2
44437001,2023,8,565,2
44437001,2023,8,570,2
44437001,2023,8,940,2
44437001,2023,8,1000,2
44437001,2023,8,2100,2
44437001,2023,8,2700,2
44437001,2023,8,550,1
44437001,2023,8,705,1
44437001,2023,8,750,1
44437001,2023,8,825,1
44437001,2023,8,900,1
44437001,2023,8,935,1
44437001,2023,8,950,1
44437001,2023,8,1335,1
44437001,2023,8,1350,1
44437001,2023,8,1410,1
44437001,2023,8,1685,1
44437001,2023,8,1750,1
44437001,2023,8,1800,1
44437001,2023,8,1880,1
44437001,2023,8,1985,1
44437001,2023,8,2250,1
44437001,2023,8,2455,1
44437001,2023,8,3500,1
44437001,2023,8,5950,1
44437001,2023,9,450,37
44437001,2023,9,700,6
44437001,2023,9,350,4
44437001,2023,9,1500,4
44437001,2023,9,900,3
44437001,2023,9,1350,3
44437001,2023,9,1800,3
44437001,2023,9,500,2
44437001,2023,9,570,2
44437001,2023,9,940,2
44437001,2023,9,1750,2
44437001,2023,9,2920,2
44437001,2023,9,3300,2
44437001,2023,9,125,1
44437001,2023,9,235,1
44437001,2023,9,285,1
44437001,2023,9,470,1
44437001,2023,9,539,1
44437001,2023,9,615,1
44437001,2023,9,650,1
44437001,2023,9,695,1
44437001,2023,9,705,1
44437001,2023,9,750,1
44437001,2023,9,935,1
44437001,2023,9,1140,1
44437001,2023,9,1170,1
44437001,2023,9,1175,1
44437001,2023,9,1239,1
44437001,2023,9,1285,1
44437001,2023,9,1510,1
44437001,2023,9,1585,1
44437001,2023,9,1900,1
44437001,2023,9,2100,1
44437001,2023,9,2300,1
44437001,2023,9,2690,1
44437001,2023,9,3350,1
44437001,2023,10,450,11
44437001,2023,10,350,6
44437001,2023,10,285,5
44437001,2023,10,700,4
44437001,2023,10,900,3
44437001,2023,10,470,2
44437001,2023,10,705,2
44437001,2023,10,855,2
44437001,2023,10,1350,2
44437001,2023,10,565,1
44437001,2023,10,570,1
44437001,2023,10,635,1
44437001,2023,10,650,1
44437001,2023,10,1050,1
44437001,2023,10,1150,1
44437001,2023,10,1175,1
44437001,2023,10,1300,1
44437001,2023,10,2035,1
44437001,2023,10,3950,1
44437001,2023,11,450,43
44437001,2023,11,350,14
44437001,2023,11,700,9
44437001,2023,11,1500,9
44437001,2023,11,650,6
44437001,2023,11,235,5
44437001,2023,11,570,3
44437001,2023,11,1050,3
44437001,2023,11,470,2
44437001,2023,11,500,2
44437001,2023,11,935,2
44437001,2023,11,1400,2
44437001,2023,11,250,1
44437001,2023,11,285,1
44437001,2023,11,565,1
44437001,2023,11,585,1
44437001,2023,11,705,1
44437001,2023,11,820,1
44437001,2023,11,865,1
44437001,2023,11,900,1
44437001,2023,11,940,1
44437001,2023,11,1525,1
44437001,2023,11,1645,1
44437001,2023,11,1710,1
44437001,2023,11,1750,1
44437001,2023,11,1920,1
44437001,2023,11,2100,1
44437001,2023,11,2585,1
44437001,2023,11,4600,1
44437001,2023,12,450,40
44437001,2023,12,350,16
44437001,2023,12,1500,7
44437001,2023,12,235,6
44437001,2023,12,700,6
44437001,2023,12,585,5
44437001,2023,12,900,4
44437001,2023,12,2100,4
44437001,2023,12,250,2
44437001,2023,12,500,2
44437001,2023,12,940,2
44437001,2023,12,1050,2
44437001,2023,12,1750,2
44437001,2023,12,470,1
44437001,2023,12,475,1
44437001,2023,12,570,1
44437001,2023,12,650,1
44437001,2023,12,705,1
44437001,2023,12,750,1
44437001,2023,12,820,1
44437001,2023,12,1039,1
44437001,2023,12,1140,1
44437001,2023,12,1209,1
44437001,2023,12,1335,1
44437001,2023,12,1400,1
44437001,2023,12,1850,1
44437001,2023,12,2000,1
44437001,2023,12,2500,1
44437001,2023,12,3135,1
44437001,2024,1,450,53
44437001,2024,1,235,9
44437001,2024,1,350,8
44437001,2024,1,700,7
44437001,2024,1,1700,6
44437001,2024,1,570,4
44437001,2024,1,650,3
44437001,2024,1,285,2
44437001,2024,1,940,2
44437001,2024,1,1050,2
44437001,2024,1,1400,2
44437001,2024,1,1410,2
44437001,2024,1,1500,2
44437001,2024,1,250,1
44437001,2024,1,360,1
44437001,2024,1,470,1
44437001,2024,1,500,1
44437001,2024,1,615,1
44437001,2024,1,705,1
44437001,2024,1,820,1
44437001,2024,1,850,1
44437001,2024,1,900,1
44437001,2024,1,1140,1
44437001,2024,1,1150,1
44437001,2024,1,1175,1
44437001,2024,1,1570,1
44437001,2024,1,1645,1
44437001,2024,1,1685,1
44437001,2024,1,1800,1
44437001,2024,1,1870,1
44437001,2024,1,2250,1
44437001,2024,1,2280,1
44437001,2024,1,2300,1
44437001,2024,1,2350,1
44437001,2024,1,2375,1
44437001,2024,1,2800,1
44437001,2024,1,3200,1
44437001,2024,1,3300,1
44437001,2024,1,3705,1
44437001,2024,1,3990,1
44437001,2024,1,5130,1
44437001,2024,1,5985,1
44437001,2024,2,450,50
44437001,2024,2,1700,9
44437001,2024,2,500,7
44437001,2024,2,235,6
44437001,2024,2,350,6
44437001,2024,2,650,6
44437001,2024,2,900,6
44437001,2024,2,700,4
44437001,2024,2,285,2
44437001,2024,2,470,2
44437001,2024,2,475,2
44437001,2024,2,600,2
44437001,2024,2,705,2
44437001,2024,2,1170,2
44437001,2024,2,250,1
44437001,2024,2,520,1
44437001,2024,2,565,1
44437001,2024,2,570,1
44437001,2024,2,575,1
44437001,2024,2,625,1
44437001,2024,2,750,1
44437001,2024,2,935,1
44437001,2024,2,1050,1
44437001,2024,2,1055,1
44437001,2024,2,1300,1
44437001,2024,2,1350,1
44437001,2024,2,1410,1
44437001,2024,2,1520,1
44437001,2024,2,1710,1
44437001,2024,2,1880,1
44437001,2024,2,2000,1
44437001,2024,2,2250,1
44437001,2024,2,2400,1
44437001,2024,2,2850,1
44437001,2024,2,3500,1
44437001,2024,2,3800,1
44437001,2024,3,450,45
44437001,2024,3,700,11
44437001,2024,3,350,10
44437001,2024,3,900,6
44437001,2024,3,1350,4
44437001,2024,3,1700,4
44437001,2024,3,125,3
44437001,2024,3,235,3
44437001,2024,3,650,3
44437001,2024,3,3100,3
44437001,2024,3,470,2
44437001,2024,3,570,2
44437001,2024,3,1400,2
44437001,2024,3,1410,2
44437001,2024,3,475,1
44437001,2024,3,500,1
44437001,2024,3,635,1
44437001,2024,3,705,1
44437001,2024,3,825,1
44437001,2024,3,855,1
44437001,2024,3,940,1
44437001,2024,3,950,1
44437001,2024,3,985,1
44437001,2024,3,1000,1
44437001,2024,3,1040,1
44437001,2024,3,1050,1
44437001,2024,3,1150,1
44437001,2024,3,1335,1
44437001,2024,3,1520,1
44437001,2024,3,1635,1
44437001,2024,3,1685,1
44437001,2024,3,1750,1
44437001,2024,3,1800,1
44437001,2024,3,1850,1
44437001,2024,3,2100,1
44437001,2024,3,2400,1
44437001,2024,3,2685,1
44437001,2024,3,2735,1
44437001,2024,3,3850,1
44437001,2024,3,5500,1
44437001,2024,4,450,33
44437001,2024,4,350,8
44437001,2024,4,700,5
44437001,2024,4,1700,4
44437001,2024,4,470,3
44437001,2024,4,235,2
44437001,2024,4,500,2
44437001,2024,4,855,2
44437001,2024,4,1350,2
44437001,2024,4,2400,2
44437001,2024,4,250,1
44437001,2024,4,285,1
44437001,2024,4,520,1
44437001,2024,4,570,1
44437001,2024,4,630,1
44437001,2024,4,650,1
44437001,2024,4,760,1
44437001,2024,4,900,1
44437001,2024,4,920,1
44437001,2024,4,940,1
44437001,2024,4,1000,1
44437001,2024,4,1055,1
44437001,2024,4,1175,1
44437001,2024,4,1335,1
44437001,2024,4,1620,1
44437001,2024,4,1635,1
44437001,2024,4,1880,1
44437001,2024,4,1995,1
44437001,2024,4,2165,1
44437001,2024,4,2450,1
44437001,2024,4,2570,1
44437001,2024,4,3800,1
44437001,2024,4,4935,1
44437001,2024,4,7255,1
44437001,2024,5,450,34
44437001,2024,5,350,10
44437001,2024,5,235,8
44437001,2024,5,700,7
44437001,2024,5,1700,7
44437001,2024,5,500,6
44437001,2024,5,650,5
44437001,2024,5,900,5
44437001,2024,5,1050,5
44437001,2024,5,470,3
44437001,2024,5,475,2
44437001,2024,5,805,2
44437001,2024,5,1140,2
44437001,2024,5,1350,2
44437001,2024,5,1400,2
44437001,2024,5,1410,2
44437001,2024,5,3100,2
44437001,2024,5,125,1
44437001,2024,5,285,1
44437001,2024,5,289,1
44437001,2024,5,585,1
44437001,2024,5,705,1
44437001,2024,5,920,1
44437001,2024,5,940,1
44437001,2024,5,1175,1
44437001,2024,5,1285,1
44437001,2024,5,1520,1
44437001,2024,5,1585,1
44437001,2024,5,1710,1
44437001,2024,5,1750,1
44437001,2024,5,1800,1
44437001,2024,5,1985,1
44437001,2024,5,1995,1
44437001,2024,5,2250,1
44437001,2024,5,2850,1
44437001,2024,5,3270,1
44437001,2024,5,4500,1
44437001,2024,5,5130,1
44437001,2024,6,450,37
44437001,2024,6,350,10
44437001,2024,6,235,7
44437001,2024,6,700,6
44437001,2024,6,1700,6
44437001,2024,6,500,5
44437001,2024,6,900,4
44437001,2024,6,470,2
44437001,2024,6,475,2
44437001,2024,6,1050,2
44437001,2024,6,1175,2
44437001,2024,6,1400,2
44437001,2024,6,580,1
44437001,2024,6,585,1
44437001,2024,6,630,1
44437001,2024,6,650,1
44437001,2024,6,820,1
44437001,2024,6,855,1
44437001,2024,6,935,1
44437001,2024,6,940,1
44437001,2024,6,990,1
44437001,2024,6,1000,1
44437001,2024,6,1350,1
44437001,2024,6,1410,1
44437001,2024,6,1520,1
44437001,2024,6,2080,1
44437001,2024,6,2400,1
44437001,2024,6,2750,1
44437001,2024,6,4050,1
44437001,2024,7,450,51
44437001,2024,7,700,11
44437001,2024,7,235,6
44437001,2024,7,350,5
44437001,2024,7,900,4
44437001,2024,7,570,3
44437001,2024,7,650,3
44437001,2024,7,1700,3
44437001,2024,7,1800,3
44437001,2024,7,125,2
44437001,2024,7,285,2
44437001,2024,7,475,2
44437001,2024,7,585,2
44437001,2024,7,825,2
44437001,2024,7,855,2
44437001,2024,7,1350,2
44437001,2024,7,1400,2
44437001,2024,7,2400,2
44437001,2024,7,3150,2
44437001,2024,7,470,1
44437001,2024,7,500,1
44437001,2024,7,550,1
44437001,2024,7,589,1
44437001,2024,7,635,1
44437001,2024,7,750,1
44437001,2024,7,830,1
44437001,2024,7,950,1
44437001,2024,7,1000,1
44437001,2024,7,1050,1
44437001,2024,7,1175,1
44437001,2024,7,1290,1
44437001,2024,7,1335,1
44437001,2024,7,1500,1
44437001,2024,7,1620,1
44437001,2024,7,1685,1
44437001,2024,7,1750,1
44437001,2024,7,1880,1
44437001,2024,7,1930,1
44437001,2024,7,1950,1
44437001,2024,7,2100,1
44437001,2024,7,2335,1
44437001,2024,7,2565,1
44437001,2024,7,2600,1
44437001,2024,8,450,31
44437001,2024,8,350,12
44437001,2024,8,1700,10
44437001,2024,8,705,6
44437001,2024,8,235,5
44437001,2024,8,700,5
44437001,2024,8,650,3
44437001,2024,8,1350,3
44437001,2024,8,470,2
44437001,2024,8,500,2
44437001,2024,8,900,2
44437001,2024,8,1050,2
44437001,2024,8,1175,2
44437001,2024,8,1285,2
44437001,2024,8,2700,2
44437001,2024,8,585,1
44437001,2024,8,780,1
44437001,2024,8,789,1
44437001,2024,8,820,1
44437001,2024,8,825,1
44437001,2024,8,940,1
44437001,2024,8,1180,1
44437001,2024,8,1400,1
44437001,2024,8,1410,1
44437001,2024,8,1750,1
44437001,2024,8,1800,1
44437001,2024,8,2100,1
44437001,2024,8,2250,1
44437001,2024,8,2400,1
44437001,2024,8,3750,1
44437001,2024,8,3800,1
44437001,2024,9,450,47
44437001,2024,9,700,11
44437001,2024,9,350,9
44437001,2024,9,235,7
44437001,2024,9,1700,7
44437001,2024,9,650,6
44437001,2024,9,900,6
44437001,2024,9,470,4
44437001,2024,9,585,3
44437001,2024,9,1050,3
44437001,2024,9,1350,3
44437001,2024,9,1400,3
44437001,2024,9,125,2
44437001,2024,9,500,2
44437001,2024,9,1750,2
44437001,2024,9,2400,2
44437001,2024,9,475,1
44437001,2024,9,550,1
44437001,2024,9,705,1
44437001,2024,9,750,1
44437001,2024,9,940,1
44437001,2024,9,1170,1
44437001,2024,9,1175,1
44437001,2024,9,1410,1
44437001,2024,9,1580,1
44437001,2024,9,1635,1
44437001,2024,9,1645,1
44437001,2024,9,1880,1
44437001,2024,9,1950,1
44437001,2024,9,2050,1
44437001,2024,9,2105,1
44437001,2024,9,2335,1
44437001,2024,9,2435,1
44437001,2024,9,2700,1
44437001,2024,9,3250,1
44437001,2024,9,5250,1
44437001,2024,9,5730,1
44437001,2024,9,6335,1
44437001,2024,9,12950,1
44437001,2024,10,450,27
44437001,2024,10,350,7
44437001,2024,10,2400,5
44437001,2024,10,700,4
44437001,2024,10,1700,4
44437001,2024,10,650,3
44437001,2024,10,900,3
44437001,2024,10,1050,3
44437001,2024,10,1800,3
44437001,2024,10,1350,2
44437001,2024,10,1400,2
44437001,2024,10,235,1
44437001,2024,10,470,1
44437001,2024,10,475,1
44437001,2024,10,630,1
44437001,2024,10,705,1
44437001,2024,10,935,1
44437001,2024,10,1175,1
44437001,2024,10,1300,1
44437001,2024,10,1450,1
44437001,2024,10,1645,1
44437001,2024,10,1950,1
44437001,2024,10,2335,1
44437001,2024,10,2570,1
44437001,2024,10,5600,1
44437001,2024,11,450,39
44437001,2024,11,350,12
44437001,2024,11,700,7
44437001,2024,11,900,6
44437001,2024,11,235,4
44437001,2024,11,650,4
44437001,2024,11,470,2
44437001,2024,11,705,2
44437001,2024,11,940,2
44437001,2024,11,950,2
44437001,2024,11,1350,2
44437001,2024,11,1525,2
44437001,2024,11,1700,2
44437001,2024,11,250,1
44437001,2024,11,475,1
44437001,2024,11,500,1
44437001,2024,11,585,1
44437001,2024,11,750,1
44437001,2024,11,935,1
44437001,2024,11,989,1
44437001,2024,11,1050,1
44437001,2024,11,1400,1
44437001,2024,11,1425,1
44437001,2024,11,1475,1
44437001,2024,11,1645,1
44437001,2024,11,1800,1
44437001,2024,11,2250,1
44437001,2024,11,2400,1
44437001,2024,11,2700,1
44437001,2024,11,3100,1
44437001,2024,11,3150,1
44437001,2024,11,3500,1
44437001,2024,11,8400,1
44437001,2024,12,450,63
44437001,2024,12,700,13
44437001,2024,12,350,9
44437001,2024,12,1700,8
44437001,2024,12,650,7
44437001,2024,12,705,5
44437001,2024,12,500,4
44437001,2024,12,1000,4
44437001,2024,12,235,3
44437001,2024,12,1050,3
44437001,2024,12,125,2
44437001,2024,12,470,2
44437001,2024,12,900,2
44437001,2024,12,950,2
44437001,2024,12,1400,2
44437001,2024,12,250,1
44437001,2024,12,475,1
44437001,2024,12,575,1
44437001,2024,12,580,1
44437001,2024,12,589,1
44437001,2024,12,800,1
44437001,2024,12,1055,1
44437001,2024,12,1750,1
44437001,2024,12,1755,1
44437001,2024,12,1800,1
44437001,2024,12,1850,1
44437001,2024,12,1950,1
44437001,2024,12,2250,1
44437001,2024,12,2400,1
44437001,2024,12,7000,1
44439001,2023,6,300,1
44439001,2023,7,600,1
44439001,2023,8,900,2
44439001,2023,9,900,1
44439001,2023,9,1800,1
44439001,2023,10,600,1
44439001,2024,1,900,2
44439001,2024,2,300,1
44439001,2024,2,1200,1
44439001,2024,2,3600,1
44439001,2024,3,300,2
44439001,2024,3,900,1
44439001,2024,4,2700,2
44439001,2024,4,600,1
44439001,2024,5,900,1
44439001,2024,5,2400,1
44439001,2024,6,3120,1
44439001,2024,7,300,1
44439001,2024,7,4160,1
44439001,2024,8,5720,1
44439001,2024,9,300,1
44439001,2024,9,4680,1
44439001,2024,10,4420,1
44439001,2024,11,300,2
44439001,2024,11,600,1
44439001,2024,11,4940,1
44439001,2024,12,300,2
44439001,2024,12,5200,1
44442001,2023,9,500,1
44444001,2024,1,54,4
44444001,2024,1,50,2
44444001,2024,1,119,2
44444001,2024,1,32,1
44444001,2024,1,52,1
44444001,2024,1,57,1
44444001,2024,1,81,1
44444001,2024,1,95,1
44444001,2024,1,97,1
44444001,2024,1,101,1
44444001,2024,1,104,1
44444001,2024,1,111,1
44444001,2024,1,123,1
44444001,2024,1,137,1
44444001,2024,1,138,1
44444001,2024,1,139,1
44444001,2024,1,173,1
44444001,2024,1,177,1
44444001,2024,1,191,1
44444001,2024,1,200,1
44444001,2024,1,202,1
44444001,2024,1,247,1
44444001,2024,1,347,1
44444001,2024,1,1054,1
44444001,2024,1,1145,1
44444001,2024,2,94,3
44444001,2024,2,24,1
44444001,2024,2,32,1
44444001,2024,2,54,1
44444001,2024,2,56,1
44444001,2024,2,64,1
44444001,2024,2,65,1
44444001,2024,2,71,1
44444001,2024,2,72,1
44444001,2024,2,81,1
44444001,2024,2,93,1
44444001,2024,2,97,1
44444001,2024,2,103,1
44444001,2024,2,108,1
44444001,2024,2,119,1
44444001,2024,2,165,1
44444001,2024,2,169,1
44444001,2024,2,173,1
44444001,2024,2,1065,1
44444001,2024,2,1984,1
44444001,2024,3,32,2
44444001,2024,3,71,2
44444001,2024,3,33,1
44444001,2024,3,64,1
44444001,2024,3,93,1
44444001,2024,3,97,1
44444001,2024,3,119,1
44444001,2024,3,140,1
44444001,2024,3,148,1
44444001,2024,3,270,1
44444001,2024,4,25.6,3
44444001,2024,4,46,1
44444001,2024,4,73.2,1
44444001,2024,4,95.2,1
44444001,2024,4,106.4,1
44444001,2024,4,113.6,1
44444001,2024,4,127.6,1
44444001,2024,4,131,1
44444001,2024,4,142.8,1
44444001,2024,4,143,1
44444001,2024,4,196.4,1
44444001,2024,4,250.8,1
44444001,2024,4,280,1
44444001,2024,4,293.6,1
44444001,2024,4,389,1
44444001,2024,4,560,1
44444001,2024,4,800,1
44444001,2024,4,839,1
44444001,2024,4,2080,1
44444001,2024,5,25.6,1
44444001,2024,5,26.4,1
44444001,2024,5,32,1
44444001,2024,5,51.2,1
44444001,2024,5,52,1
44444001,2024,5,54,1
44444001,2024,5,55,1
44444001,2024,5,64,1
44444001,2024,5,72,1
44444001,2024,5,80.6,1
44444001,2024,5,93,1
44444001,2024,5,96,1
44444001,2024,5,104,1
44444001,2024,5,114,1
44444001,2024,5,116,1
44444001,2024,5,121.6,1
44444001,2024,5,135,1
44444001,2024,5,139.6,1
44444001,2024,5,158,1
44444001,2024,5,168.6,1
44444001,2024,5,174,1
44444001,2024,5,304.2,1
44444001,2024,5,309,1
44444001,2024,5,389,1
44444001,2024,5,405,1
44444001,2024,5,808,1
44444001,2024,5,896,1
44444001,2024,5,1132,1
44444001,2024,5,1472,1
44444001,2024,5,2680,1
44444001,2024,6,122,2
44444001,2024,6,33,1
44444001,2024,6,54,1
44444001,2024,6,64,1
44444001,2024,6,72,1
44444001,2024,6,85,1
44444001,2024,6,94,1
44444001,2024,6,96,1
44444001,2024,6,106,1
44444001,2024,6,108,1
44444001,2024,6,130,1
44444001,2024,6,135,1
44444001,2024,6,142,1
44444001,2024,6,145,1
44444001,2024,6,147,1
44444001,2024,6,169,1
44444001,2024,6,174,1
44444001,2024,6,195,1
44444001,2024,6,204,1
44444001,2024,6,390,1
44444001,2024,6,651,1
44444001,2024,6,803,1
44444001,2024,6,1000,1
44444001,2024,7,126,5
44444001,2024,7,93,4
44444001,2024,7,32,2
44444001,2024,7,57,2
44444001,2024,7,71,2
44444001,2024,7,33,1
44444001,2024,7,35,1
44444001,2024,7,49,1
44444001,2024,7,60,1
44444001,2024,7,66,1
44444001,2024,7,72,1
44444001,2024,7,87,1
44444001,2024,7,92,1
44444001,2024,7,123,1
44444001,2024,7,135,1
44444001,2024,7,137,1
44444001,2024,7,148,1
44444001,2024,7,162,1
44444001,2024,7,167,1
44444001,2024,7,190,1
44444001,2024,7,192,1
44444001,2024,7,195,1
44444001,2024,7,213,1
44444001,2024,7,243,1
44444001,2024,7,254,1
44444001,2024,7,260,1
44444001,2024,7,440,1
44444001,2024,7,665,1
44444001,2024,7,1005.6,1
44444001,2024,7,1050,1
44444001,2024,8,71,2
44444001,2024,8,94,2
44444001,2024,8,108,2
44444001,2024,8,113,2
44444001,2024,8,32,1
44444001,2024,8,33,1
44444001,2024,8,55,1
44444001,2024,8,72,1
44444001,2024,8,87,1
44444001,2024,8,93,1
44444001,2024,8,96,1
44444001,2024,8,99,1
44444001,2024,8,101,1
44444001,2024,8,130,1
44444001,2024,8,131,1
44444001,2024,8,139,1
44444001,2024,8,226,1
44444001,2024,8,290,1
44444001,2024,8,296,1
44444001,2024,8,720,1
44444001,2024,8,1039,1
44444001,2024,8,5082,1
44444001,2024,9,65,2
44444001,2024,9,32,1
44444001,2024,9,33,1
44444001,2024,9,54,1
44444001,2024,9,71,1
44444001,2024,9,81,1
44444001,2024,9,85,1
44444001,2024,9,97,1
44444001,2024,9,98,1
44444001,2024,9,103,1
44444001,2024,9,131,1
44444001,2024,9,149,1
44444001,2024,9,162,1
44444001,2024,9,237,1
44444001,2024,9,326,1
44444001,2024,9,471,1
44444001,2024,9,717,1
44444001,2024,9,1286,1
44444001,2024,9,4440,1
44444001,2024,10,299,2
44444001,2024,10,46,1
44444001,2024,10,49,1
44444001,2024,10,57,1
44444001,2024,10,58,1
44444001,2024,10,65,1
44444001,2024,10,71,1
44444001,2024,10,108,1
44444001,2024,10,110,1
44444001,2024,10,132,1
44444001,2024,10,144,1
44444001,2024,10,145,1
44444001,2024,10,167,1
44444001,2024,10,183,1
44444001,2024,10,256,1
44444001,2024,10,271,1
44444001,2024,10,287,1
44444001,2024,10,304,1
44444001,2024,10,2948,1
44444001,2024,10,3660,1
44444001,2024,11,24,1
44444001,2024,11,32,1
44444001,2024,11,46,1
44444001,2024,11,52,1
44444001,2024,11,55,1
44444001,2024,11,59,1
44444001,2024,11,65,1
44444001,2024,11,66,1
44444001,2024,11,87,1
44444001,2024,11,88,1
44444001,2024,11,103,1
44444001,2024,11,108,1
44444001,2024,11,109,1
44444001,2024,11,119,1
44444001,2024,11,133,1
44444001,2024,11,148,1
44444001,2024,11,153,1
44444001,2024,11,161,1
44444001,2024,11,167,1
44444001,2024,11,190,1
44444001,2024,11,256,1
44444001,2024,11,266,1
44444001,2024,11,324,1
44444001,2024,11,363,1
44444001,2024,11,671,1
44444001,2024,11,672,1
44444001,2024,11,1275,1
44444001,2024,11,1488,1
44444001,2024,11,2816,1
44444001,2024,12,33,2
44444001,2024,12,71,2
44444001,2024,12,134,2
44444001,2024,12,20,1
44444001,2024,12,32,1
44444001,2024,12,54,1
44444001,2024,12,64,1
44444001,2024,12,72,1
44444001,2024,12,87,1
44444001,2024,12,89,1
44444001,2024,12,103,1
44444001,2024,12,108,1
44444001,2024,12,116,1
44444001,2024,12,126,1
44444001,2024,12,138,1
44444001,2024,12,162,1
44444001,2024,12,178,1
44444001,2024,12,311,1
44444001,2024,12,2163.2,1
44444001,2024,12,2706,1
72160101,2022,1,103,4
72160101,2022,2,103,4
72160101,2022,3,103,3
72160101,2022,5,103,1
72160101,2022,6,103,4
72160101,2022,7,103,16
72160101,2022,8,103,35
72160101,2022,9,103,12
72160101,2022,10,103,1
72160101,2022,11,103,3
72160101,2022,12,103,4
72160101,2023,1,111,8
72160101,2023,2,111,7
72160101,2023,3,111,6
72160101,2023,4,111,10
72160101,2023,5,111,7
72160101,2023,6,111,6
72160101,2023,7,111,19
72160101,2023,8,111,46
72160101,2023,9,111,16
72160101,2023,10,111,2
72160101,2023,11,111,7
72160101,2023,12,111,1
72160101,2024,2,111,5
72160101,2024,3,111,9
72160101,2024,4,111,11
72160101,2024,5,111,6
72160101,2024,6,111,6
72160101,2024,7,111,13
72160101,2024,8,111,11
72160101,2024,9,111,84
72160101,2024,10,111,5
72160101,2024,11,111,16
72160101,2024,12,111,9
72160102,2022,5,288.72,1
72160102,2022,7,288.72,2
72160102,2023,1,309.84,1
72160102,2023,8,312,5
72160103,2023,1,103.28,3
72160103,2023,2,103.28,3
72160103,2023,3,103.28,3
72160103,2023,5,104,38
72160103,2023,6,104,18
72160103,2023,7,104,66
72160103,2023,8,104,13
72160103,2023,9,104,3
72160103,2023,12,107,3
72160103,2024,1,107,4
72160103,2024,2,856,1
72160103,2024,3,107,2
72160103,2024,4,107,2
72160103,2024,5,107,1
72160103,2024,10,243,1
72160103,2024,11,243,1
72160104,2023,8,10,79
72160104,2023,11,650,1
72160104,2023,12,10,1
72160104,2023,12,260,1
72160104,2024,2,290,1
72160104,2024,2,820,1
72160104,2024,5,1925,1
72160104,2024,8,1199,1
